Keyword,URL,Search Intents,SERP Features,Search Volume,Keyword Difficulty,CPC,Position,Organic Traffic,Competition,Competition Level,Results,SERP Updated At,Backlinks,Dofollow,Referring Domains,Referring Main Domains,Referring Pages,Avg Main Domain Rank,Avg Rank,Avg Referring Domains,Avg Referring Main Domains,Avg Backlinks,Avg Dofollow,Low Top Of Page Bid,High Top Of Page Bid
ontario window tint laws 2025,https://mrtint.ca/ontariowindowtintinglaw/,commercial,"ai_overview,people_also_ask,related_searches,images",70,0,,81,0,0.02,LOW,86400,2025-12-02 04:10:05 +00:00,,,,,,301.90,37.70,2.30,2.30,3.00,2.20,,
house tinted windows,https://mrtint.ca/residential-tinting/,"commercial,navigational","people_also_ask,popular_products,local_pack,video,related_searches,images",320,6,2.10,82,0,0.99,HIGH,15700000,2025-11-23 18:47:01 +00:00,,,,,,458.30,91.70,43.30,43.20,97.30,70.60,0.52,4.04
window tint burlington ontario,https://mrtint.ca/pricing/,"commercial,navigational","local_pack,related_searches",170,9,4.51,82,0,0.90,HIGH,263000,2025-11-25 14:00:36 +00:00,3.00,1.00,3.00,3.00,3.00,449.50,107.80,7.30,7.00,1687.00,832.40,1.39,5.59
black tint,https://mrtint.ca/pricing/,"commercial,transactional","popular_products,people_also_ask,images,related_searches,third_party_reviews,google_reviews,knowledge_graph",140,0,1.16,82,0,0.42,MEDIUM,195000000,2025-11-27 19:01:23 +00:00,3.00,1.00,3.00,3.00,3.00,404.80,10.70,0.90,0.70,1.20,1.00,0.73,3.63
window tint milton,https://mrtint.ca/,"commercial,transactional","local_pack,people_also_ask,related_searches,images",90,0,4.82,82,0,0.98,HIGH,734000,2025-12-20 16:12:25 +00:00,409.00,363.00,107.00,94.00,397.00,159.80,2.80,0.10,0.10,0.10,0.10,1.16,3.56
is window tinting legal in ontario,https://mrtint.ca/ontariowindowtintinglaw/,"commercial,navigational,informational","ai_overview,people_also_ask,discussions_and_forums,related_searches",70,0,,82,0,0.00,LOW,99600,2025-12-02 11:59:15 +00:00,,,,,,434.90,31.50,2.10,2.10,2.80,2.00,,
smoked windows,https://mrtint.ca/,commercial,"people_also_ask,related_searches,knowledge_graph,images",50,0,,82,0,0.04,LOW,18100000,2025-10-28 08:48:03 +00:00,409.00,363.00,107.00,94.00,397.00,337.80,49.50,66.30,63.10,170.70,136.60,,
truck tint,https://mrtint.ca/,"commercial,navigational","local_pack,people_also_ask,popular_products,images,video,related_searches",50,0,3.56,82,0,0.91,HIGH,24500000,2025-10-28 22:53:09 +00:00,409.00,363.00,107.00,94.00,397.00,273.50,30.90,16.00,15.80,22.10,8.30,0.89,3.26
windows tint spray,https://mrtint.ca/ontariowindowtintinglaw/,transactional,"video,popular_products,people_also_ask,related_searches,images",50,0,0.70,82,0,1.00,HIGH,4220000,2025-10-01 19:04:19 +00:00,,,,,,573.60,15.40,1.10,1.10,4.40,4.40,0.32,1.04
tints brampton,https://mrtint.ca/,navigational,"local_pack,people_also_ask,related_searches,images",320,0,2.33,83,0,0.80,HIGH,98000,2025-12-13 03:09:32 +00:00,409.00,363.00,107.00,94.00,397.00,224.30,76.90,20.20,19.10,48.10,40.20,0.64,3.14
car tint cambridge,https://mrtint.ca/,"commercial,navigational","people_also_ask,related_searches,google_reviews,knowledge_graph,images",170,0,3.23,83,0,0.87,HIGH,1110000,2025-12-18 12:31:32 +00:00,409.00,363.00,107.00,94.00,397.00,190.30,49.80,28.60,28.20,44.80,36.20,0.74,3.03
auto tinting whitby,https://mrtint.ca/,"navigational,commercial","local_pack,people_also_ask,people_also_search,related_searches",140,0,2.02,83,0,0.85,HIGH,201000,2025-11-27 21:02:57 +00:00,409.00,363.00,107.00,94.00,397.00,372.80,25.50,13.50,13.30,21.10,11.30,0.83,1.97
window tinting oakville,https://mrtint.ca/,"commercial,navigational","local_pack,people_also_ask,related_searches,images",140,0,4.08,83,0,1.00,HIGH,225000,2025-12-19 09:18:17 +00:00,409.00,363.00,107.00,94.00,397.00,300.80,46.00,9.10,8.90,13.90,9.50,1.49,4.78
car tint supplies,https://mrtint.ca/,"transactional,navigational","local_pack,related_searches,images",90,0,3.06,83,0,1.00,HIGH,14300000,2025-12-15 00:51:28 +00:00,409.00,363.00,107.00,94.00,397.00,328.70,70.50,33.00,32.30,52.60,28.30,0.90,3.09
car tinting milton,https://mrtint.ca/,"commercial,navigational","local_pack,related_searches,images",90,0,4.82,83,0,0.98,HIGH,272000,2025-11-29 04:41:00 +00:00,409.00,363.00,107.00,94.00,397.00,165.70,18.30,5.00,4.80,7.30,5.30,1.16,3.56
car tint mississauga,https://mrtint.ca/,"commercial,navigational","local_pack,people_also_ask,people_also_search,related_searches,images",590,0,2.60,84,1,0.58,MEDIUM,374000,2025-11-20 07:06:34 +00:00,409.00,363.00,107.00,94.00,397.00,215.30,82.10,28.90,27.30,69.60,58.60,0.95,3.27
window tint london,https://mrtint.ca/,"navigational,commercial","local_pack,people_also_ask,people_also_search,related_searches,images",90,0,2.62,84,0,0.49,MEDIUM,9260000,2025-11-29 00:07:08 +00:00,409.00,363.00,107.00,94.00,397.00,167.30,54.00,20.20,19.40,28.50,15.70,1.01,2.63
window tint waterloo,https://mrtint.ca/,"commercial,navigational","local_pack,people_also_ask,related_searches,images",90,0,2.34,84,0,0.75,HIGH,310000,2025-12-20 16:12:21 +00:00,409.00,363.00,107.00,94.00,397.00,150.50,28.20,8.30,8.20,10.70,7.10,0.76,3.90
30 tint,https://mrtint.ca/pricing/,"commercial,transactional","images,people_also_ask,video,popular_products,related_searches",1000,0,0.37,85,2,0.26,LOW,75800000,2025-12-10 16:51:49 +00:00,2.00,0.00,2.00,2.00,2.00,367.50,11.60,0.60,0.60,0.60,0.40,0.89,2.76
dr tint,https://mrtint.ca/,commercial,"related_searches,images",880,3,1.80,85,1,0.28,LOW,39500000,2025-12-10 20:08:15 +00:00,409.00,363.00,107.00,94.00,397.00,493.10,74.80,11.20,10.70,87.80,29.90,1.18,4.67
solar film toronto,https://mrtint.ca/,"commercial,transactional","local_pack,people_also_ask,people_also_search,related_searches",170,0,5.64,85,0,0.13,LOW,6510000,2025-11-27 00:51:11 +00:00,409.00,363.00,107.00,94.00,397.00,147.60,40.40,19.70,19.30,26.10,12.80,1.08,8.00
why tinted windows are illegal,https://mrtint.ca/ontariowindowtintinglaw/,informational,"ai_overview,people_also_ask,video,related_searches,images",90,1,,85,0,0.00,LOW,1630000,2025-11-12 12:54:34 +00:00,,,,,,533.30,60.50,66.90,63.70,171.00,136.80,,
pro tint,https://mrtint.ca/,transactional,"people_also_ask,related_searches,images",590,0,2.16,86,1,0.24,LOW,87900000,2025-11-19 05:14:05 +00:00,409.00,363.00,107.00,94.00,397.00,261.90,48.20,11.20,10.80,16.20,10.90,1.24,2.71
car tinting cambridge,https://mrtint.ca/,"commercial,navigational","local_pack,people_also_ask,related_searches,images",170,0,3.23,86,0,0.87,HIGH,294000,2025-12-18 12:31:32 +00:00,409.00,363.00,107.00,94.00,397.00,190.30,49.80,28.60,28.20,44.80,36.20,0.74,3.03
car tint legal limit,https://mrtint.ca/ontariowindowtintinglaw/,"commercial,transactional","ai_overview,people_also_ask,video,related_searches,images",90,0,,86,0,0.01,LOW,2160000,2025-11-12 16:54:29 +00:00,,,,,,344.40,46.60,10.20,9.90,13.20,9.90,,
windows tint shop,https://mrtint.ca/contact/,transactional,"local_pack,people_also_ask,discussions_and_forums,people_also_search,popular_products,related_searches",90,0,4.60,86,0,0.22,LOW,13600000,2025-10-20 01:29:31 +00:00,,,,,,267.30,68.60,18.00,17.50,592.00,581.50,0.93,2.29
tinting brampton,https://mrtint.ca/,navigational,"local_pack,people_also_ask,related_searches,images",320,0,2.33,87,0,0.80,HIGH,906000,2025-12-13 03:09:28 +00:00,409.00,363.00,107.00,94.00,397.00,256.10,55.60,20.20,19.10,48.10,40.20,0.64,3.14
the tint guy,https://mrtint.ca/,"navigational,commercial","local_pack,related_searches,images",210,0,0.47,87,0,0.08,LOW,42700000,2025-12-17 00:00:18 +00:00,409.00,363.00,107.00,94.00,397.00,503.00,37.20,12.30,12.10,37.20,9.10,0.69,3.50
window tinting in brampton,https://mrtint.ca/pricing/,"navigational,commercial","local_pack,people_also_ask,people_also_search,related_searches",720,3,3.06,88,1,0.74,HIGH,341000,2025-11-08 20:28:19 +00:00,3.00,1.00,3.00,3.00,3.00,306.80,91.80,20.30,19.20,48.20,40.30,0.78,3.03
window tint barrie,https://mrtint.ca/,"commercial,navigational","local_pack,people_also_ask,related_searches,images",590,0,2.35,88,1,0.84,HIGH,216000,2025-11-20 15:00:19 +00:00,409.00,363.00,107.00,94.00,397.00,288.90,29.20,14.30,13.90,16.10,11.00,0.77,2.40
auto tinting markham,https://mrtint.ca/,"navigational,commercial","local_pack,related_searches",390,0,2.71,88,0,0.41,MEDIUM,75000,2025-11-22 22:32:41 +00:00,409.00,363.00,107.00,94.00,397.00,146.50,56.10,18.50,17.70,30.80,13.50,0.75,2.43
tinting window laws,https://mrtint.ca/ontariowindowtintinglaw/,"commercial,navigational","ai_overview,people_also_ask,related_searches,images",320,0,0.88,88,0,0.04,LOW,4970000,2025-12-13 02:58:09 +00:00,,,,,,289.10,60.30,10.70,10.40,14.10,11.10,,
xtreme tint,https://mrtint.ca/,"navigational,transactional","people_also_ask,popular_products,related_searches,google_reviews,knowledge_graph,people_also_search,images",260,0,11.70,88,0,0.12,LOW,1400000,2025-11-09 03:33:04 +00:00,409.00,363.00,107.00,94.00,397.00,343.90,9.40,7.40,7.30,8.40,6.00,0.94,2.71
tint guard,https://mrtint.ca/,transactional,"people_also_ask,video,popular_products,related_searches,knowledge_graph,google_reviews,images",210,0,2.11,88,0,0.08,LOW,14900000,2025-11-29 15:19:11 +00:00,409.00,363.00,107.00,94.00,397.00,336.30,8.90,4.90,4.80,5.60,4.00,0.39,1.69
car window tint shades,https://mrtint.ca/pricing/,transactional,"ai_overview,images,people_also_ask,video,popular_products,related_searches",110,5,0.10,88,0,1.00,HIGH,6010000,2025-12-14 15:12:56 +00:00,3.00,1.00,3.00,3.00,3.00,341.90,99.70,41.40,39.80,95.80,74.90,,
express window tint,https://mrtint.ca/,"commercial,navigational","people_also_ask,popular_products,related_searches,knowledge_graph,google_reviews,images",110,0,0.64,88,0,0.11,LOW,9270000,2025-11-30 05:53:51 +00:00,409.00,363.00,107.00,94.00,397.00,438.30,35.20,23.30,22.80,41.20,12.80,,
tint factory london ontario,https://mrtint.ca/,"commercial,navigational","people_also_ask,related_searches,third_party_reviews,google_reviews,knowledge_graph,images",70,0,1.95,88,0,0.10,LOW,138000,2025-12-01 18:29:49 +00:00,409.00,363.00,107.00,94.00,397.00,605.70,20.90,12.90,12.50,18.50,10.40,1.43,3.76
car tinting vaughan,https://mrtint.ca/,"commercial,navigational","local_pack,related_searches,images",320,0,2.65,89,0,0.58,MEDIUM,85700,2025-11-23 00:05:04 +00:00,409.00,363.00,107.00,94.00,397.00,153.20,92.80,43.80,42.10,85.10,61.70,0.89,2.88
cambridge window tinting,https://mrtint.ca/,"navigational,commercial","local_pack,people_also_ask,related_searches,images",170,0,3.23,89,0,0.87,HIGH,326000,2025-11-06 11:26:36 +00:00,409.00,363.00,107.00,94.00,397.00,221.10,34.90,26.60,26.10,42.10,34.30,0.74,3.03
whitby window tinting,https://mrtint.ca/,"commercial,navigational","local_pack,people_also_ask,people_also_search,related_searches",140,0,2.02,89,0,0.85,HIGH,260000,2025-12-19 09:23:03 +00:00,409.00,363.00,107.00,94.00,397.00,277.80,19.60,7.30,7.30,14.70,5.40,0.83,1.97
window tinting waterloo,https://mrtint.ca/,"commercial,navigational","local_pack,related_searches",90,0,2.34,89,0,0.75,HIGH,367000,2025-12-20 16:01:46 +00:00,409.00,363.00,107.00,94.00,397.00,147.60,28.20,8.30,8.20,10.70,7.10,0.76,3.90
window tint richmond hill,https://mrtint.ca/,commercial,"local_pack,people_also_ask,people_also_search,related_searches,images",70,0,5.19,89,0,0.81,HIGH,484000,2025-11-12 21:03:23 +00:00,409.00,363.00,107.00,94.00,397.00,256.30,63.80,23.00,22.10,39.60,18.90,0.96,3.37
tint kitchener,https://mrtint.ca/,"commercial,navigational","local_pack,people_also_ask,video,people_also_search,related_searches,images",40,0,3.14,89,0,0.84,HIGH,374000,2025-10-26 14:39:03 +00:00,409.00,363.00,107.00,94.00,397.00,178.50,93.10,46.50,45.50,70.40,51.60,0.73,2.13
professional tint,https://mrtint.ca/,transactional,"local_pack,people_also_ask,popular_products,related_searches,images",590,3,2.16,90,1,0.24,LOW,84800000,2025-12-11 08:01:29 +00:00,409.00,363.00,107.00,94.00,397.00,206.90,96.80,37.00,36.20,58.60,33.20,1.24,2.71
tinted windows shop,https://mrtint.ca/,"transactional,navigational","local_pack,people_also_ask,popular_products,video,related_searches",90,0,4.60,90,0,0.22,LOW,15100000,2025-10-20 05:10:29 +00:00,409.00,363.00,107.00,94.00,397.00,378.90,46.80,6.80,6.60,579.40,573.10,0.93,2.29
window tinting prices edmonton,https://mrtint.ca/pricing/,"commercial,navigational","ai_overview,people_also_ask,people_also_search,local_pack,popular_products,related_searches",70,0,2.46,90,0,0.91,HIGH,275000,2025-12-01 14:30:09 +00:00,3.00,1.00,3.00,3.00,3.00,267.10,47.60,22.60,22.30,26.20,20.80,0.96,1.71
st thomas window tinting,https://mrtint.ca/,"navigational,commercial","local_pack,people_also_ask,related_searches,images",50,0,1.65,90,0,0.35,MEDIUM,378000,2025-10-07 09:59:37 +00:00,409.00,363.00,107.00,94.00,397.00,455.90,19.60,7.20,7.00,9.30,5.50,,
5 tinted windows,https://mrtint.ca/ontariowindowtintinglaw/,commercial,"images,people_also_ask,popular_products,video,related_searches",390,0,0.47,91,0,0.80,HIGH,53200000,2025-11-11 16:33:53 +00:00,,,,,,294.20,31.30,0.70,0.60,1.90,1.50,0.42,2.79
window tinting in vaughan,https://mrtint.ca/,"commercial,navigational","local_pack,people_also_search,related_searches,images",320,4,2.65,91,0,0.58,MEDIUM,192000,2025-11-21 12:35:35 +00:00,409.00,363.00,107.00,94.00,397.00,202.50,104.50,54.20,52.40,103.60,71.30,0.89,2.88
carbon tint,https://mrtint.ca/,"transactional,commercial","ai_overview,people_also_ask,video,images,popular_products,related_searches",110,0,0.90,91,0,0.45,MEDIUM,17400000,2025-12-20 14:06:09 +00:00,409.00,363.00,107.00,94.00,397.00,340.30,59.60,5.80,5.70,29.30,17.30,0.86,2.53
tint mississauga,https://mrtint.ca/,"commercial,navigational","local_pack,people_also_ask,related_searches,images",320,0,2.59,92,0,0.91,HIGH,753000,2025-12-13 03:09:09 +00:00,409.00,363.00,107.00,94.00,397.00,184.90,80.30,34.00,32.20,80.70,69.50,0.76,2.79
window tinting regina sk,https://mrtint.ca/,"transactional,navigational,commercial","ai_overview,people_also_ask,related_searches,third_party_reviews,google_reviews,knowledge_graph,images",320,0,3.74,92,0,0.49,MEDIUM,50200,2025-12-13 01:35:48 +00:00,409.00,363.00,107.00,94.00,397.00,305.00,26.50,9.40,9.30,12.30,9.10,1.22,9.05
how to tint the window,https://mrtint.ca/,"informational,commercial","ai_overview,people_also_ask,carousel,discussions_and_forums,related_searches",170,10,0.20,92,0,0.31,LOW,49300000,2025-12-17 03:46:47 +00:00,409.00,363.00,107.00,94.00,397.00,787.00,63.90,11.70,11.00,23.10,16.20,0.06,1.45
tech tint,https://mrtint.ca/,"transactional,navigational,commercial","people_also_ask,popular_products,related_searches,images",170,13,6.17,92,0,0.13,LOW,30200000,2025-11-25 17:18:13 +00:00,409.00,363.00,107.00,94.00,397.00,383.70,107.80,50.90,50.30,138.30,114.70,1.40,3.32
richmond window tinting,https://mrtint.ca/,"navigational,commercial","local_pack,people_also_ask,people_also_search,related_searches,images",110,0,1.89,92,0,0.69,HIGH,549000,2025-11-07 03:48:04 +00:00,409.00,363.00,107.00,94.00,397.00,336.90,39.30,6.40,5.40,59.90,58.20,0.85,2.87
orillia window tinting,https://mrtint.ca/,"commercial,navigational","local_pack,people_also_ask,related_searches,images",90,0,2.77,92,0,0.93,HIGH,88900,2025-12-01 00:15:34 +00:00,409.00,363.00,107.00,94.00,397.00,257.70,40.50,9.10,8.80,10.80,8.40,0.93,3.15
truck tinted windows,https://mrtint.ca/pricing/,commercial,"local_pack,people_also_ask,video,images,popular_products,related_searches",70,0,1.85,92,0,1.00,HIGH,15100000,2025-11-13 21:40:25 +00:00,3.00,1.00,3.00,3.00,3.00,332.80,22.80,8.50,8.30,13.70,7.30,0.44,3.20
belleville window tinting,https://mrtint.ca/,"commercial,navigational","local_pack,people_also_ask,related_searches,images",110,0,1.67,93,0,0.45,MEDIUM,89700,2025-11-08 07:56:57 +00:00,409.00,363.00,107.00,94.00,397.00,368.80,3.50,0.20,0.10,0.30,0.30,0.69,2.14
home tinted windows film,https://mrtint.ca/,"commercial,transactional","ai_overview,discussions_and_forums,people_also_ask,popular_products,video,related_searches,images",1900,15,2.05,94,3,1.00,HIGH,4640000,2025-11-18 02:12:00 +00:00,409.00,363.00,107.00,94.00,397.00,398.60,141.20,77.00,76.30,100.20,51.00,0.62,3.95
custom tint,https://mrtint.ca/,navigational,"local_pack,people_also_ask,popular_products,related_searches,images",210,0,6.41,94,0,0.07,LOW,46500000,2025-11-25 08:07:27 +00:00,409.00,363.00,107.00,94.00,397.00,351.50,41.30,8.90,8.70,10.00,6.50,,
windows tint shop near me,https://mrtint.ca/pricing/,"commercial,navigational","local_pack,popular_products,related_searches",210,0,3.42,94,0,0.45,MEDIUM,13200000,2025-11-09 03:33:57 +00:00,3.00,1.00,3.00,3.00,3.00,268.60,78.60,20.50,20.00,598.80,584.50,1.01,3.37
crystal tint,https://mrtint.ca/,transactional,"local_pack,video,people_also_ask,related_searches,images",140,0,1.38,94,0,0.06,LOW,24300000,2025-11-07 01:11:11 +00:00,409.00,363.00,107.00,94.00,397.00,351.00,71.60,7.00,6.80,25.90,16.40,,
canada window tint laws,https://mrtint.ca/ontariowindowtintinglaw/,commercial,"ai_overview,people_also_ask,video,carousel,related_searches,images",110,0,,94,0,0.00,LOW,1190000,2025-11-30 08:33:50 +00:00,,,,,,331.60,68.40,12.50,12.10,18.00,13.40,,
how long does window tinting take,https://mrtint.ca/,informational,"ai_overview,people_also_ask,carousel,related_searches",110,0,2.82,94,0,0.04,LOW,7770000,2025-11-08 05:17:26 +00:00,409.00,363.00,107.00,94.00,397.00,472.30,0.20,0.10,0.10,2.00,1.00,,
car tint milton,https://mrtint.ca/,commercial,"local_pack,related_searches,images",90,0,4.82,94,0,0.98,HIGH,598000,2025-11-29 04:41:10 +00:00,409.00,363.00,107.00,94.00,397.00,237.50,2.80,0.10,0.10,0.10,0.10,1.16,3.56
precision tinting,https://mrtint.ca/,"navigational,commercial","local_pack,people_also_ask,related_searches,people_also_search,images",90,0,4.79,94,0,0.13,LOW,11900000,2025-11-10 01:23:40 +00:00,409.00,363.00,107.00,94.00,397.00,257.40,31.50,7.60,7.30,10.80,6.60,1.44,3.09
window tint woodstock,https://mrtint.ca/,"commercial,navigational","local_pack,people_also_ask,related_searches,images",90,0,1.78,94,0,0.67,HIGH,211000,2025-12-20 16:13:02 +00:00,409.00,363.00,107.00,94.00,397.00,239.60,29.50,27.40,27.00,43.30,36.20,0.68,3.74
tintline window films,https://mrtint.ca/,"commercial,navigational","people_also_ask,knowledge_graph,google_reviews,images",70,0,,94,0,0.05,LOW,8380,2025-11-13 01:26:07 +00:00,409.00,363.00,107.00,94.00,397.00,,,,,,,,
white auto tint,https://mrtint.ca/windowtinting/,transactional,"video,people_also_ask,popular_products,images,related_searches",50,2,0.42,94,0,0.73,HIGH,37700000,2025-10-24 19:34:47 +00:00,,,,,,425.90,73.60,46.40,45.10,110.40,63.10,0.52,1.25
saskatoon window tinting,https://mrtint.ca/,"navigational,commercial","local_pack,people_also_search,people_also_ask,related_searches",320,3,2.64,95,0,0.75,HIGH,53400,2025-11-09 02:52:29 +00:00,409.00,363.00,107.00,94.00,397.00,408.20,80.70,23.30,22.70,52.50,20.80,0.93,4.09
tinting car windows mississauga,https://mrtint.ca/,"commercial,navigational","local_pack,people_also_ask,related_searches",170,0,2.27,95,0,0.23,LOW,75100,2025-11-29 18:21:03 +00:00,409.00,363.00,107.00,94.00,397.00,215.70,79.80,25.10,23.70,65.40,55.50,0.96,3.44
vinyl wrap course,https://mrtint.ca/training/,commercial,"video,people_also_ask,related_searches,images",170,21,2.44,95,0,0.28,LOW,10700000,2025-11-09 05:18:55 +00:00,,,,,,245.90,163.20,5.60,5.30,54.20,48.00,0.54,2.24
auto window tinting services,https://mrtint.ca/pricing/,"navigational,commercial","local_pack,people_also_ask,people_also_search,related_searches",110,0,3.70,95,0,0.06,LOW,9820000,2025-11-12 12:16:17 +00:00,3.00,1.00,3.00,3.00,3.00,232.70,67.60,27.40,26.80,39.90,29.40,,
professional window tinting,https://mrtint.ca/,"navigational,transactional","local_pack,people_also_ask,video,popular_products,related_searches,images",70,0,2.02,95,0,0.38,MEDIUM,4730000,2025-11-13 10:28:01 +00:00,409.00,363.00,107.00,94.00,397.00,337.10,42.10,12.70,12.50,21.20,11.60,0.84,1.72
windsor tinting,https://mrtint.ca/,"navigational,commercial","local_pack,related_searches",90,2,3.48,96,0,0.79,HIGH,1760000,2025-11-07 17:35:19 +00:00,409.00,363.00,107.00,94.00,397.00,215.00,81.00,30.70,30.10,46.30,33.20,1.24,2.65
window tints essex,https://mrtint.ca/,"commercial,navigational","local_pack,people_also_ask,related_searches,images",70,7,1.68,96,0,0.42,MEDIUM,83600,2025-12-04 07:26:16 +00:00,409.00,363.00,107.00,94.00,397.00,517.60,87.90,12.80,11.80,8509.80,4287.90,,
car tinting burlington,https://mrtint.ca/,"commercial,navigational","local_pack,people_also_ask,related_searches",170,13,4.51,97,0,0.90,HIGH,181000,2025-11-26 11:25:49 +00:00,409.00,363.00,107.00,94.00,397.00,269.50,146.80,15.10,14.40,1727.80,847.80,1.39,5.59
dark side window tint,https://mrtint.ca/,transactional,"local_pack,people_also_ask,video,images",170,0,,97,0,0.05,LOW,36300000,2025-11-26 09:20:04 +00:00,409.00,363.00,107.00,94.00,397.00,434.50,34.90,9.00,8.60,11.70,8.50,,
auto window tinting hamilton,https://mrtint.ca/,"commercial,navigational","local_pack,people_also_ask,related_searches",90,10,3.02,98,0,0.87,HIGH,327000,2025-11-11 00:51:17 +00:00,409.00,363.00,107.00,94.00,397.00,191.00,106.40,27.90,25.50,73.60,58.30,1.10,3.74
auto tint removal near me,https://mrtint.ca/,"navigational,commercial","local_pack,people_also_ask,related_searches",90,0,2.11,99,0,0.60,MEDIUM,14500000,2025-11-14 13:06:20 +00:00,409.00,363.00,107.00,94.00,397.00,336.10,46.50,5.40,4.50,14.80,10.50,0.90,3.11
car window tinting kitchener waterloo,https://mrtint.ca/,commercial,"local_pack,people_also_ask,people_also_search,related_searches",70,0,2.64,99,0,0.87,HIGH,29400,2025-12-03 09:22:00 +00:00,409.00,363.00,107.00,94.00,397.00,181.00,78.60,41.50,40.70,65.40,48.70,0.71,2.69
tinted windows benefits,https://mrtint.ca/window-tinting-benefits/,"commercial,informational","ai_overview,people_also_ask,discussions_and_forums,related_searches",30,0,0.06,99,0,0.08,LOW,5810000,2025-10-29 10:37:36 +00:00,,,,,,301.70,57.00,13.90,13.80,26.10,21.90,,
car tint toronto,https://mrtint.ca/,"commercial,navigational","local_pack,people_also_ask,discussions_and_forums,people_also_search,related_searches",1000,21,2.50,1,304,0.47,MEDIUM,6920000,2025-12-10 15:06:21 +00:00,409.00,363.00,107.00,94.00,397.00,115.50,160.20,78.20,74.80,177.60,131.90,0.90,2.89
mr tint,https://mrtint.ca/,"commercial,navigational","people_also_ask,people_also_search,related_searches,images",1000,0,2.32,1,304,0.12,LOW,26200000,2025-12-10 13:00:31 +00:00,409.00,363.00,107.00,94.00,397.00,461.80,54.70,26.90,25.10,77.90,67.50,0.96,2.94
mr tints,https://mrtint.ca/,"commercial,navigational","local_pack,people_also_ask,related_searches,images",1000,0,2.32,1,304,0.12,LOW,2460000,2025-11-11 13:34:44 +00:00,409.00,363.00,107.00,94.00,397.00,494.30,43.90,26.40,24.70,77.10,66.20,0.96,2.94
toronto auto tint,https://mrtint.ca/,"commercial,navigational","local_pack,people_also_ask,people_also_search,related_searches",1000,23,2.50,1,304,0.47,MEDIUM,2740000,2025-11-18 09:03:12 +00:00,409.00,363.00,107.00,94.00,397.00,130.50,155.20,83.30,79.10,200.10,151.70,0.90,2.89
toronto car tint,https://mrtint.ca/,"commercial,navigational","local_pack,people_also_ask,related_searches",1000,22,2.50,1,304,0.47,MEDIUM,6820000,2025-11-08 18:28:19 +00:00,409.00,363.00,107.00,94.00,397.00,143.70,164.60,73.80,70.40,171.40,128.00,0.90,2.89
window tint toronto,https://mrtint.ca/,"commercial,navigational","local_pack,people_also_ask,popular_products,people_also_search,related_searches,images",1000,21,2.50,1,304,0.47,MEDIUM,3940000,2025-12-10 10:55:14 +00:00,409.00,363.00,107.00,94.00,397.00,123.30,156.10,59.90,56.80,147.40,116.60,0.90,2.89
price of car tinting,https://mrtint.ca/pricing/,"commercial,navigational","popular_products,people_also_ask,images,people_also_search,related_searches",390,0,2.13,1,118,0.42,MEDIUM,12600000,2025-11-07 08:56:53 +00:00,3.00,1.00,3.00,3.00,3.00,200.30,6.10,0.20,0.20,0.20,0.00,0.75,1.96
auto window tinting toronto,https://mrtint.ca/,"navigational,commercial","local_pack,people_also_search,people_also_ask,related_searches",210,21,3.45,1,63,0.22,LOW,195000,2025-11-29 17:32:22 +00:00,409.00,363.00,107.00,94.00,397.00,124.90,146.10,70.10,66.90,165.60,125.90,0.98,3.27
car window tint toronto,https://mrtint.ca/,"transactional,commercial","local_pack,people_also_ask,people_also_search,related_searches",210,9,3.45,1,63,0.22,LOW,2070000,2025-12-17 06:32:46 +00:00,409.00,363.00,107.00,94.00,397.00,130.20,141.00,62.30,59.70,142.00,102.60,0.98,3.27
tinting car windows toronto,https://mrtint.ca/,"commercial,navigational","local_pack,people_also_ask,related_searches",210,23,3.45,1,63,0.22,LOW,1120000,2025-11-09 05:20:40 +00:00,409.00,363.00,107.00,94.00,397.00,213.60,168.00,88.90,84.60,212.00,157.30,0.98,3.27
tint toronto,https://mrtint.ca/,"navigational,commercial","local_pack,people_also_ask,people_also_search,related_searches,images",170,11,2.30,1,51,0.82,HIGH,9780000,2025-12-17 18:59:52 +00:00,409.00,363.00,107.00,94.00,397.00,101.90,153.40,59.90,57.40,136.50,99.70,0.76,2.57
tinting toronto,https://mrtint.ca/,"navigational,commercial","people_also_ask,people_also_search,related_searches,google_reviews,knowledge_graph,images",170,23,2.30,1,51,0.82,HIGH,7750000,2025-11-25 16:31:07 +00:00,409.00,363.00,107.00,94.00,397.00,134.60,181.30,95.30,90.60,227.70,169.40,0.76,2.57
tints toronto,https://mrtint.ca/,"navigational,commercial","local_pack,people_also_ask,people_also_search,related_searches,images",170,23,2.30,1,51,0.82,HIGH,392000,2025-11-25 16:41:57 +00:00,409.00,363.00,107.00,94.00,397.00,132.30,184.30,97.40,92.90,224.40,163.40,0.76,2.57
toronto tint,https://mrtint.ca/,"commercial,navigational","local_pack,people_also_ask,popular_products,people_also_search,related_searches,images",170,7,2.30,1,51,0.82,HIGH,10200000,2025-12-13 20:48:31 +00:00,409.00,363.00,107.00,94.00,397.00,113.70,131.70,53.10,50.90,119.80,87.80,0.76,2.57
tints prices,https://mrtint.ca/pricing/,"commercial,navigational","ai_overview,people_also_ask,images,popular_products,people_also_search,related_searches",140,0,1.85,1,42,0.37,MEDIUM,5410000,2025-12-19 10:03:39 +00:00,3.00,1.00,3.00,3.00,3.00,297.50,45.40,3.80,3.60,5.50,3.80,0.79,1.72
ceramic tinting cost,https://mrtint.ca/pricing/,"commercial,transactional","ai_overview,people_also_ask,discussions_and_forums,images,people_also_search,related_searches",90,0,1.55,1,27,0.97,HIGH,1830000,2025-12-01 09:26:36 +00:00,3.00,1.00,3.00,3.00,3.00,361.00,36.80,1.90,1.80,3.20,2.20,0.64,1.86
mr tint toronto,https://mrtint.ca/,"commercial,navigational","people_also_ask,related_searches,google_reviews,knowledge_graph,images",90,0,2.73,1,27,0.44,MEDIUM,1110000,2025-11-10 04:58:18 +00:00,409.00,363.00,107.00,94.00,397.00,645.70,25.00,13.30,11.90,58.90,53.80,0.77,2.03
window tinting prices toronto,https://mrtint.ca/pricing/,"commercial,navigational","ai_overview,people_also_ask,local_pack,related_searches,images",90,0,1.32,1,27,0.85,HIGH,942000,2025-12-20 16:12:15 +00:00,3.00,1.00,3.00,3.00,3.00,203.10,36.10,19.70,18.80,48.00,40.10,0.64,1.61
window tinting toronto prices,https://mrtint.ca/pricing/,"commercial,navigational","ai_overview,people_also_ask,people_also_search,related_searches,images",90,0,1.32,1,27,0.85,HIGH,192000,2025-12-20 16:12:09 +00:00,3.00,1.00,3.00,3.00,3.00,199.20,36.10,19.70,18.80,48.00,40.10,0.64,1.61
ceramic tint cost,https://mrtint.ca/pricing/,"commercial,transactional","people_also_ask,discussions_and_forums,images,popular_products,people_also_search,related_searches",70,0,1.43,1,21,0.86,HIGH,6380000,2025-12-01 09:26:22 +00:00,3.00,1.00,3.00,3.00,3.00,375.10,31.40,1.20,1.10,2.30,1.00,0.72,1.37
colour coating obscuring interior,https://mrtint.ca/ontariowindowtintinglaw/,"commercial,transactional","ai_overview,people_also_ask,images,related_searches",70,0,,1,21,0.01,LOW,36300,2025-12-03 04:44:47 +00:00,,,,,,389.90,2.10,0.10,0.10,0.30,0.30,,
tail light tint near me,https://mrtint.ca/tail-light-tinting/,transactional,"local_pack,people_also_ask,popular_products,related_searches,images",70,0,0.65,1,21,0.88,HIGH,13500000,2025-10-02 02:40:15 +00:00,,,,,,,,,,,,,
tail light tinting near me,https://mrtint.ca/tail-light-tinting/,transactional,"local_pack,people_also_ask,related_searches,images",70,0,0.65,1,21,0.88,HIGH,1460000,2025-11-13 03:03:57 +00:00,,,,,,259.20,12.80,0.30,0.30,0.40,0.10,,
how much is window tinting,https://mrtint.ca/pricing/,"commercial,navigational","featured_snippet,people_also_ask,discussions_and_forums,images,popular_products,video,people_also_search,related_searches",720,0,2.33,2,116,0.55,MEDIUM,11500000,2025-11-09 06:51:27 +00:00,3.00,1.00,3.00,3.00,3.00,245.80,50.80,2.40,2.20,6.10,4.30,0.73,1.87
how much is window tinting for cars,https://mrtint.ca/pricing/,"commercial,transactional","featured_snippet,people_also_ask,images,discussions_and_forums,video,popular_products,people_also_search,related_searches",720,0,2.33,2,116,0.55,MEDIUM,10800000,2025-11-11 15:19:10 +00:00,3.00,1.00,3.00,3.00,3.00,240.30,37.30,2.10,1.90,5.40,3.10,0.73,1.87
auto tint price,https://mrtint.ca/pricing/,"transactional,commercial","featured_snippet,people_also_ask,popular_products,images,people_also_search,related_searches",390,0,2.13,2,63,0.42,MEDIUM,26600000,2025-11-22 22:32:40 +00:00,3.00,1.00,3.00,3.00,3.00,223.50,26.10,0.80,0.70,2.00,1.40,0.75,1.96
car tint price,https://mrtint.ca/pricing/,"commercial,transactional","popular_products,people_also_ask,images,people_also_search,related_searches",390,0,2.13,2,63,0.42,MEDIUM,38700000,2025-11-22 17:46:40 +00:00,3.00,1.00,3.00,3.00,3.00,266.30,55.20,3.80,3.70,7.30,5.10,0.75,1.96
tint car price,https://mrtint.ca/pricing/,commercial,"people_also_ask,popular_products,video,people_also_search,related_searches,images",390,0,2.13,2,63,0.42,MEDIUM,37300000,2025-11-09 01:54:45 +00:00,3.00,1.00,3.00,3.00,3.00,246.90,26.10,0.80,0.70,2.00,1.40,0.75,1.96
vehicle tint prices,https://mrtint.ca/pricing/,"transactional,commercial","ai_overview,people_also_ask,popular_products,people_also_search,related_searches,images",390,0,2.13,2,63,0.42,MEDIUM,8930000,2025-12-12 18:55:54 +00:00,3.00,1.00,3.00,3.00,3.00,218.90,6.10,0.20,0.20,0.20,0.00,0.75,1.96
auto tint cost,https://mrtint.ca/pricing/,"commercial,transactional","ai_overview,people_also_ask,video,images,people_also_search,related_searches",320,0,2.15,2,51,0.53,MEDIUM,26700000,2025-11-24 00:36:20 +00:00,3.00,1.00,3.00,3.00,3.00,199.50,17.10,1.40,1.30,2.60,1.60,0.77,1.87
window tint cost,https://mrtint.ca/pricing/,commercial,"ai_overview,people_also_ask,images,discussions_and_forums,popular_products,people_also_search,related_searches",320,0,2.17,2,51,0.30,LOW,28700000,2025-12-13 01:37:29 +00:00,3.00,1.00,3.00,3.00,3.00,286.30,26.30,0.90,0.80,3.00,1.50,0.73,1.67
window tint price,https://mrtint.ca/pricing/,"transactional,commercial","people_also_ask,images,discussions_and_forums,popular_products,video,people_also_search,related_searches",320,0,1.85,2,51,0.57,MEDIUM,32600000,2025-12-13 01:36:02 +00:00,3.00,1.00,3.00,3.00,3.00,219.90,22.10,1.90,1.70,4.10,2.00,0.69,1.74
auto glass tinting cost,https://mrtint.ca/pricing/,"transactional,commercial","ai_overview,people_also_ask,people_also_search,related_searches,images",170,0,1.45,2,27,0.66,MEDIUM,2500000,2025-12-14 07:49:17 +00:00,3.00,1.00,3.00,3.00,3.00,220.40,37.80,1.80,1.60,4.10,2.90,0.72,1.57
car tinting cost,https://mrtint.ca/pricing/,commercial,"ai_overview,people_also_ask,images,people_also_search,related_searches",170,0,1.45,2,27,0.66,MEDIUM,5200000,2025-12-14 07:18:19 +00:00,3.00,1.00,3.00,3.00,3.00,240.70,34.60,1.80,1.60,4.30,3.10,0.72,1.57
cheapest auto tint near me,https://mrtint.ca/pricing/,transactional,"local_pack,people_also_ask,people_also_search,related_searches",170,0,2.40,2,27,0.88,HIGH,10300000,2025-12-14 07:09:24 +00:00,3.00,1.00,3.00,3.00,3.00,215.80,51.50,14.60,14.20,20.00,13.80,0.90,2.70
tint car cost,https://mrtint.ca/pricing/,commercial,"ai_overview,people_also_ask,popular_products,people_also_search,related_searches,images",170,0,1.45,2,27,0.66,MEDIUM,32000000,2025-12-13 20:48:28 +00:00,3.00,1.00,3.00,3.00,3.00,236.40,31.10,1.60,1.50,3.90,2.70,0.72,1.57
tint cost,https://mrtint.ca/pricing/,commercial,"people_also_ask,images,popular_products,people_also_search,related_searches",140,0,1.85,2,22,0.37,MEDIUM,78300000,2025-12-19 10:04:08 +00:00,3.00,1.00,3.00,3.00,3.00,273.40,36.50,1.80,1.60,3.40,2.20,0.79,1.72
window tint near me cost,https://mrtint.ca/pricing/,"transactional,commercial","ai_overview,people_also_ask,people_also_search,related_searches,images",140,0,1.56,2,22,0.85,HIGH,17500000,2025-11-12 06:55:56 +00:00,3.00,1.00,3.00,3.00,3.00,305.00,33.80,0.90,0.90,4.20,2.50,0.64,1.50
window tinting price near me,https://mrtint.ca/pricing/,"transactional,navigational","ai_overview,local_pack,people_also_ask,people_also_search,related_searches,images",140,0,1.56,2,22,0.85,HIGH,5900000,2025-12-19 09:18:21 +00:00,3.00,1.00,3.00,3.00,3.00,240.70,39.60,3.40,3.30,12.60,2.10,0.64,1.50
window tinting prices near me,https://mrtint.ca/pricing/,"navigational,transactional","local_pack,people_also_ask,people_also_search,related_searches",140,0,1.56,2,22,0.85,HIGH,3020000,2025-11-06 13:47:03 +00:00,3.00,1.00,3.00,3.00,3.00,304.70,19.90,7.70,7.70,22.10,17.30,0.64,1.50
ceramic tints cost,https://mrtint.ca/pricing/,"commercial,transactional","featured_snippet,people_also_ask,images,discussions_and_forums,popular_products,people_also_search,related_searches",90,0,1.55,2,14,0.97,HIGH,1260000,2025-11-12 16:38:18 +00:00,3.00,1.00,3.00,3.00,3.00,408.80,20.50,0.60,0.60,0.60,0.40,0.64,1.86
window tint near me prices,https://mrtint.ca/pricing/,"commercial,navigational,transactional","people_also_ask,people_also_search,popular_products,related_searches",70,0,1.97,2,11,0.90,HIGH,13800000,2025-11-12 21:01:49 +00:00,3.00,1.00,3.00,3.00,3.00,300.20,44.80,2.10,2.00,6.60,4.10,0.72,1.83
how much is it to tint car windows,https://mrtint.ca/pricing/,"commercial,transactional","featured_snippet,people_also_ask,discussions_and_forums,images,popular_products,related_searches",720,0,2.33,3,70,0.55,MEDIUM,16000000,2025-11-20 06:39:26 +00:00,3.00,1.00,3.00,3.00,3.00,233.00,26.30,0.90,0.80,3.00,1.50,0.73,1.87
how much tinted windows car,https://mrtint.ca/pricing/,commercial,"featured_snippet,people_also_ask,popular_products,video,related_searches,images",720,0,2.33,3,70,0.55,MEDIUM,23900000,2025-11-07 07:11:23 +00:00,3.00,1.00,3.00,3.00,3.00,282.20,40.70,1.00,0.90,3.30,2.50,0.73,1.87
auto window tint prices,https://mrtint.ca/pricing/,"commercial,transactional","ai_overview,people_also_ask,discussions_and_forums,images,people_also_search,related_searches",390,0,2.13,3,37,0.42,MEDIUM,16200000,2025-11-22 22:32:13 +00:00,3.00,1.00,3.00,3.00,3.00,259.50,50.20,2.50,2.30,7.10,4.40,0.75,1.96
car tinting windows price,https://mrtint.ca/pricing/,"commercial,transactional","featured_snippet,people_also_ask,popular_products,people_also_search,related_searches,images",390,0,2.13,3,37,0.42,MEDIUM,4070000,2025-11-07 09:19:10 +00:00,3.00,1.00,3.00,3.00,3.00,237.30,47.30,2.40,2.40,11.30,10.00,0.75,1.96
cost of auto window tinting,https://mrtint.ca/pricing/,"commercial,navigational,transactional","featured_snippet,people_also_ask,images,people_also_search,related_searches",390,0,2.13,3,37,0.42,MEDIUM,3110000,2025-11-09 02:23:33 +00:00,3.00,1.00,3.00,3.00,3.00,208.80,23.30,1.80,1.60,3.10,1.90,0.75,1.96
window tinting auto cost,https://mrtint.ca/pricing/,"commercial,transactional,navigational","ai_overview,people_also_ask,people_also_search,related_searches,images",390,0,2.13,3,37,0.42,MEDIUM,8600000,2025-12-12 18:41:08 +00:00,3.00,1.00,3.00,3.00,3.00,207.60,26.10,0.80,0.70,2.00,1.40,0.75,1.96
window tinting automotive prices,https://mrtint.ca/pricing/,"transactional,navigational,commercial","people_also_ask,popular_products,people_also_search,related_searches,images",390,0,2.13,3,37,0.42,MEDIUM,31000000,2025-11-22 11:08:36 +00:00,3.00,1.00,3.00,3.00,3.00,216.20,31.70,1.60,1.50,3.90,2.70,0.75,1.96
price of window tinting,https://mrtint.ca/pricing/,"commercial,navigational","people_also_ask,discussions_and_forums,popular_products,video,people_also_search,related_searches,images",320,0,1.85,3,31,0.57,MEDIUM,5850000,2025-11-09 02:53:21 +00:00,3.00,1.00,3.00,3.00,3.00,230.30,32.50,1.60,1.50,3.90,2.70,0.69,1.74
prices on tinted windows,https://mrtint.ca/pricing/,commercial,"ai_overview,people_also_ask,discussions_and_forums,popular_products,people_also_search,related_searches,images",320,0,1.85,3,31,0.57,MEDIUM,20400000,2025-11-07 09:39:40 +00:00,3.00,1.00,3.00,3.00,3.00,240.00,32.50,1.60,1.50,3.90,2.70,0.69,1.74
windows tint cost,https://mrtint.ca/pricing/,"commercial,transactional","people_also_ask,discussions_and_forums,popular_products,video,people_also_search,related_searches,images",320,0,2.17,3,31,0.30,LOW,14700000,2025-11-09 02:35:52 +00:00,3.00,1.00,3.00,3.00,3.00,256.10,37.90,2.00,1.80,4.40,3.00,0.73,1.67
auto window tinting cost,https://mrtint.ca/pricing/,"commercial,transactional","featured_snippet,people_also_ask,people_also_search,related_searches,images",170,0,1.18,3,16,0.17,LOW,3210000,2025-11-29 21:44:32 +00:00,3.00,1.00,3.00,3.00,3.00,186.00,26.10,0.80,0.70,2.00,1.40,0.65,1.64
car tint cost,https://mrtint.ca/pricing/,commercial,"ai_overview,people_also_ask,images,popular_products,people_also_search,related_searches",170,0,1.45,3,16,0.66,MEDIUM,31600000,2025-12-14 07:07:49 +00:00,3.00,1.00,3.00,3.00,3.00,271.50,21.90,1.80,1.60,3.10,1.90,0.72,1.57
car tint windows cost,https://mrtint.ca/pricing/,"commercial,transactional","people_also_ask,discussions_and_forums,popular_products,people_also_search,related_searches,images",170,0,1.73,3,16,0.12,LOW,6010000,2025-11-09 06:26:08 +00:00,3.00,1.00,3.00,3.00,3.00,259.90,17.90,1.40,1.30,2.60,1.60,0.73,1.72
car tints cost,https://mrtint.ca/pricing/,commercial,"featured_snippet,people_also_ask,popular_products,images,people_also_search,related_searches",170,0,1.45,3,16,0.66,MEDIUM,3930000,2025-11-26 11:26:04 +00:00,3.00,1.00,3.00,3.00,3.00,272.70,17.30,1.50,1.40,3.60,1.70,0.72,1.57
car window tint cost,https://mrtint.ca/pricing/,"commercial,transactional","people_also_ask,video,popular_products,images,people_also_search,related_searches",170,0,1.73,3,16,0.12,LOW,17500000,2025-11-29 21:19:39 +00:00,3.00,1.00,3.00,3.00,3.00,236.30,22.70,1.90,1.70,4.10,2.00,0.73,1.72
car windows tinting cost,https://mrtint.ca/pricing/,"commercial,transactional","featured_snippet,people_also_ask,popular_products,video,people_also_search,related_searches",170,0,1.73,3,16,0.12,LOW,3610000,2025-11-12 06:42:28 +00:00,3.00,1.00,3.00,3.00,3.00,229.80,11.70,0.70,0.60,1.70,0.40,0.73,1.72
tinted windows cost near me,https://mrtint.ca/pricing/,"transactional,commercial","local_pack,people_also_ask,popular_products,people_also_search,related_searches,images",140,0,1.56,3,13,0.85,HIGH,27400000,2025-11-09 07:00:26 +00:00,3.00,1.00,3.00,3.00,3.00,279.00,19.00,0.60,0.60,1.90,1.30,0.64,1.50
window tinting cost near me,https://mrtint.ca/pricing/,"navigational,transactional,commercial","ai_overview,local_pack,people_also_ask,people_also_search,related_searches,images",140,0,1.56,3,13,0.85,HIGH,5860000,2025-11-26 16:35:27 +00:00,3.00,1.00,3.00,3.00,3.00,262.90,50.70,19.90,18.80,47.50,39.80,0.64,1.50
car tinting near me prices,https://mrtint.ca/pricing/,"commercial,navigational","people_also_ask,people_also_search,related_searches,images",90,0,2.08,3,8,1.00,HIGH,3570000,2025-11-12 16:54:05 +00:00,3.00,1.00,3.00,3.00,3.00,243.20,35.90,19.70,18.60,46.20,38.70,0.69,2.07
car tints near me prices,https://mrtint.ca/pricing/,"transactional,commercial","popular_products,people_also_ask,people_also_search,related_searches,images",90,0,2.08,3,8,1.00,HIGH,6580000,2025-11-12 17:04:21 +00:00,3.00,1.00,3.00,3.00,3.00,277.70,73.50,24.60,23.30,60.50,43.30,0.69,2.07
how much does tint cost for a 4 door car,https://mrtint.ca/pricing/,"commercial,informational","people_also_ask,popular_products,video,people_also_search,related_searches,images",70,0,0.94,3,6,0.46,MEDIUM,12100000,2025-11-10 12:49:29 +00:00,3.00,1.00,3.00,3.00,3.00,221.20,24.60,1.10,1.00,1.40,0.70,0.57,1.91
tail lights tint near me,https://mrtint.ca/tail-light-tinting/,transactional,"local_pack,people_also_ask,popular_products,related_searches,images",70,0,0.65,3,6,0.88,HIGH,7110000,2025-12-15 08:37:18 +00:00,,,,,,234.50,3.50,0.30,0.30,0.30,0.10,,
window tint near me price,https://mrtint.ca/pricing/,transactional,"people_also_ask,people_also_search,related_searches,images",70,0,1.97,3,6,0.90,HIGH,28500000,2025-11-11 01:11:08 +00:00,3.00,1.00,3.00,3.00,3.00,286.80,38.10,5.10,4.90,15.20,4.40,0.72,1.83
windows tint near me prices,https://mrtint.ca/pricing/,"commercial,transactional,navigational","local_pack,people_also_ask,popular_products,people_also_search,related_searches,images",70,0,1.97,3,6,0.90,HIGH,8000000,2025-11-08 13:42:29 +00:00,3.00,1.00,3.00,3.00,3.00,297.20,22.20,5.00,4.90,6.90,4.60,0.72,1.83
how much car window tinting cost,https://mrtint.ca/pricing/,"commercial,transactional","featured_snippet,people_also_ask,popular_products,discussions_and_forums,video,related_searches,images",720,0,2.33,4,47,0.55,MEDIUM,3200000,2025-11-20 06:36:26 +00:00,3.00,1.00,3.00,3.00,3.00,242.90,52.60,4.10,3.90,7.20,4.70,0.73,1.87
how much is it to tint windows on car,https://mrtint.ca/pricing/,commercial,"featured_snippet,people_also_ask,video,popular_products,related_searches,images",720,0,2.33,4,47,0.55,MEDIUM,17400000,2025-11-09 06:51:15 +00:00,3.00,1.00,3.00,3.00,3.00,247.90,37.90,2.00,1.80,4.40,3.00,0.73,1.87
how much is window tint,https://mrtint.ca/pricing/,commercial,"ai_overview,popular_products,people_also_ask,discussions_and_forums,images,people_also_search,related_searches",720,0,2.33,4,47,0.55,MEDIUM,38400000,2025-11-20 06:39:48 +00:00,3.00,1.00,3.00,3.00,3.00,257.00,50.90,20.00,18.90,48.50,39.90,0.73,1.87
how much is window tinting for car,https://mrtint.ca/pricing/,"commercial,transactional","featured_snippet,people_also_ask,popular_products,related_searches,images",720,0,2.33,4,47,0.55,MEDIUM,15200000,2025-11-09 06:52:08 +00:00,3.00,1.00,3.00,3.00,3.00,259.80,26.10,0.80,0.70,2.00,1.40,0.73,1.87
car glass tint price,https://mrtint.ca/pricing/,"transactional,commercial","people_also_ask,popular_products,video,people_also_search,related_searches,images",390,0,2.13,4,25,0.42,MEDIUM,20200000,2025-11-22 17:34:34 +00:00,3.00,1.00,3.00,3.00,3.00,266.30,31.70,1.60,1.50,3.90,2.70,0.75,1.96
car window tint price,https://mrtint.ca/pricing/,transactional,"ai_overview,people_also_ask,discussions_and_forums,popular_products,related_searches,images",390,0,2.13,4,25,0.42,MEDIUM,20600000,2025-12-13 00:26:48 +00:00,3.00,1.00,3.00,3.00,3.00,292.80,22.10,1.90,1.70,4.10,2.00,0.75,1.96
cost for car window tinting,https://mrtint.ca/pricing/,commercial,"featured_snippet,discussions_and_forums,popular_products,people_also_search,related_searches,images",390,0,2.13,4,25,0.42,MEDIUM,3800000,2025-11-09 02:23:50 +00:00,3.00,1.00,3.00,3.00,3.00,245.10,41.20,2.90,2.80,4.80,3.10,0.75,1.96
tint for car windows price,https://mrtint.ca/pricing/,"transactional,commercial","popular_products,people_also_ask,discussions_and_forums,people_also_search,related_searches,images",390,0,2.13,4,25,0.42,MEDIUM,10600000,2025-11-09 01:54:55 +00:00,3.00,1.00,3.00,3.00,3.00,259.30,32.50,1.60,1.50,3.90,2.70,0.75,1.96
tinted car windows price,https://mrtint.ca/pricing/,"transactional,commercial","ai_overview,popular_products,discussions_and_forums,related_searches,images",390,0,2.13,4,25,0.42,MEDIUM,21400000,2025-12-12 19:26:31 +00:00,3.00,1.00,3.00,3.00,3.00,292.80,22.10,1.90,1.70,4.10,2.00,0.75,1.96
tinting windows cost,https://mrtint.ca/pricing/,commercial,"ai_overview,people_also_ask,images,discussions_and_forums,popular_products,related_searches",320,0,2.17,4,21,0.30,LOW,3170000,2025-11-07 09:32:17 +00:00,3.00,1.00,3.00,3.00,3.00,250.10,26.10,0.80,0.70,2.00,1.40,0.73,1.67
car window tinting scarborough,https://mrtint.ca/,"commercial,navigational","local_pack,people_also_ask,people_also_search,related_searches",210,4,4.01,4,13,0.75,HIGH,123000,2025-12-17 06:32:46 +00:00,409.00,363.00,107.00,94.00,397.00,160.20,113.50,48.40,45.40,124.10,78.20,0.79,2.49
a5 tint,https://mrtint.ca/product/audi-a5-rs5-2017-window-tint-kit-2/,transactional,"people_also_ask,related_searches,third_party_reviews,google_reviews,knowledge_graph,images",170,0,,4,11,0.09,LOW,3500000,2025-12-04 01:00:48 +00:00,,,,,,592.10,5.80,0.40,0.40,0.40,0.10,1.28,1.90
auto window tint cost,https://mrtint.ca/pricing/,"transactional,commercial","featured_snippet,people_also_ask,discussions_and_forums,popular_products,people_also_search,related_searches,images",170,0,1.73,4,11,0.12,LOW,11000000,2025-11-12 06:50:43 +00:00,3.00,1.00,3.00,3.00,3.00,247.90,37.30,2.10,1.90,5.40,3.10,0.73,1.72
cost to tint a car window,https://mrtint.ca/pricing/,commercial,"ai_overview,people_also_ask,images,discussions_and_forums,people_also_search,related_searches",170,0,1.45,4,11,0.66,MEDIUM,16600000,2025-12-14 06:43:48 +00:00,3.00,1.00,3.00,3.00,3.00,257.70,36.70,2.10,1.90,5.40,3.10,0.72,1.57
cost to tint car window,https://mrtint.ca/pricing/,commercial,"ai_overview,people_also_ask,discussions_and_forums,images,related_searches",170,0,1.45,4,11,0.66,MEDIUM,11100000,2025-12-14 06:43:40 +00:00,3.00,1.00,3.00,3.00,3.00,243.80,22.10,1.90,1.70,4.10,2.00,0.72,1.57
cost to tint car windows,https://mrtint.ca/pricing/,commercial,"people_also_ask,images,discussions_and_forums,people_also_search,related_searches",170,0,1.45,4,11,0.66,MEDIUM,10800000,2025-11-26 09:52:36 +00:00,3.00,1.00,3.00,3.00,3.00,247.80,11.70,0.70,0.60,1.70,0.40,0.72,1.57
cost to window tint a car,https://mrtint.ca/pricing/,"commercial,informational","ai_overview,people_also_ask,discussions_and_forums,images,people_also_search,related_searches",170,0,1.45,4,11,0.66,MEDIUM,16700000,2025-12-14 06:33:09 +00:00,3.00,1.00,3.00,3.00,3.00,234.40,36.50,2.00,1.80,4.40,3.00,0.72,1.57
price to tint car,https://mrtint.ca/pricing/,commercial,"ai_overview,people_also_ask,images,people_also_search,related_searches",170,0,1.45,4,11,0.66,MEDIUM,27700000,2025-12-13 21:09:26 +00:00,3.00,1.00,3.00,3.00,3.00,219.10,31.10,1.60,1.50,3.90,2.70,0.72,1.57
tinting scarborough,https://mrtint.ca/,"navigational,commercial","local_pack,people_also_ask,related_searches",170,3,3.20,4,11,0.82,HIGH,665000,2025-11-12 05:53:41 +00:00,409.00,363.00,107.00,94.00,397.00,97.60,115.30,56.10,53.00,136.60,102.40,0.78,2.68
window tint car cost,https://mrtint.ca/pricing/,"transactional,commercial","people_also_ask,discussions_and_forums,popular_products,images,video,people_also_search,related_searches",170,0,1.73,4,11,0.12,LOW,17000000,2025-09-29 06:30:02 +00:00,3.00,1.00,3.00,3.00,3.00,346.70,27.30,3.30,3.20,5.20,3.30,0.73,1.72
car tint near me prices,https://mrtint.ca/pricing/,"commercial,navigational","people_also_ask,popular_products,people_also_search,related_searches,images",90,0,2.08,4,5,1.00,HIGH,14600000,2025-11-12 16:53:57 +00:00,3.00,1.00,3.00,3.00,3.00,280.90,6.30,0.30,0.30,1.20,0.10,0.69,2.07
how much does auto window tinting cost,https://mrtint.ca/pricing/,"commercial,transactional","featured_snippet,discussions_and_forums,popular_products,video,images,people_also_search,related_searches",90,0,3.58,4,5,0.42,MEDIUM,3770000,2025-11-10 12:47:56 +00:00,3.00,1.00,3.00,3.00,3.00,253.80,36.40,2.30,2.10,5.80,3.30,0.74,2.67
how much does tint car windows cost,https://mrtint.ca/pricing/,"commercial,transactional","featured_snippet,people_also_ask,popular_products,video,related_searches,images",90,0,3.58,4,5,0.42,MEDIUM,6680000,2025-11-08 12:03:31 +00:00,3.00,1.00,3.00,3.00,3.00,235.70,37.90,2.00,1.80,4.40,3.00,0.74,2.67
how much does window tinting cost for car,https://mrtint.ca/pricing/,commercial,"featured_snippet,people_also_ask,popular_products,related_searches,images",90,0,3.58,4,5,0.42,MEDIUM,7160000,2025-11-12 15:37:58 +00:00,3.00,1.00,3.00,3.00,3.00,247.60,22.70,1.90,1.70,4.10,2.00,0.74,2.67
headlight tint near me,https://mrtint.ca/tail-light-tinting/,transactional,"local_pack,people_also_ask,popular_products,related_searches,images",70,0,1.39,4,4,0.92,HIGH,7510000,2025-11-17 01:24:08 +00:00,,,,,,268.20,22.30,6.10,5.80,8.20,5.10,0.61,2.73
how much are window tints,https://mrtint.ca/pricing/,"commercial,transactional","ai_overview,people_also_ask,images,discussions_and_forums,popular_products,video,related_searches",70,0,2.25,4,4,0.41,MEDIUM,7730000,2025-11-10 12:31:28 +00:00,3.00,1.00,3.00,3.00,3.00,279.80,53.20,4.20,4.00,8.20,4.80,0.62,1.42
how much is tint,https://mrtint.ca/pricing/,commercial,"featured_snippet,people_also_ask,popular_products,images,people_also_search,related_searches",70,0,3.90,4,4,0.31,LOW,191000000,2025-11-16 15:33:38 +00:00,3.00,1.00,3.00,3.00,3.00,286.50,26.30,0.90,0.80,3.00,1.50,0.86,2.38
tail light tints near me,https://mrtint.ca/tail-light-tinting/,transactional,"local_pack,people_also_ask,people_also_search,popular_products,related_searches,images",70,0,0.65,4,4,0.88,HIGH,1340000,2025-10-02 02:35:13 +00:00,,,,,,299.20,10.40,0.30,0.30,0.40,0.10,,
how much are car window tints,https://mrtint.ca/pricing/,"commercial,transactional","ai_overview,people_also_ask,discussions_and_forums,images,popular_products,people_also_search,related_searches",720,0,2.80,5,33,0.72,HIGH,4740000,2025-12-11 01:23:34 +00:00,3.00,1.00,3.00,3.00,3.00,268.30,21.90,1.80,1.60,3.10,1.90,0.68,2.27
how much it costs to tint car windows,https://mrtint.ca/pricing/,commercial,"ai_overview,people_also_ask,popular_products,discussions_and_forums,video,related_searches,images",720,0,2.33,5,33,0.55,MEDIUM,5250000,2025-11-20 06:22:38 +00:00,3.00,1.00,3.00,3.00,3.00,226.20,11.50,0.60,0.50,0.70,0.30,0.73,1.87
how much to tint windows,https://mrtint.ca/pricing/,"commercial,informational","ai_overview,people_also_ask,images,discussions_and_forums,related_searches",720,0,2.33,5,33,0.55,MEDIUM,27200000,2025-11-20 06:37:40 +00:00,3.00,1.00,3.00,3.00,3.00,293.00,42.10,3.00,2.90,4.30,2.90,0.73,1.87
car glass tint cost,https://mrtint.ca/pricing/,"commercial,transactional","ai_overview,popular_products,people_also_ask,video,people_also_search,related_searches,images",390,0,2.13,5,18,0.42,MEDIUM,15800000,2025-11-22 17:34:20 +00:00,3.00,1.00,3.00,3.00,3.00,257.70,31.70,1.60,1.50,3.90,2.70,0.75,1.96
tinting car windows price,https://mrtint.ca/pricing/,"transactional,commercial","featured_snippet,discussions_and_forums,popular_products,related_searches,images",390,0,2.13,5,18,0.42,MEDIUM,2550000,2025-12-12 19:15:38 +00:00,3.00,1.00,3.00,3.00,3.00,267.50,11.50,0.60,0.50,0.70,0.30,0.75,1.96
window tinting cost car,https://mrtint.ca/pricing/,"commercial,navigational","ai_overview,discussions_and_forums,people_also_ask,images,popular_products,people_also_search,related_searches",390,0,2.13,5,18,0.42,MEDIUM,3950000,2025-11-22 11:09:58 +00:00,3.00,1.00,3.00,3.00,3.00,254.20,35.60,2.30,2.10,5.80,3.30,0.75,1.96
xpel window tint,https://mrtint.ca/pricing/,transactional,"people_also_ask,popular_products,video,related_searches,images",390,0,2.15,5,18,0.89,HIGH,1200000,2025-11-20 07:39:45 +00:00,3.00,1.00,3.00,3.00,3.00,394.50,38.40,5.20,5.00,9.00,6.80,0.67,2.46
glass tinting price,https://mrtint.ca/pricing/,"transactional,commercial","popular_products,people_also_ask,images,video,people_also_search,related_searches",320,0,1.85,5,15,0.57,MEDIUM,4870000,2025-11-22 23:40:31 +00:00,3.00,1.00,3.00,3.00,3.00,255.90,31.90,1.70,1.60,4.90,2.80,0.69,1.74
how much does window tint cost,https://mrtint.ca/pricing/,"commercial,transactional","ai_overview,people_also_ask,discussions_and_forums,popular_products,images,related_searches",260,0,2.87,5,12,0.47,MEDIUM,29200000,2025-12-16 19:17:32 +00:00,3.00,1.00,3.00,3.00,3.00,343.10,19.70,1.20,1.10,2.20,0.80,0.73,2.04
cheapest car tint near me,https://mrtint.ca/pricing/,transactional,"local_pack,people_also_ask,popular_products,people_also_search,related_searches,images",170,0,2.40,5,7,0.88,HIGH,9480000,2025-11-25 09:04:06 +00:00,3.00,1.00,3.00,3.00,3.00,346.60,12.80,0.40,0.30,0.40,0.20,0.90,2.70
cost of window tint for car,https://mrtint.ca/pricing/,"commercial,transactional","popular_products,people_also_ask,discussions_and_forums,video,related_searches,images",170,0,1.73,5,7,0.12,LOW,10700000,2025-11-07 13:07:42 +00:00,3.00,1.00,3.00,3.00,3.00,273.40,33.00,3.50,3.40,5.40,3.30,0.73,1.72
cost to tint windows car,https://mrtint.ca/pricing/,"commercial,informational","ai_overview,people_also_ask,discussions_and_forums,images,related_searches",170,0,1.45,5,7,0.66,MEDIUM,5840000,2025-12-14 06:43:46 +00:00,3.00,1.00,3.00,3.00,3.00,245.70,22.10,1.90,1.70,4.10,2.00,0.72,1.57
cost to tint windows in car,https://mrtint.ca/pricing/,"informational,commercial","ai_overview,people_also_ask,images,related_searches",170,0,1.45,5,7,0.66,MEDIUM,8420000,2025-12-14 06:43:46 +00:00,3.00,1.00,3.00,3.00,3.00,252.00,22.10,1.90,1.70,4.10,2.00,0.72,1.57
cost to tint windows on car,https://mrtint.ca/pricing/,"informational,commercial","ai_overview,people_also_ask,discussions_and_forums,images,related_searches",170,0,1.45,5,7,0.66,MEDIUM,8560000,2025-12-14 06:43:39 +00:00,3.00,1.00,3.00,3.00,3.00,263.50,22.10,1.90,1.70,4.10,2.00,0.72,1.57
tint scarborough,https://mrtint.ca/,"commercial,navigational","local_pack,people_also_search,related_searches,images",170,6,3.20,5,7,0.82,HIGH,550000,2025-11-25 16:31:01 +00:00,409.00,363.00,107.00,94.00,397.00,176.80,119.90,56.10,53.00,136.60,102.40,0.78,2.68
vehicle window tinting cost,https://mrtint.ca/pricing/,transactional,"ai_overview,people_also_ask,discussions_and_forums,images,related_searches",170,0,1.45,5,7,0.66,MEDIUM,3220000,2025-12-13 20:44:25 +00:00,3.00,1.00,3.00,3.00,3.00,225.00,21.90,1.80,1.60,3.10,1.90,0.72,1.57
how much does tint cost,https://mrtint.ca/pricing/,"commercial,informational","featured_snippet,people_also_ask,popular_products,images,video,related_searches",110,0,1.24,5,5,0.34,MEDIUM,71900000,2025-11-28 17:01:11 +00:00,3.00,1.00,3.00,3.00,3.00,286.90,19.70,0.90,0.80,1.90,0.60,0.69,1.96
xpel ceramic tint,https://mrtint.ca/pricing/,transactional,"people_also_ask,video,images,popular_products,related_searches",110,0,0.83,5,5,0.66,MEDIUM,1130000,2025-12-19 17:05:06 +00:00,3.00,1.00,3.00,3.00,3.00,366.30,12.30,0.50,0.50,0.50,0.30,0.60,1.67
car tinted near me prices,https://mrtint.ca/pricing/,"transactional,commercial","local_pack,people_also_ask,people_also_search,related_searches",90,0,2.08,5,4,1.00,HIGH,23500000,2025-11-12 16:53:55 +00:00,3.00,1.00,3.00,3.00,3.00,262.60,29.10,8.80,8.60,14.90,7.40,0.69,2.07
how much do tints for car windows cost,https://mrtint.ca/pricing/,"commercial,transactional","featured_snippet,people_also_ask,popular_products,video,people_also_search,related_searches,images",90,0,3.58,5,4,0.42,MEDIUM,1970000,2025-09-30 17:37:22 +00:00,3.00,1.00,3.00,3.00,3.00,,,,,,,0.74,2.67
how much does car tinting cost,https://mrtint.ca/pricing/,commercial,"ai_overview,people_also_ask,related_searches,images",90,0,2.27,5,4,0.48,MEDIUM,11000000,2025-11-10 13:03:47 +00:00,3.00,1.00,3.00,3.00,3.00,211.60,11.50,0.60,0.50,0.70,0.30,0.73,2.58
tinting service,https://mrtint.ca/,navigational,"local_pack,people_also_ask,people_also_search,related_searches",70,0,2.50,5,3,0.24,LOW,106000000,2025-11-30 16:06:47 +00:00,409.00,363.00,107.00,94.00,397.00,106.00,62.60,27.80,25.90,79.90,66.50,0.85,2.64
how much car tinted windows cost,https://mrtint.ca/pricing/,commercial,"ai_overview,people_also_ask,popular_products,discussions_and_forums,related_searches,images",720,0,2.33,6,24,0.55,MEDIUM,8610000,2025-11-07 07:10:35 +00:00,3.00,1.00,3.00,3.00,3.00,278.50,38.40,3.90,3.70,5.90,3.60,0.73,1.87
how much tinting car windows cost,https://mrtint.ca/pricing/,"commercial,informational","featured_snippet,people_also_ask,discussions_and_forums,popular_products,related_searches,images",720,0,2.33,6,24,0.55,MEDIUM,2420000,2025-11-09 06:52:27 +00:00,3.00,1.00,3.00,3.00,3.00,251.00,23.30,1.80,1.60,3.10,1.90,0.73,1.87
how much to tint car windows,https://mrtint.ca/pricing/,commercial,"ai_overview,people_also_ask,discussions_and_forums,images,popular_products,related_searches",720,0,2.80,6,24,0.72,HIGH,17700000,2025-12-11 01:12:16 +00:00,3.00,1.00,3.00,3.00,3.00,293.10,11.50,0.60,0.50,0.70,0.30,0.68,2.27
car window film price,https://mrtint.ca/pricing/,"transactional,commercial","popular_products,people_also_ask,discussions_and_forums,video,related_searches,images",390,0,2.13,6,13,0.42,MEDIUM,207000000,2025-11-22 17:34:10 +00:00,3.00,1.00,3.00,3.00,3.00,252.60,21.40,7.90,7.80,9.00,1.40,0.75,1.96
front window tint,https://mrtint.ca/pricing/,"transactional,commercial","people_also_ask,video,images,popular_products,related_searches",260,0,1.34,6,8,0.93,HIGH,38100000,2025-11-24 12:20:03 +00:00,3.00,1.00,3.00,3.00,3.00,458.10,53.30,5.10,4.90,9.00,6.40,0.93,2.65
tint windows scarborough,https://mrtint.ca/,commercial,"local_pack,people_also_ask,people_also_search,related_searches",260,9,2.62,6,8,0.87,HIGH,71300,2025-11-09 03:39:26 +00:00,409.00,363.00,107.00,94.00,397.00,159.90,130.10,56.20,53.10,136.70,102.50,0.89,3.10
cheapest car tinting near me,https://mrtint.ca/pricing/,"transactional,commercial","local_pack,people_also_ask,people_also_search,related_searches",170,0,2.40,6,5,0.88,HIGH,1480000,2025-12-13 20:13:22 +00:00,3.00,1.00,3.00,3.00,3.00,233.20,45.60,4.10,4.00,7.10,3.70,0.90,2.70
car window tinting etobicoke,https://mrtint.ca/,"commercial,transactional","local_pack,people_also_ask,people_also_search,related_searches",140,1,,6,4,0.01,LOW,72000,2025-11-13 23:25:34 +00:00,409.00,363.00,107.00,94.00,397.00,307.80,83.30,56.10,53.10,140.70,111.50,,
cheapest window tinting,https://mrtint.ca/pricing/,"commercial,navigational,transactional","local_pack,people_also_ask,popular_products,related_searches",110,0,2.22,6,3,1.00,HIGH,3420000,2025-11-30 07:40:40 +00:00,3.00,1.00,3.00,3.00,3.00,363.10,20.60,1.60,1.40,3.00,2.00,0.87,2.70
light tint,https://mrtint.ca/tail-light-tinting/,"commercial,transactional","popular_products,local_pack,people_also_ask,images,video,related_searches",110,0,0.61,6,3,0.82,HIGH,191000000,2025-11-09 09:56:49 +00:00,,,,,,400.90,3.50,0.30,0.30,0.30,0.10,0.19,0.78
how much does tint cost for a car,https://mrtint.ca/pricing/,"commercial,informational","ai_overview,popular_products,people_also_ask,images,related_searches",90,0,3.58,6,3,0.42,MEDIUM,46600000,2025-11-08 12:04:56 +00:00,3.00,1.00,3.00,3.00,3.00,239.60,26.60,2.70,2.60,3.50,2.00,0.74,2.67
how much does it cost to tint windows,https://mrtint.ca/pricing/,"commercial,informational","ai_overview,people_also_ask,discussions_and_forums,related_searches",70,0,1.94,6,2,0.51,MEDIUM,13400000,2025-11-16 15:37:12 +00:00,3.00,1.00,3.00,3.00,3.00,275.50,18.80,0.90,0.80,1.90,0.60,0.70,1.92
window tint pickering,https://mrtint.ca/,commercial,"local_pack,people_also_ask,popular_products,people_also_search,related_searches",50,5,2.17,6,1,0.37,MEDIUM,135000,2025-10-24 18:11:10 +00:00,409.00,363.00,107.00,94.00,397.00,194.20,114.70,35.00,32.90,93.80,73.60,0.85,2.72
ceramic tint,https://mrtint.ca/pricing/,"transactional,commercial","people_also_ask,video,images,related_searches",1900,4,1.76,7,48,0.95,HIGH,18000000,2025-12-10 01:45:52 +00:00,3.00,1.00,3.00,3.00,3.00,346.70,95.90,48.50,47.20,79.20,51.90,0.74,2.18
how much is tint for car windows,https://mrtint.ca/pricing/,"commercial,transactional","ai_overview,popular_products,people_also_ask,discussions_and_forums,images,people_also_search,related_searches",720,0,2.33,7,18,0.55,MEDIUM,17900000,2025-12-11 01:33:39 +00:00,3.00,1.00,3.00,3.00,3.00,265.70,16.50,1.40,1.30,2.60,1.60,0.73,1.87
xpel tint,https://mrtint.ca/pricing/,transactional,"people_also_ask,images,video,popular_products,related_searches",480,0,2.17,7,12,0.86,HIGH,1760000,2025-11-02 01:34:40 +00:00,3.00,1.00,3.00,3.00,3.00,469.10,52.30,19.80,18.70,47.80,40.30,0.73,2.33
front windows tinted,https://mrtint.ca/pricing/,"commercial,transactional","people_also_ask,popular_products,video,related_searches",260,0,1.34,7,6,0.93,HIGH,22200000,2025-11-09 04:07:28 +00:00,3.00,1.00,3.00,3.00,3.00,456.90,26.20,1.90,1.80,3.80,2.60,0.93,2.65
how much does window tinting cost,https://mrtint.ca/pricing/,commercial,"featured_snippet,people_also_ask,discussions_and_forums,people_also_search,related_searches",260,0,2.87,7,6,0.47,MEDIUM,5220000,2025-11-24 11:16:09 +00:00,3.00,1.00,3.00,3.00,3.00,275.70,18.80,0.90,0.80,1.90,0.60,0.73,2.04
window tint scarborough,https://mrtint.ca/,"commercial,navigational","local_pack,people_also_ask,people_also_search,related_searches",260,3,2.62,7,6,0.87,HIGH,247000,2025-11-22 23:58:02 +00:00,409.00,363.00,107.00,94.00,397.00,172.40,109.20,48.00,45.10,124.60,96.40,0.89,3.10
how much do tints cost,https://mrtint.ca/pricing/,commercial,"people_also_ask,popular_products,images,related_searches",110,0,1.24,7,2,0.34,MEDIUM,8550000,2025-10-19 08:00:49 +00:00,3.00,1.00,3.00,3.00,3.00,341.10,6.10,0.20,0.20,0.20,0.00,0.69,1.96
how much does window tinting cost for a car,https://mrtint.ca/pricing/,commercial,"ai_overview,people_also_ask,related_searches,images",90,0,3.58,7,2,0.42,MEDIUM,4200000,2025-12-01 03:43:32 +00:00,3.00,1.00,3.00,3.00,3.00,267.00,38.20,4.00,3.80,6.90,3.70,0.74,2.67
tint place,https://mrtint.ca/,navigational,"local_pack,people_also_ask,people_also_search,related_searches",90,9,2.53,7,2,0.70,HIGH,142000000,2025-10-18 13:04:58 +00:00,409.00,363.00,107.00,94.00,397.00,178.10,130.90,39.50,37.40,107.60,78.30,1.11,3.56
pre cut tint canada,https://mrtint.ca/precutppf/,transactional,"related_searches,images",70,0,1.15,7,1,0.93,HIGH,4240000,2025-11-11 03:28:15 +00:00,,,,,,,,,,,,0.40,1.43
precut tint canada,https://mrtint.ca/precutppf/,transactional,"popular_products,related_searches,images",70,0,1.15,7,1,0.93,HIGH,370000,2025-12-02 01:32:59 +00:00,,,,,,263.90,6.20,0.00,0.00,0.00,0.00,0.40,1.43
tinting company,https://mrtint.ca/,navigational,"local_pack,people_also_ask,related_searches,images",70,23,1.77,7,1,0.18,LOW,180000000,2025-11-16 09:35:07 +00:00,409.00,363.00,107.00,94.00,397.00,206.30,172.50,92.80,88.10,1356.60,913.70,1.10,2.13
tint shop pickering,https://mrtint.ca/,"commercial,transactional","people_also_ask,related_searches,knowledge_graph,google_reviews,third_party_reviews,images",50,2,2.43,7,1,0.52,MEDIUM,269000,2025-10-26 14:34:58 +00:00,409.00,363.00,107.00,94.00,397.00,240.60,97.70,29.10,27.30,85.90,67.80,1.07,6.82
window tinting ajax,https://mrtint.ca/,"commercial,navigational","local_pack,people_also_ask,people_also_search,related_searches",50,3,2.34,7,1,0.68,HIGH,336000,2025-10-24 18:11:17 +00:00,409.00,363.00,107.00,94.00,397.00,183.50,107.00,31.70,29.90,90.50,68.70,0.78,2.36
window tinting pickering,https://mrtint.ca/,"commercial,navigational","local_pack,people_also_search,related_searches",50,0,2.17,7,1,0.37,MEDIUM,208000,2025-10-24 18:11:06 +00:00,409.00,363.00,107.00,94.00,397.00,130.10,97.70,29.10,27.30,85.90,67.80,0.85,2.72
precut window tint canada,https://mrtint.ca/precutppf/,transactional,"people_also_search,people_also_ask,related_searches,knowledge_graph,google_reviews",210,0,1.05,8,4,0.96,HIGH,210000,2025-12-17 00:19:14 +00:00,,,,,,322.20,6.20,0.10,0.10,0.20,0.20,0.47,1.37
cheapest window tinting near me,https://mrtint.ca/pricing/,transactional,"local_pack,people_also_ask,related_searches",170,0,2.40,8,3,0.88,HIGH,6800000,2025-11-04 16:22:45 +00:00,3.00,1.00,3.00,3.00,3.00,230.00,75.80,23.20,22.60,39.80,21.90,0.90,2.70
cheap tinting windows,https://mrtint.ca/pricing/,"transactional,commercial","local_pack,people_also_ask,popular_products,video,related_searches",110,0,3.03,8,2,0.90,HIGH,7780000,2025-11-30 07:41:37 +00:00,3.00,1.00,3.00,3.00,3.00,419.40,55.10,24.10,22.80,58.50,41.70,0.82,3.09
shades of auto tint,https://mrtint.ca/auto-tint-selector/,"commercial,navigational","ai_overview,images,people_also_ask,video,related_searches,google_reviews,knowledge_graph",110,5,0.10,8,2,1.00,HIGH,10800000,2025-11-09 07:10:17 +00:00,,,,,,265.30,110.00,39.90,38.10,99.40,77.10,,
ceramic window tint near me,https://mrtint.ca/pricing/,transactional,"local_pack,people_also_ask,people_also_search,related_searches",90,7,2.96,8,1,0.71,HIGH,7180000,2025-11-12 16:38:22 +00:00,3.00,1.00,3.00,3.00,3.00,195.60,126.70,51.00,48.90,94.90,63.60,1.00,2.38
how much window tint cost,https://mrtint.ca/pricing/,commercial,"people_also_ask,popular_products,discussions_and_forums,video,related_searches,images",90,0,1.74,8,1,0.58,MEDIUM,27500000,2025-11-10 12:29:48 +00:00,3.00,1.00,3.00,3.00,3.00,234.40,26.30,0.90,0.80,3.00,1.50,0.73,1.75
window tinting for homes prices,https://mrtint.ca/pricing/,commercial,"popular_products,people_also_ask,people_also_search,related_searches",40,1,4.01,8,0,0.92,HIGH,3350000,2025-10-24 18:11:06 +00:00,3.00,1.00,3.00,3.00,3.00,485.20,65.30,14.70,14.70,32.50,26.70,1.06,3.26
ceramic window tint,https://mrtint.ca/pricing/,transactional,"local_pack,people_also_ask,images,related_searches",720,6,1.27,9,10,0.89,HIGH,9190000,2025-12-11 02:59:41 +00:00,3.00,1.00,3.00,3.00,3.00,453.10,81.40,22.00,21.80,25.80,10.10,0.52,1.91
ceramic tint near me,https://mrtint.ca/pricing/,transactional,"local_pack,people_also_ask,people_also_search,related_searches,images",480,0,3.09,9,7,0.75,HIGH,12700000,2025-11-22 09:41:47 +00:00,3.00,1.00,3.00,3.00,3.00,206.10,79.10,36.40,35.00,71.30,51.10,0.86,2.50
tint oshawa,https://mrtint.ca/,"commercial,navigational","local_pack,people_also_ask,people_also_search,related_searches,images",320,0,2.04,9,4,0.15,LOW,219000,2025-12-05 18:26:52 +00:00,409.00,363.00,107.00,94.00,397.00,256.20,78.50,36.80,34.90,101.30,74.90,1.00,1.88
car tinting oshawa,https://mrtint.ca/,"commercial,navigational","local_pack,people_also_ask,people_also_search,related_searches,images",210,0,2.32,9,3,0.91,HIGH,34200,2025-11-25 09:28:56 +00:00,409.00,363.00,107.00,94.00,397.00,202.20,92.30,38.30,34.80,105.80,76.60,0.79,1.93
tint gta,https://mrtint.ca/,commercial,"local_pack,people_also_ask,people_also_search,related_searches,images",170,7,1.61,9,2,0.27,LOW,5490000,2025-12-17 18:59:55 +00:00,409.00,363.00,107.00,94.00,397.00,328.90,107.80,61.60,57.90,162.40,116.10,0.83,2.67
tint in ontario,https://mrtint.ca/ontariowindowtintinglaw/,navigational,"featured_snippet,people_also_ask,video,related_searches,images",140,0,0.85,9,2,0.11,LOW,7860000,2025-11-14 09:36:14 +00:00,,,,,,374.60,31.50,2.10,2.10,2.80,2.00,,
car tinting cheap,https://mrtint.ca/pricing/,"transactional,commercial","discussions_and_forums,people_also_ask,local_pack,popular_products,related_searches",110,0,3.03,9,1,0.90,HIGH,11300000,2025-11-30 08:23:32 +00:00,3.00,1.00,3.00,3.00,3.00,367.00,28.90,8.70,8.50,13.90,7.30,0.82,3.09
window tinting cheap,https://mrtint.ca/pricing/,transactional,"local_pack,people_also_ask,popular_products,people_also_search,related_searches,images",110,0,3.03,9,1,0.90,HIGH,10900000,2025-11-28 02:01:32 +00:00,3.00,1.00,3.00,3.00,3.00,427.90,44.60,2.00,1.90,5.60,4.00,0.82,3.09
how much do car window tints cost,https://mrtint.ca/pricing/,"transactional,commercial","ai_overview,people_also_ask,images,popular_products,related_searches",90,0,3.58,9,1,0.42,MEDIUM,1870000,2025-12-14 22:49:40 +00:00,3.00,1.00,3.00,3.00,3.00,382.40,32.00,3.50,3.40,5.40,3.30,0.74,2.67
tint installer,https://mrtint.ca/,"navigational,commercial","local_pack,video,people_also_ask,related_searches,images",50,4,7.78,9,0,0.63,MEDIUM,38000000,2025-10-26 14:33:08 +00:00,409.00,363.00,107.00,94.00,397.00,437.10,81.90,30.20,27.80,113.30,97.80,1.05,2.03
tint vehicle windows,https://mrtint.ca/pricing/,"commercial,navigational,transactional","local_pack,people_also_ask,video,popular_products,related_searches",320,0,1.99,10,3,0.07,LOW,12900000,2025-11-12 05:55:02 +00:00,3.00,1.00,3.00,3.00,3.00,305.80,30.40,0.60,0.50,1.00,0.80,0.67,2.62
auto tint scarborough,https://mrtint.ca/,"commercial,navigational","local_pack,people_also_ask,related_searches",260,8,2.62,10,2,0.87,HIGH,186000,2025-11-12 04:12:07 +00:00,409.00,363.00,107.00,94.00,397.00,185.80,128.40,65.20,61.70,154.60,108.70,0.89,3.10
how much do tinted windows cost,https://mrtint.ca/pricing/,"commercial,transactional","people_also_ask,discussions_and_forums,images,popular_products,related_searches",260,0,2.87,10,2,0.47,MEDIUM,30200000,2025-11-24 11:16:28 +00:00,3.00,1.00,3.00,3.00,3.00,310.20,34.30,3.00,2.90,4.70,2.30,0.73,2.04
auto tinting oshawa,https://mrtint.ca/,"navigational,commercial","local_pack,people_also_ask,people_also_search,related_searches",210,1,2.32,10,2,0.91,HIGH,47500,2025-11-04 17:45:52 +00:00,409.00,363.00,107.00,94.00,397.00,220.20,92.20,38.30,34.80,105.80,76.60,0.79,1.93
car tint scarborough,https://mrtint.ca/pricing/,commercial,"local_pack,people_also_ask,people_also_search,related_searches",210,0,4.01,10,2,0.75,HIGH,294000,2025-12-17 06:32:51 +00:00,3.00,1.00,3.00,3.00,3.00,169.50,82.10,31.30,30.00,67.90,38.10,0.79,2.49
car tinting scarborough,https://mrtint.ca/,"commercial,navigational","local_pack,people_also_search,related_searches,images",210,4,4.01,10,2,0.75,HIGH,166000,2025-12-17 06:32:47 +00:00,409.00,363.00,107.00,94.00,397.00,182.00,110.30,41.60,39.10,105.20,74.90,0.79,2.49
cheapest window tint near me,https://mrtint.ca/pricing/,transactional,"local_pack,people_also_ask,popular_products,related_searches",170,0,2.40,10,1,0.88,HIGH,20900000,2025-12-13 20:13:30 +00:00,3.00,1.00,3.00,3.00,3.00,231.20,22.70,8.50,8.20,12.40,6.20,0.90,2.70
tinting gta,https://mrtint.ca/pricing/,"commercial,navigational","local_pack,video,people_also_ask,related_searches,images",170,3,1.61,10,1,0.27,LOW,3710000,2025-11-25 16:31:04 +00:00,3.00,1.00,3.00,3.00,3.00,141.00,111.10,62.00,59.10,130.20,87.20,0.83,2.67
tinting ontario,https://mrtint.ca/pricing/,navigational,"ai_overview,local_pack,people_also_ask,video,related_searches",140,0,0.85,10,1,0.11,LOW,7430000,2025-11-26 19:56:04 +00:00,3.00,1.00,3.00,3.00,3.00,220.40,59.40,25.30,24.00,52.70,43.30,,
ceramic window tinting near me,https://mrtint.ca/pricing/,transactional,"local_pack,people_also_ask,related_searches",110,4,2.63,10,1,0.57,MEDIUM,2830000,2025-12-14 21:36:12 +00:00,3.00,1.00,3.00,3.00,3.00,219.10,98.60,33.20,31.60,72.30,49.60,0.72,2.19
mobile car window tint,https://mrtint.ca/,transactional,"popular_products,people_also_ask,video,people_also_search,related_searches,images",70,0,2.21,10,0,0.78,HIGH,14800000,2025-11-15 08:22:56 +00:00,409.00,363.00,107.00,94.00,397.00,147.50,64.70,17.20,15.70,65.80,57.50,0.90,2.70
tint for truck windows,https://mrtint.ca/,"commercial,transactional","people_also_ask,discussions_and_forums,video,popular_products,related_searches,images",70,0,1.85,10,0,1.00,HIGH,6780000,2025-11-12 13:45:42 +00:00,409.00,363.00,107.00,94.00,397.00,394.50,58.70,15.60,13.90,63.30,56.90,0.44,3.20
windshield tint ceramic,https://mrtint.ca/pricing/,"transactional,commercial","ai_overview,people_also_ask,people_also_search,video,images,popular_products,related_searches",70,0,4.67,10,0,0.97,HIGH,3510000,2025-12-01 14:29:19 +00:00,3.00,1.00,3.00,3.00,3.00,377.50,66.10,21.30,21.00,25.80,10.60,0.51,1.78
auto tinting scarborough,https://mrtint.ca/,"navigational,commercial","local_pack,people_also_search,people_also_ask,related_searches",260,1,2.92,11,2,0.88,HIGH,116000,2025-11-24 15:11:07 +00:00,409.00,363.00,107.00,94.00,397.00,174.40,97.60,43.80,41.90,83.70,48.90,0.83,3.05
markham window tint ppf inc,https://mrtint.ca/pricing/,commercial,"people_also_ask,related_searches,google_reviews,knowledge_graph,images",260,0,0.13,11,2,0.07,LOW,5240,2025-12-16 18:11:10 +00:00,3.00,1.00,3.00,3.00,3.00,460.00,24.90,11.00,10.40,21.40,6.60,,
tinting gta scarborough,https://mrtint.ca/,"commercial,informational,navigational","people_also_search,people_also_ask,related_searches,google_reviews,knowledge_graph,images",210,3,4.53,11,1,0.04,LOW,34800,2025-11-24 18:37:21 +00:00,409.00,363.00,107.00,94.00,397.00,327.00,92.40,35.70,33.90,78.30,44.50,,
gta tint,https://mrtint.ca/,commercial,"local_pack,discussions_and_forums,people_also_ask,people_also_search,related_searches,images",170,0,1.61,11,1,0.27,LOW,4810000,2025-12-18 07:52:14 +00:00,409.00,363.00,107.00,94.00,397.00,189.20,82.10,52.80,50.80,122.40,83.50,0.83,2.67
a one window tinting,https://mrtint.ca/pricing/,"navigational,commercial","ai_overview,people_also_ask,related_searches,knowledge_graph,google_reviews,images",110,1,,11,1,0.04,LOW,9740000,2025-11-30 12:01:49 +00:00,3.00,1.00,3.00,3.00,3.00,779.60,30.10,19.50,18.40,46.00,38.70,,
tint tail lights,https://mrtint.ca/tail-light-tinting/,transactional,"video,people_also_ask,discussions_and_forums,images,related_searches,knowledge_graph,google_reviews",110,0,0.20,11,1,1.00,HIGH,7390000,2025-10-18 13:04:43 +00:00,,,,,,328.40,35.90,1.80,1.20,11.90,10.50,0.29,1.40
window tints cheap,https://mrtint.ca/pricing/,"commercial,transactional","local_pack,people_also_ask,discussions_and_forums,popular_products,video,related_searches",110,0,3.03,11,1,0.90,HIGH,7840000,2025-11-28 01:50:10 +00:00,3.00,1.00,3.00,3.00,3.00,374.10,60.90,35.50,34.20,68.10,47.00,0.82,3.09
where to tint my car windows,https://mrtint.ca/,transactional,"local_pack,people_also_ask,popular_products,related_searches,images",70,0,2.97,11,0,0.94,HIGH,16100000,2025-11-11 01:29:11 +00:00,409.00,363.00,107.00,94.00,397.00,341.10,71.90,10.40,9.60,20.00,15.40,0.77,2.19
car tint ontario,https://mrtint.ca/,"commercial,navigational","ai_overview,people_also_ask,local_pack,carousel,video,related_searches,images",390,0,2.29,12,2,0.33,LOW,4230000,2025-11-22 17:46:42 +00:00,409.00,363.00,107.00,94.00,397.00,172.00,54.50,19.30,18.70,32.80,14.30,0.92,2.81
window tint in ontario,https://mrtint.ca/ontariowindowtintinglaw/,"commercial,navigational","ai_overview,people_also_ask,video,carousel,related_searches,images",390,0,2.29,12,2,0.33,LOW,3170000,2025-11-07 08:45:25 +00:00,,,,,,331.00,13.70,0.80,0.80,1.10,0.50,0.92,2.81
car tint etobicoke,https://mrtint.ca/,commercial,"local_pack,people_also_ask,people_also_search,related_searches",210,0,2.89,12,1,0.08,LOW,69600,2025-11-29 21:20:34 +00:00,409.00,363.00,107.00,94.00,397.00,228.40,59.20,42.80,41.20,81.80,57.70,0.80,3.32
pre cut window tint canada,https://mrtint.ca/precutppf/,transactional,"discussions_and_forums,related_searches",210,0,1.03,12,1,0.93,HIGH,1720000,2025-12-13 18:56:56 +00:00,,,,,,270.20,6.20,0.00,0.00,0.00,0.00,0.39,1.37
window tint etobicoke,https://mrtint.ca/,commercial,"local_pack,people_also_ask,people_also_search,related_searches",210,0,2.89,12,1,0.08,LOW,49200,2025-11-09 05:15:41 +00:00,409.00,363.00,107.00,94.00,397.00,188.60,59.80,38.00,36.30,69.90,52.00,0.80,3.32
home window tinting near me,https://mrtint.ca/,"navigational,transactional","local_pack,people_also_ask,related_searches,images",170,0,2.41,12,1,0.07,LOW,7020000,2025-11-12 07:23:41 +00:00,409.00,363.00,107.00,94.00,397.00,299.10,54.40,23.60,23.30,45.00,30.00,1.02,3.95
tinting commercial windows,https://mrtint.ca/commercial-tinting/,"transactional,navigational,commercial","local_pack,video,people_also_ask,related_searches,images",170,0,7.58,12,1,0.91,HIGH,4160000,2025-12-13 20:48:43 +00:00,,,,,,319.40,58.30,14.80,14.60,18.60,10.30,1.60,9.04
car film tint,https://mrtint.ca/,"commercial,transactional","local_pack,popular_products,people_also_ask,video,related_searches,images",110,1,0.71,12,0,0.73,HIGH,26600000,2025-12-14 22:30:23 +00:00,409.00,363.00,107.00,94.00,397.00,380.30,75.10,31.90,30.40,66.60,50.20,0.29,1.50
tinting car windows,https://mrtint.ca/,"commercial,navigational","local_pack,people_also_ask,video,related_searches,images",6600,9,1.74,13,38,0.48,MEDIUM,4590000,2025-10-30 00:24:57 +00:00,409.00,363.00,107.00,94.00,397.00,386.10,111.60,34.40,31.80,78.60,64.00,0.78,2.61
precut window tint,https://mrtint.ca/precutppf/,transactional,"related_searches,knowledge_graph,images",480,0,0.93,13,2,0.99,HIGH,934000,2025-11-22 06:20:34 +00:00,,,,,,279.80,6.20,0.00,0.00,0.00,0.00,0.37,1.61
window tinting kits,https://mrtint.ca/product-category/window-tint-kits/,"commercial,transactional","popular_products,people_also_ask,related_searches,images",170,0,0.45,13,1,1.00,HIGH,1560000,2025-11-09 04:31:14 +00:00,,,,,,249.70,1.50,0.10,0.10,0.30,0.30,0.27,1.09
ceramic auto tint near me,https://mrtint.ca/pricing/,transactional,"local_pack,people_also_ask,related_searches",90,1,2.96,13,0,0.71,HIGH,7590000,2025-12-15 00:43:52 +00:00,3.00,1.00,3.00,3.00,3.00,204.40,93.90,32.80,31.20,64.90,50.20,1.00,2.38
ceramic windshield tint,https://mrtint.ca/pricing/,transactional,"ai_overview,people_also_ask,video,local_pack,images,related_searches",70,0,4.67,13,0,0.97,HIGH,3490000,2025-12-03 08:00:50 +00:00,3.00,1.00,3.00,3.00,3.00,342.20,61.90,21.30,21.00,25.80,10.70,0.51,1.78
mobile auto window tinting,https://mrtint.ca/,"navigational,commercial","people_also_ask,people_also_search,related_searches,images",70,0,2.21,13,0,0.78,HIGH,3450000,2025-11-15 08:23:28 +00:00,409.00,363.00,107.00,94.00,397.00,270.30,14.40,0.40,0.40,1.70,1.30,0.90,2.70
tinting car lights,https://mrtint.ca/tail-light-tinting/,"commercial,transactional","ai_overview,video,people_also_ask,discussions_and_forums,local_pack,images,related_searches",70,0,0.83,13,0,0.90,HIGH,3930000,2025-11-16 09:35:08 +00:00,,,,,,455.40,57.60,2.80,1.60,23.00,20.60,0.28,2.31
where to get my car tinted,https://mrtint.ca/,transactional,"local_pack,people_also_ask,related_searches",70,1,2.97,13,0,0.94,HIGH,44800000,2025-11-11 01:26:17 +00:00,409.00,363.00,107.00,94.00,397.00,364.20,76.80,11.30,11.00,29.50,19.60,0.77,2.19
window tint,https://mrtint.ca/,"navigational,commercial","local_pack,popular_products,people_also_ask,images,related_searches",18100,0,1.69,14,101,0.72,HIGH,71100000,2025-12-08 15:58:19 +00:00,409.00,363.00,107.00,94.00,397.00,404.50,69.20,14.10,13.80,19.70,8.80,0.76,3.04
tint car lights,https://mrtint.ca/tail-light-tinting/,"transactional,commercial","people_also_ask,video,local_pack,discussions_and_forums,related_searches,images",720,0,0.60,14,4,1.00,HIGH,24700000,2025-11-19 23:25:23 +00:00,,,,,,471.70,3.50,0.30,0.30,0.30,0.10,0.31,1.10
pre-cut auto tint,https://mrtint.ca/precutppf/,transactional,"popular_products,related_searches,knowledge_graph,images",480,0,0.93,14,2,0.99,HIGH,5980000,2025-11-22 06:32:51 +00:00,,,,,,,,,,,,0.37,1.61
how much does it cost to tint car windows,https://mrtint.ca/pricing/,commercial,"ai_overview,people_also_ask,discussions_and_forums,related_searches",210,0,2.68,14,1,0.65,MEDIUM,9140000,2025-11-25 04:10:02 +00:00,3.00,1.00,3.00,3.00,3.00,273.30,44.40,4.70,4.60,6.70,4.40,0.64,2.42
cheap car tinting,https://mrtint.ca/,"commercial,navigational","local_pack,people_also_ask,popular_products,related_searches",110,0,3.03,14,0,0.90,HIGH,11700000,2025-11-30 07:43:15 +00:00,409.00,363.00,107.00,94.00,397.00,387.00,60.40,13.20,12.80,21.30,11.30,0.82,3.09
car window tint,https://mrtint.ca/,transactional,"local_pack,people_also_ask,popular_products,images,related_searches",6600,0,1.74,15,33,0.48,MEDIUM,43100000,2025-12-09 22:29:07 +00:00,409.00,363.00,107.00,94.00,397.00,342.60,72.10,23.20,21.70,52.10,43.70,0.78,2.61
ceramic tinting near me,https://mrtint.ca/pricing/,"transactional,navigational","local_pack,people_also_ask,related_searches",480,27,3.17,15,2,0.98,HIGH,2710000,2025-11-22 09:55:51 +00:00,3.00,1.00,3.00,3.00,3.00,224.70,149.80,51.20,49.30,114.50,87.90,0.83,2.86
pre cut window tint,https://mrtint.ca/precutppf/,transactional,"discussions_and_forums,video,related_searches,knowledge_graph,images",480,0,0.93,15,2,0.99,HIGH,8040000,2025-12-12 14:00:05 +00:00,,,,,,335.70,6.20,0.00,0.00,0.00,0.00,0.37,1.61
car windshield tint film,https://mrtint.ca/,"commercial,transactional","popular_products,people_also_ask,video,related_searches,images",260,1,0.48,15,1,0.78,HIGH,4880000,2025-09-24 18:39:28 +00:00,409.00,363.00,107.00,94.00,397.00,476.10,66.00,19.80,19.70,23.80,7.70,0.28,1.40
commercial window tinting,https://mrtint.ca/commercial-tinting/,"navigational,transactional,commercial","local_pack,people_also_ask,popular_products,related_searches",170,0,7.58,15,0,0.91,HIGH,4560000,2025-11-26 09:58:53 +00:00,,,,,,353.80,65.10,26.00,25.60,33.40,19.20,1.60,9.04
legit tint,https://mrtint.ca/,"transactional,commercial","people_also_ask,related_searches,google_reviews,knowledge_graph,images",110,0,1.06,15,0,0.20,LOW,8970000,2025-11-12 09:29:52 +00:00,409.00,363.00,107.00,94.00,397.00,396.70,52.50,19.60,18.30,77.50,70.70,0.40,1.05
window visors canada,https://mrtint.ca/windowvisors/,transactional,"local_pack,people_also_ask,related_searches",70,0,4.51,15,0,0.97,HIGH,2520000,2025-11-12 21:01:33 +00:00,,,,,,,,,,,,0.19,1.09
car tints,https://mrtint.ca/,"commercial,navigational","local_pack,people_also_ask,popular_products,images,related_searches",4400,0,2.16,16,18,0.46,MEDIUM,26100000,2025-11-11 11:01:07 +00:00,409.00,363.00,107.00,94.00,397.00,315.70,76.80,32.30,30.70,85.70,71.20,0.89,2.82
pre cut tint,https://mrtint.ca/precutppf/,transactional,"discussions_and_forums,popular_products,related_searches,knowledge_graph,images",480,0,0.93,16,2,0.99,HIGH,39100000,2025-10-12 15:38:29 +00:00,,,,,,,,,,,,0.37,1.61
precut tint,https://mrtint.ca/precutppf/,transactional,"people_also_ask,discussions_and_forums,video,related_searches,knowledge_graph,images",480,0,0.93,16,2,0.99,HIGH,1120000,2025-12-15 13:15:14 +00:00,,,,,,298.90,6.20,0.00,0.00,0.00,0.00,0.37,1.61
car wind visor,https://mrtint.ca/windowvisors/,transactional,"popular_products,people_also_ask,video,related_searches,images",320,0,0.48,16,1,1.00,HIGH,10700000,2025-11-24 00:00:07 +00:00,,,,,,,,,,,,0.22,0.68
tinting solutions,https://mrtint.ca/,"navigational,commercial","local_pack,people_also_ask,video,related_searches,images",210,0,0.10,16,0,0.10,LOW,30900000,2025-12-16 23:57:00 +00:00,409.00,363.00,107.00,94.00,397.00,391.10,35.20,21.50,20.60,50.30,41.40,1.02,5.05
front window tint ontario,https://mrtint.ca/ontariowindowtintinglaw/,"commercial,transactional","ai_overview,people_also_ask,video,related_searches,images",110,0,,16,0,0.09,LOW,1710000,2025-11-12 10:37:50 +00:00,,,,,,359.90,13.80,0.70,0.70,1.00,0.40,,
get tint,https://mrtint.ca/,"commercial,navigational","ai_overview,people_also_ask,related_searches,knowledge_graph,google_reviews,images",110,5,,16,0,0.10,LOW,203000000,2025-11-10 13:39:48 +00:00,409.00,363.00,107.00,94.00,397.00,388.90,93.00,30.40,29.20,59.70,47.40,0.70,2.34
shades auto tint,https://mrtint.ca/auto-tint-selector/,transactional,"local_pack,people_also_ask,video,related_searches,images",110,0,0.10,16,0,1.00,HIGH,7900000,2025-11-28 06:41:36 +00:00,,,,,,323.30,60.10,32.50,31.10,60.30,47.60,,
tinted windows cheap,https://mrtint.ca/,"transactional,commercial","popular_products,people_also_ask,video,related_searches",110,0,3.03,16,0,0.90,HIGH,44400000,2025-11-28 04:51:44 +00:00,409.00,363.00,107.00,94.00,397.00,437.30,20.90,9.30,9.00,14.40,7.60,0.82,3.09
vehicle tinting,https://mrtint.ca/,"navigational,commercial","ai_overview,people_also_ask,video,top_stories,related_searches,google_reviews,knowledge_graph,images",90,0,3.79,16,0,0.86,HIGH,37500000,2025-11-29 00:36:03 +00:00,409.00,363.00,107.00,94.00,397.00,388.50,49.50,20.70,19.60,48.50,40.40,0.87,2.92
window tinting experts,https://mrtint.ca/,"navigational,commercial","ai_overview,people_also_ask,related_searches,google_reviews,knowledge_graph",50,4,,16,0,0.43,MEDIUM,3760000,2025-10-24 18:11:09 +00:00,409.00,363.00,107.00,94.00,397.00,201.00,75.30,31.40,30.30,55.00,27.20,,
car tint windows,https://mrtint.ca/,commercial,"local_pack,popular_products,people_also_ask,video,related_searches,images",6600,0,1.74,17,28,0.48,MEDIUM,20900000,2025-11-08 23:25:36 +00:00,409.00,363.00,107.00,94.00,397.00,378.00,44.30,4.70,4.50,8.00,4.10,0.78,2.61
gta tinting,https://mrtint.ca/,"navigational,commercial","local_pack,people_also_search,related_searches,images",170,0,1.61,17,0,0.27,LOW,2070000,2025-12-18 07:52:00 +00:00,409.00,363.00,107.00,94.00,397.00,108.30,87.90,50.80,48.60,116.90,80.60,0.83,2.67
toronto window films,https://mrtint.ca/,"commercial,navigational","local_pack,people_also_search,popular_products,related_searches",170,7,5.64,17,0,0.13,LOW,27900000,2025-11-26 19:21:25 +00:00,409.00,363.00,107.00,94.00,397.00,203.90,124.80,17.00,15.90,40.60,15.10,1.08,8.00
colored tint,https://mrtint.ca/,"commercial,transactional","people_also_ask,images,video,popular_products,related_searches",140,0,0.29,17,0,0.26,LOW,177000000,2025-12-14 10:15:57 +00:00,409.00,363.00,107.00,94.00,397.00,299.70,65.90,29.70,28.40,61.10,47.30,,
automotive window tinting service,https://mrtint.ca/,"navigational,commercial","local_pack,people_also_ask,related_searches",110,0,3.70,17,0,0.06,LOW,5170000,2025-12-04 03:37:57 +00:00,409.00,363.00,107.00,94.00,397.00,232.50,63.20,12.10,11.70,15.80,11.80,,
vehicle tints,https://mrtint.ca/,"commercial,navigational","local_pack,people_also_ask,popular_products,images,related_searches",90,0,3.79,17,0,0.86,HIGH,4090000,2025-11-29 00:36:28 +00:00,409.00,363.00,107.00,94.00,397.00,324.60,66.40,23.60,20.80,53.30,43.60,0.87,2.92
xpel ppf near me,https://mrtint.ca/pricing/,transactional,"local_pack,people_also_ask,related_searches",70,1,4.89,17,0,0.77,HIGH,1320000,2025-11-12 20:08:10 +00:00,3.00,1.00,3.00,3.00,3.00,313.20,83.90,27.60,26.10,92.40,80.50,1.32,5.82
tint vinyl,https://mrtint.ca/,transactional,"popular_products,people_also_ask,related_searches,images",50,4,0.34,17,0,1.00,HIGH,18500000,2025-10-26 14:36:05 +00:00,409.00,363.00,107.00,94.00,397.00,360.20,90.40,55.10,53.40,150.90,129.40,0.23,1.46
car window tinting film,https://mrtint.ca/,"commercial,transactional","ai_overview,popular_products,people_also_ask,people_also_search,discussions_and_forums,video,related_searches,images",260,1,0.48,18,0,0.78,HIGH,4010000,2025-11-09 04:19:56 +00:00,409.00,363.00,107.00,94.00,397.00,306.90,82.70,39.90,38.30,93.60,71.80,0.28,1.40
cheap car tint,https://mrtint.ca/,transactional,"local_pack,people_also_ask,popular_products,video,related_searches,images",110,0,3.03,18,0,0.90,HIGH,64200000,2025-11-30 07:43:05 +00:00,409.00,363.00,107.00,94.00,397.00,304.70,52.70,14.10,13.60,28.40,11.90,0.82,3.09
window guards for cars,https://mrtint.ca/windowvisors/,"transactional,commercial","popular_products,people_also_ask,discussions_and_forums,related_searches,images",110,0,0.47,18,0,1.00,HIGH,22800000,2025-12-19 17:11:45 +00:00,,,,,,464.30,12.90,1.00,1.00,1.40,0.90,0.17,0.57
car window tinting services,https://mrtint.ca/,"navigational,commercial","local_pack,people_also_ask,related_searches",90,0,1.46,18,0,0.04,LOW,4730000,2025-12-14 15:15:45 +00:00,409.00,363.00,107.00,94.00,397.00,216.30,53.30,5.00,4.40,13.80,8.70,,
light tint car,https://mrtint.ca/tail-light-tinting/,"commercial,transactional","local_pack,people_also_ask,images,video,popular_products,related_searches",70,0,0.83,18,0,0.90,HIGH,35000000,2025-10-22 11:19:31 +00:00,,,,,,369.70,32.00,3.10,3.00,3.70,3.50,0.28,2.31
tint king toronto,https://mrtint.ca/,"commercial,navigational","people_also_ask,people_also_search,related_searches,images",70,0,4.98,18,0,0.45,MEDIUM,3340000,2025-11-13 01:14:06 +00:00,409.00,363.00,107.00,94.00,397.00,296.10,45.00,32.10,30.60,64.10,40.90,0.89,4.22
tint,https://mrtint.ca/,navigational,"ai_overview,people_also_ask,images,video,related_searches",8100,15,2.02,19,21,0.54,MEDIUM,255000000,2025-12-08 18:06:01 +00:00,409.00,363.00,107.00,94.00,397.00,385.00,128.20,44.50,42.40,88.70,63.80,1.03,3.66
auto tinting windows,https://mrtint.ca/,"navigational,commercial","local_pack,people_also_ask,video,related_searches,images",5400,0,2.09,19,14,0.50,MEDIUM,3950000,2025-12-09 22:40:49 +00:00,409.00,363.00,107.00,94.00,397.00,288.50,50.80,13.30,12.80,23.70,16.20,0.78,2.87
window tinting law,https://mrtint.ca/window-tinting-laws/,"commercial,navigational","ai_overview,people_also_ask,video,related_searches,images",320,0,0.88,19,0,0.04,LOW,2700000,2025-11-23 13:08:49 +00:00,,,,,,314.10,64.60,10.90,10.60,14.30,11.30,,
auto window tint film,https://mrtint.ca/,"transactional,commercial","popular_products,local_pack,related_searches,images",260,0,0.48,19,0,0.78,HIGH,9590000,2025-11-24 15:15:17 +00:00,409.00,363.00,107.00,94.00,397.00,320.30,59.20,20.60,20.00,48.40,33.90,0.28,1.40
oshawa window tinting,https://mrtint.ca/,"commercial,navigational","local_pack,people_also_ask,people_also_search,related_searches",210,0,2.32,19,0,0.91,HIGH,44700,2025-11-07 11:20:48 +00:00,409.00,363.00,107.00,94.00,397.00,262.10,69.90,29.80,27.60,52.30,27.00,0.79,1.93
toronto window film,https://mrtint.ca/,commercial,"local_pack,people_also_ask,people_also_search,related_searches",170,15,5.64,19,0,0.13,LOW,22600000,2025-12-17 18:35:59 +00:00,409.00,363.00,107.00,94.00,397.00,193.80,156.00,17.90,16.90,34.20,19.30,1.08,8.00
0 tint,https://mrtint.ca/,"commercial,navigational","images,people_also_ask,video,carousel,popular_products,related_searches",110,0,0.85,19,0,0.07,LOW,151000000,2025-11-09 16:34:16 +00:00,589.00,538.00,133.00,119.00,577.00,,,,,,,,
best window tinting,https://mrtint.ca/,"commercial,navigational","local_pack,people_also_ask,popular_products,related_searches,images",110,10,1.47,19,0,1.00,HIGH,8930000,2025-11-09 14:17:34 +00:00,409.00,363.00,107.00,94.00,397.00,383.60,115.80,31.10,29.40,65.10,51.70,0.90,2.08
tint film for car,https://mrtint.ca/,"commercial,transactional","people_also_ask,popular_products,discussions_and_forums,related_searches",110,1,0.71,19,0,0.73,HIGH,34500000,2025-10-18 13:04:40 +00:00,409.00,363.00,107.00,94.00,397.00,346.10,80.90,37.60,37.10,67.90,40.40,0.29,1.50
tint companies,https://mrtint.ca/,"navigational,commercial","local_pack,people_also_ask,related_searches",70,23,1.77,19,0,0.18,LOW,24700000,2025-11-13 01:28:57 +00:00,409.00,363.00,107.00,94.00,397.00,231.00,174.80,108.30,104.30,302.40,223.10,1.10,2.13
princess auto window tint,https://mrtint.ca/,transactional,"people_also_ask,local_pack,related_searches,images",50,0,0.14,19,0,0.93,HIGH,689000,2025-10-29 05:57:23 +00:00,409.00,363.00,107.00,94.00,397.00,,,,,,,0.31,1.63
tints for cars,https://mrtint.ca/,"commercial,navigational","local_pack,people_also_ask,popular_products,people_also_search,images,related_searches",4400,9,2.16,20,10,0.46,MEDIUM,4540000,2025-11-08 23:39:11 +00:00,409.00,363.00,107.00,94.00,397.00,423.00,111.00,33.80,33.20,65.50,40.20,0.89,2.82
window deflector,https://mrtint.ca/windowvisors/,transactional,"people_also_ask,video,popular_products,related_searches,images",720,0,0.65,20,1,0.94,HIGH,10100000,2025-11-08 20:26:26 +00:00,,,,,,,,,,,,0.27,0.83
car glass tint,https://mrtint.ca/,"transactional,commercial","popular_products,local_pack,people_also_ask,images,related_searches",210,0,3.18,20,0,0.64,MEDIUM,27200000,2025-11-25 09:41:10 +00:00,409.00,363.00,107.00,94.00,397.00,383.40,72.80,31.60,30.20,66.80,50.30,0.95,2.76
tint wrap auto,https://mrtint.ca/,transactional,"local_pack,people_also_ask,related_searches,images",210,0,1.36,20,0,0.21,LOW,11000000,2025-11-24 18:37:27 +00:00,409.00,363.00,107.00,94.00,397.00,470.10,47.00,7.00,6.60,9.80,6.50,0.64,2.04
window films toronto,https://mrtint.ca/,"commercial,navigational","local_pack,people_also_search,related_searches",170,11,5.64,20,0,0.13,LOW,8610000,2025-11-26 16:34:32 +00:00,409.00,363.00,107.00,94.00,397.00,221.60,142.50,24.30,22.90,51.40,21.70,1.08,8.00
how much does window tinting on a car cost,https://mrtint.ca/pricing/,"commercial,informational","ai_overview,people_also_ask,discussions_and_forums,related_searches",90,0,3.58,20,0,0.42,MEDIUM,7560000,2025-11-10 12:42:29 +00:00,3.00,1.00,3.00,3.00,3.00,223.60,17.20,1.60,1.40,2.90,1.90,0.74,2.67
mobile tinted windows for cars,https://mrtint.ca/,"transactional,commercial","popular_products,people_also_ask,people_also_search,related_searches,images",70,0,3.05,20,0,0.69,HIGH,25800000,2025-11-17 18:47:28 +00:00,409.00,363.00,107.00,94.00,397.00,270.60,29.30,2.20,2.10,4.80,3.20,1.40,4.61
tint service,https://mrtint.ca/,navigational,"local_pack,people_also_ask,people_also_search,related_searches",70,0,2.50,20,0,0.24,LOW,96600000,2025-11-30 16:16:51 +00:00,409.00,363.00,107.00,94.00,397.00,123.60,26.50,13.30,12.90,18.60,11.10,0.85,2.64
where can i get my car tinted,https://mrtint.ca/,transactional,"local_pack,people_also_ask,popular_products,related_searches",70,0,2.97,20,0,0.94,HIGH,45100000,2025-11-11 01:16:20 +00:00,409.00,363.00,107.00,94.00,397.00,274.90,66.60,12.60,12.30,20.30,10.80,0.77,2.19
xpel near me,https://mrtint.ca/pricing/,"navigational,transactional","local_pack,people_also_ask,related_searches,images",70,0,1.97,20,0,0.40,MEDIUM,3230000,2025-12-01 14:09:31 +00:00,3.00,1.00,3.00,3.00,3.00,344.00,67.50,25.70,24.30,79.60,69.40,1.71,3.79
saskatchewan window tint laws,https://mrtint.ca/window-tinting-laws/,"commercial,navigational","ai_overview,people_also_ask,related_searches,images",50,0,,20,0,0.01,LOW,26600,2025-10-28 18:15:05 +00:00,,,,,,425.20,52.50,2.50,2.50,3.80,3.50,,
tint laws ontario,https://mrtint.ca/ontariowindowtintinglaw/,"informational,navigational,commercial","ai_overview,people_also_ask,video,related_searches,images",1300,0,,21,2,0.01,LOW,488000,2025-11-03 03:25:49 +00:00,,,,,,312.50,61.70,4.80,4.70,10.90,6.70,,
pre-cut tint,https://mrtint.ca/precutppf/,transactional,"people_also_search,video,discussions_and_forums,popular_products,related_searches,knowledge_graph,images",480,0,0.93,21,1,0.99,HIGH,38100000,2025-11-05 07:51:25 +00:00,,,,,,,,,,,,0.37,1.61
cheap windows tint near me,https://mrtint.ca/pricing/,transactional,"local_pack,popular_products,people_also_ask,related_searches",210,0,2.86,21,0,0.98,HIGH,36100000,2025-12-13 20:13:07 +00:00,3.00,1.00,3.00,3.00,3.00,134.30,11.40,14.10,13.80,18.40,10.30,0.93,3.40
car tinting kit,https://mrtint.ca/product-category/window-tint-kits/,"transactional,commercial","popular_products,people_also_ask,video,discussions_and_forums,related_searches,images",170,0,0.45,21,0,1.00,HIGH,4200000,2025-11-09 05:07:34 +00:00,,,,,,344.50,1.50,0.10,0.10,0.30,0.30,0.27,1.09
window tint for homes near me,https://mrtint.ca/,"transactional,navigational","local_pack,people_also_ask,popular_products,people_also_search,related_searches,images",170,0,2.41,21,0,0.07,LOW,58700000,2025-12-17 09:14:59 +00:00,409.00,363.00,107.00,94.00,397.00,273.50,59.70,35.10,34.80,54.30,27.20,1.02,3.95
car tint film,https://mrtint.ca/,commercial,"popular_products,local_pack,video,people_also_ask,related_searches,images",110,0,0.71,21,0,0.73,HIGH,27800000,2025-11-30 08:23:15 +00:00,409.00,363.00,107.00,94.00,397.00,375.90,70.70,28.50,28.10,38.10,16.10,0.29,1.50
tint near me car,https://mrtint.ca/,"navigational,commercial","local_pack,people_also_ask,popular_products,related_searches,images",90,0,2.69,21,0,0.89,HIGH,56600000,2025-11-07 19:31:54 +00:00,409.00,363.00,107.00,94.00,397.00,241.30,60.20,13.20,12.70,29.60,14.50,1.01,3.46
mr toronto,https://mrtint.ca/,navigational,"images,people_also_ask,related_searches",70,59,,21,0,0.00,LOW,379000000,2025-12-02 06:23:27 +00:00,409.00,363.00,107.00,94.00,397.00,658.20,251.20,181.40,155.00,5521.00,5148.40,,
tail light smoke tint,https://mrtint.ca/tail-light-tinting/,transactional,"popular_products,people_also_ask,images,video,discussions_and_forums,related_searches",50,0,0.49,21,0,1.00,HIGH,1950000,2025-10-26 23:39:50 +00:00,,,,,,545.90,6.80,0.10,0.10,0.10,0.10,0.30,0.62
tinted windows tinted windows,https://mrtint.ca/,"commercial,transactional","people_also_ask,video,images,local_pack,people_also_search,related_searches",18100,0,1.69,22,39,0.72,HIGH,45900000,2025-11-11 10:37:35 +00:00,409.00,363.00,107.00,94.00,397.00,444.50,57.40,4.90,4.80,8.40,6.70,0.76,3.04
windows tint,https://mrtint.ca/,"commercial,transactional","local_pack,popular_products,people_also_ask,images,related_searches",18100,6,1.69,22,39,0.72,HIGH,41900000,2025-11-08 22:40:54 +00:00,409.00,363.00,107.00,94.00,397.00,408.80,96.00,88.40,83.80,220.00,178.10,0.76,3.04
automotive window tints,https://mrtint.ca/,"transactional,navigational,commercial","local_pack,people_also_ask,video,related_searches,images",6600,3,1.74,22,14,0.48,MEDIUM,4250000,2025-12-09 22:40:47 +00:00,409.00,363.00,107.00,94.00,397.00,359.60,85.60,37.70,37.10,67.00,40.50,0.78,2.61
auto tinting film,https://mrtint.ca/,"commercial,navigational","popular_products,people_also_ask,video,related_searches,images",720,13,1.10,22,1,0.91,HIGH,6300000,2025-11-20 06:51:22 +00:00,409.00,363.00,107.00,94.00,397.00,370.70,131.80,55.20,53.50,149.70,116.00,0.45,1.75
tinted windows ontario,https://mrtint.ca/ontariowindowtintinglaw/,"commercial,navigational","featured_snippet,people_also_ask,video,related_searches,images",390,0,2.29,22,0,0.33,LOW,2590000,2025-11-11 15:39:48 +00:00,,,,,,228.60,39.20,2.30,2.30,3.00,2.40,0.92,2.81
car tints shop near me,https://mrtint.ca/,navigational,"local_pack,people_also_ask,people_also_search,related_searches",210,7,3.42,22,0,0.45,MEDIUM,18400000,2025-11-09 04:18:37 +00:00,409.00,363.00,107.00,94.00,397.00,253.00,117.70,54.70,52.80,667.30,635.50,1.01,3.37
best car tints near me,https://mrtint.ca/,transactional,"local_pack,people_also_ask,related_searches",170,6,3.08,22,0,0.79,HIGH,30800000,2025-11-26 13:09:04 +00:00,409.00,363.00,107.00,94.00,397.00,262.90,107.60,30.10,28.70,70.10,56.80,0.87,3.21
cheap car tints near me,https://mrtint.ca/,transactional,"local_pack,people_also_ask,popular_products,related_searches,images",170,0,2.40,22,0,0.88,HIGH,27200000,2025-12-13 20:13:21 +00:00,409.00,363.00,107.00,94.00,397.00,335.00,26.60,3.50,3.40,5.20,2.40,0.90,2.70
kawartha tint,https://mrtint.ca/,"commercial,navigational","people_also_ask,third_party_reviews,google_reviews,knowledge_graph,images",140,0,0.82,22,0,0.02,LOW,76100,2025-11-06 20:49:59 +00:00,409.00,363.00,107.00,94.00,397.00,708.50,7.60,2.40,2.30,2.50,1.10,,
window tint installers,https://mrtint.ca/,"navigational,commercial","local_pack,people_also_ask,related_searches",140,0,4.57,22,0,0.21,LOW,14300000,2025-11-09 06:46:02 +00:00,409.00,363.00,107.00,94.00,397.00,282.40,39.50,9.30,9.20,23.50,17.60,0.83,3.62
car tint cheap,https://mrtint.ca/,transactional,"local_pack,people_also_ask,popular_products,people_also_search,related_searches",110,0,3.03,22,0,0.90,HIGH,66600000,2025-11-30 08:13:08 +00:00,409.00,363.00,107.00,94.00,397.00,464.20,49.40,12.00,11.70,18.90,9.70,0.82,3.09
tinting film for cars,https://mrtint.ca/,commercial,"local_pack,popular_products,people_also_ask,related_searches,images",110,1,0.71,22,0,0.73,HIGH,7090000,2025-11-07 19:32:12 +00:00,409.00,363.00,107.00,94.00,397.00,302.40,83.00,29.20,28.60,58.00,37.00,0.29,1.50
window tint shop,https://mrtint.ca/,"transactional,navigational","local_pack,people_also_ask,people_also_search,related_searches",90,4,4.60,22,0,0.22,LOW,38400000,2025-11-30 13:40:28 +00:00,409.00,363.00,107.00,94.00,397.00,201.40,111.00,43.90,42.00,657.10,625.40,0.93,2.29
ceramic tint windshield,https://mrtint.ca/pricing/,transactional,"people_also_ask,video,images,related_searches",70,0,2.50,22,0,0.81,HIGH,3480000,2025-12-03 08:00:59 +00:00,3.00,1.00,3.00,3.00,3.00,355.40,37.00,3.30,3.10,5.30,3.50,0.92,1.87
tint services,https://mrtint.ca/,navigational,"local_pack,people_also_ask,people_also_search,related_searches",70,0,2.50,22,0,0.24,LOW,108000000,2025-11-30 16:16:36 +00:00,409.00,363.00,107.00,94.00,397.00,140.80,97.60,66.40,64.10,114.00,90.10,0.85,2.64
window tinting for houses near me,https://mrtint.ca/residential-tinting/,"transactional,navigational","local_pack,people_also_ask,people_also_search,popular_products,related_searches",70,0,4.93,22,0,0.98,HIGH,1530000,2025-11-12 21:01:55 +00:00,,,,,,230.70,33.80,31.40,30.90,50.20,31.30,0.95,4.53
vinyl tint,https://mrtint.ca/,transactional,"popular_products,local_pack,people_also_ask,images,related_searches",50,0,0.34,22,0,1.00,HIGH,18100000,2025-10-26 15:41:59 +00:00,409.00,363.00,107.00,94.00,397.00,399.30,32.60,25.10,24.80,92.80,81.70,0.23,1.46
window reflector,https://mrtint.ca/windowvisors/,transactional,"images,popular_products,people_also_ask,video,related_searches",40,0,0.58,22,0,1.00,HIGH,13800000,2025-10-24 18:11:46 +00:00,,,,,,432.50,45.70,32.70,32.30,44.60,23.00,0.22,1.71
tint for car lights,https://mrtint.ca/tail-light-tinting/,"transactional,commercial","popular_products,people_also_ask,video,discussions_and_forums,related_searches,images",720,0,0.60,23,1,1.00,HIGH,22700000,2025-11-08 20:32:31 +00:00,,,,,,427.40,3.50,0.30,0.30,0.30,0.10,0.31,1.10
window visors,https://mrtint.ca/windowvisors/,"transactional,commercial","ai_overview,people_also_ask,popular_products,related_searches,images",720,0,0.44,23,1,0.89,HIGH,9900000,2025-12-10 21:53:12 +00:00,,,,,,390.30,20.00,10.30,10.20,16.50,4.80,0.25,0.77
car window visor,https://mrtint.ca/windowvisors/,transactional,"popular_products,people_also_ask,images,related_searches,google_reviews,knowledge_graph",320,0,0.48,23,0,1.00,HIGH,23200000,2025-11-23 23:58:40 +00:00,,,,,,,,,,,,0.22,0.68
tinted film,https://mrtint.ca/,commercial,"popular_products,people_also_ask,local_pack,video,images,related_searches",210,2,0.59,23,0,1.00,HIGH,84300000,2025-12-13 15:51:00 +00:00,409.00,363.00,107.00,94.00,397.00,400.00,76.30,29.90,29.60,40.20,18.90,0.33,1.94
window guard car,https://mrtint.ca/windowvisors/,"commercial,transactional","popular_products,people_also_ask,images,related_searches",110,0,0.47,23,0,1.00,HIGH,174000000,2025-12-19 17:00:11 +00:00,,,,,,,,,,,,0.17,0.57
cheap tints near me,https://mrtint.ca/,transactional,"local_pack,people_also_ask,people_also_search,related_searches,images",90,0,3.07,23,0,0.98,HIGH,19700000,2025-11-12 16:12:43 +00:00,409.00,363.00,107.00,94.00,397.00,284.30,76.40,24.40,23.10,60.10,43.10,0.89,2.90
tint kits,https://mrtint.ca/precutppf/,"commercial,transactional","people_also_search,popular_products,related_searches,knowledge_graph,images",90,0,0.81,23,0,1.00,HIGH,27000000,2025-11-07 05:17:05 +00:00,,,,,,239.90,8.10,7.50,7.50,8.40,1.00,0.23,1.17
tint places,https://mrtint.ca/,"navigational,commercial","people_also_ask,people_also_search,related_searches,images",90,12,5.34,23,0,0.62,MEDIUM,65300000,2025-11-08 09:07:45 +00:00,409.00,363.00,107.00,94.00,397.00,229.00,143.20,53.50,50.20,702.00,668.70,1.28,5.79
vehicle tint,https://mrtint.ca/,"transactional,navigational,commercial","local_pack,people_also_ask,popular_products,images,related_searches",90,0,3.79,23,0,0.86,HIGH,30800000,2025-11-07 18:39:50 +00:00,409.00,363.00,107.00,94.00,397.00,335.00,60.30,12.50,12.00,46.30,39.50,0.87,2.92
how tint tail lights,https://mrtint.ca/tail-light-tinting/,transactional,"ai_overview,video,people_also_ask,carousel,discussions_and_forums,images,related_searches",70,0,0.25,23,0,0.87,HIGH,7880000,2025-11-10 12:29:14 +00:00,,,,,,519.60,38.10,1.70,1.10,11.80,10.40,,
tinting services,https://mrtint.ca/,navigational,"local_pack,people_also_ask,people_also_search,related_searches",70,0,2.50,23,0,0.24,LOW,128000000,2025-11-09 19:28:01 +00:00,409.00,363.00,107.00,94.00,397.00,147.60,68.90,15.50,15.10,24.00,14.80,0.85,2.64
tints,https://mrtint.ca/,navigational,"images,people_also_ask,related_searches",8100,41,2.02,24,17,0.54,MEDIUM,424000000,2025-11-08 23:00:54 +00:00,409.00,363.00,107.00,94.00,397.00,474.50,159.20,85.00,78.30,691.40,194.70,1.03,3.66
window tinting services,https://mrtint.ca/,navigational,"local_pack,people_also_ask,people_also_search,related_searches",480,6,2.55,24,1,0.04,LOW,6750000,2025-11-23 07:11:10 +00:00,409.00,363.00,107.00,94.00,397.00,241.10,78.30,23.00,22.10,43.90,33.80,1.15,3.55
best window tinting near me,https://mrtint.ca/,transactional,"local_pack,people_also_ask,people_also_search,related_searches",170,0,1.93,24,0,0.78,HIGH,8910000,2025-11-09 06:30:14 +00:00,409.00,363.00,107.00,94.00,397.00,242.90,74.00,22.90,22.20,40.00,22.70,0.81,2.58
scarborough tinting,https://mrtint.ca/pricing/,"navigational,commercial","local_pack,people_also_ask,people_also_search,related_searches",170,0,3.20,24,0,0.82,HIGH,358000,2025-10-16 00:45:10 +00:00,3.00,1.00,3.00,3.00,3.00,156.90,86.20,42.80,41.10,77.70,48.60,0.78,2.68
mobile window tints near me,https://mrtint.ca/,transactional,"local_pack,people_also_ask,people_also_search,related_searches,images",140,0,3.22,24,0,0.62,MEDIUM,2180000,2025-11-12 07:11:10 +00:00,409.00,363.00,107.00,94.00,397.00,244.30,63.20,12.30,12.00,19.90,12.40,0.64,2.71
mobile automotive window tinting,https://mrtint.ca/,"navigational,transactional","local_pack,people_also_ask,people_also_search,related_searches",70,0,2.21,24,0,0.78,HIGH,9560000,2025-11-17 18:49:14 +00:00,409.00,363.00,107.00,94.00,397.00,182.40,69.60,23.40,22.20,52.90,42.40,0.90,2.70
window shields for car,https://mrtint.ca/windowvisors/,"transactional,commercial","popular_products,images,people_also_ask,video,related_searches",50,0,1.30,24,0,1.00,HIGH,26000000,2025-10-24 18:11:27 +00:00,,,,,,472.90,14.80,1.70,1.60,2.10,1.40,0.76,2.74
zombie proof tinting,https://mrtint.ca/,"commercial,transactional","related_searches,google_reviews,knowledge_graph,images",50,0,1.09,24,0,0.03,LOW,17200,2025-10-01 17:57:02 +00:00,409.00,363.00,107.00,94.00,397.00,,,,,,,,
headlight tint,https://mrtint.ca/tail-light-tinting/,transactional,"popular_products,people_also_ask,images,video,related_searches",720,0,0.60,25,1,1.00,HIGH,7780000,2025-11-20 06:24:16 +00:00,,,,,,452.00,3.50,0.30,0.30,0.30,0.10,0.31,1.10
auto tint,https://mrtint.ca/,navigational,"local_pack,popular_products,people_also_ask,related_searches",590,0,1.74,25,1,0.61,MEDIUM,53800000,2025-12-11 03:25:31 +00:00,409.00,363.00,107.00,94.00,397.00,283.40,76.70,27.80,26.30,58.20,45.50,0.85,3.17
car window rain guard,https://mrtint.ca/windowvisors/,transactional,"popular_products,people_also_ask,images,people_also_search,video,related_searches",390,0,0.49,25,0,0.93,HIGH,29600000,2025-11-29 09:02:04 +00:00,,,,,,,,,,,,0.18,0.67
car tint wrap,https://mrtint.ca/,"transactional,commercial","local_pack,popular_products,people_also_ask,related_searches,images",210,0,1.36,25,0,0.21,LOW,14800000,2025-12-17 06:33:00 +00:00,409.00,363.00,107.00,94.00,397.00,314.70,60.60,24.90,24.60,93.10,83.40,0.64,2.04
tint solutions,https://mrtint.ca/,"navigational,commercial","local_pack,people_also_ask,related_searches,images",210,0,0.10,25,0,0.10,LOW,46300000,2025-12-16 23:57:18 +00:00,409.00,363.00,107.00,94.00,397.00,166.30,23.20,3.30,3.10,4.30,2.70,1.02,5.05
cheap tint window near me,https://mrtint.ca/,transactional,"local_pack,people_also_ask,related_searches,images",170,0,2.40,25,0,0.88,HIGH,64600000,2025-12-13 20:13:09 +00:00,409.00,363.00,107.00,94.00,397.00,246.80,22.80,8.50,8.30,13.70,7.30,0.90,2.70
window tinting cheap near me,https://mrtint.ca/pricing/,"transactional,navigational","local_pack,people_also_ask,popular_products,related_searches",170,0,2.40,25,0,0.88,HIGH,10600000,2025-12-13 20:36:31 +00:00,3.00,1.00,3.00,3.00,3.00,244.00,79.80,4.70,4.60,15.90,12.60,0.90,2.70
mobile window tint near me,https://mrtint.ca/,"transactional,navigational","local_pack,people_also_ask,people_also_search,related_searches,images",140,0,3.22,25,0,0.62,MEDIUM,25400000,2025-11-09 07:30:37 +00:00,409.00,363.00,107.00,94.00,397.00,203.60,35.50,10.30,10.10,27.70,8.30,0.64,2.71
tint ontario,https://mrtint.ca/ontariowindowtintinglaw/,"navigational,commercial","ai_overview,people_also_ask,video,people_also_search,local_pack,related_searches,images",140,4,0.85,25,0,0.11,LOW,6510000,2025-11-14 09:35:00 +00:00,,,,,,336.10,94.60,4.60,4.40,10.90,6.70,,
0 tints,https://mrtint.ca/pricing/,"commercial,navigational","people_also_ask,video,images,popular_products,related_searches",110,0,0.85,25,0,0.07,LOW,18100000,2025-11-14 11:29:02 +00:00,2.00,0.00,2.00,2.00,2.00,389.00,25.50,4.60,4.60,15.80,11.40,,
car window guards,https://mrtint.ca/windowvisors/,transactional,"popular_products,people_also_ask,related_searches,images",110,0,0.47,25,0,1.00,HIGH,26400000,2025-11-12 11:46:31 +00:00,,,,,,430.90,20.00,10.30,10.20,16.50,4.80,0.17,0.57
cheap window tinting,https://mrtint.ca/,"navigational,transactional,commercial","local_pack,people_also_ask,video,popular_products,related_searches",110,0,3.03,25,0,0.90,HIGH,11500000,2025-11-30 07:51:58 +00:00,409.00,363.00,107.00,94.00,397.00,428.00,31.00,5.70,5.40,14.80,4.70,0.82,3.09
strictly auto tint,https://mrtint.ca/,"navigational,commercial","people_also_ask,google_reviews,knowledge_graph,images",110,0,2.03,25,0,0.07,LOW,2890000,2025-12-19 22:32:17 +00:00,409.00,363.00,107.00,94.00,397.00,730.50,5.80,0.10,0.10,0.10,0.00,,
tinting kit,https://mrtint.ca/product-category/window-tint-kits/,navigational,"popular_products,people_also_ask,video,discussions_and_forums,related_searches,images",90,0,0.81,25,0,1.00,HIGH,63400000,2025-11-09 19:28:04 +00:00,,,,,,334.00,1.50,0.10,0.10,0.30,0.30,0.23,1.17
tint company,https://mrtint.ca/,navigational,"local_pack,people_also_ask,people_also_search,related_searches,images",70,8,1.77,25,0,0.18,LOW,60500000,2025-11-13 01:14:38 +00:00,409.00,363.00,107.00,94.00,397.00,176.00,134.10,76.30,69.90,182.10,136.60,1.10,2.13
tinting film for car lights,https://mrtint.ca/tail-light-tinting/,"transactional,commercial","ai_overview,discussions_and_forums,popular_products,people_also_ask,video,images,related_searches",70,0,0.41,25,0,1.00,HIGH,8530000,2025-10-26 14:33:31 +00:00,,,,,,444.40,0.30,0.30,0.30,0.30,0.10,0.24,1.06
tinting vinyl,https://mrtint.ca/,"transactional,navigational","popular_products,people_also_ask,local_pack,video,images,related_searches",50,0,0.34,25,0,1.00,HIGH,20200000,2025-10-26 14:33:28 +00:00,409.00,363.00,107.00,94.00,397.00,355.20,62.20,30.60,29.10,15619.50,51.40,0.23,1.46
vent visor canada,https://mrtint.ca/windowvisors/,transactional,"popular_products,related_searches",50,0,1.73,25,0,1.00,HIGH,3470000,2025-10-21 16:10:28 +00:00,,,,,,,,,,,,0.34,1.14
mario's tint shop,https://mrtint.ca/,"navigational,commercial","people_also_ask,related_searches,third_party_reviews,google_reviews,knowledge_graph",20,0,,25,0,0.00,LOW,6950000,2025-10-19 03:20:41 +00:00,409.00,363.00,107.00,94.00,397.00,638.00,40.20,13.70,13.30,16.70,11.90,,
car tint,https://mrtint.ca/,"commercial,navigational","people_also_ask,popular_products,images,people_also_search,related_searches",4400,0,2.16,26,9,0.46,MEDIUM,75900000,2025-11-17 20:50:04 +00:00,409.00,363.00,107.00,94.00,397.00,324.50,77.00,32.30,30.70,85.70,71.20,0.89,2.82
protex toronto powered by xpel,https://mrtint.ca/pricing/,transactional,"people_also_ask,related_searches,google_reviews,knowledge_graph",480,0,0.87,26,1,0.07,LOW,570,2025-11-07 08:56:48 +00:00,3.00,1.00,3.00,3.00,3.00,468.90,39.30,1.50,1.40,26.70,25.80,,
car tint service near me,https://mrtint.ca/pricing/,"navigational,commercial","local_pack,people_also_ask,related_searches",320,0,2.12,26,0,0.07,LOW,37500000,2025-11-09 04:17:58 +00:00,3.00,1.00,3.00,3.00,3.00,172.90,51.60,29.20,28.50,41.90,23.90,0.89,2.87
car window visors,https://mrtint.ca/windowvisors/,"transactional,commercial","people_also_ask,popular_products,video,related_searches,google_reviews,knowledge_graph,images",320,0,0.48,26,0,1.00,HIGH,9230000,2025-12-07 09:25:25 +00:00,,,,,,367.70,20.00,10.30,10.20,16.50,4.80,0.22,0.68
window visor car,https://mrtint.ca/windowvisors/,transactional,"people_also_ask,popular_products,images,related_searches,knowledge_graph,google_reviews",320,0,0.48,26,0,1.00,HIGH,22400000,2025-12-03 17:56:56 +00:00,,,,,,,,,,,,0.22,0.68
car window deflectors,https://mrtint.ca/windowvisors/,transactional,"people_also_ask,popular_products,video,related_searches,images",260,0,0.52,26,0,1.00,HIGH,4980000,2025-11-24 14:25:37 +00:00,,,,,,460.50,20.00,10.30,10.20,16.50,4.80,0.18,0.64
car windows tint film,https://mrtint.ca/,"commercial,transactional","popular_products,local_pack,video,people_also_ask,related_searches,images",260,0,0.48,26,0,0.78,HIGH,6200000,2025-11-12 04:08:29 +00:00,409.00,363.00,107.00,94.00,397.00,342.00,48.30,17.10,16.90,20.60,6.40,0.28,1.40
window film for cars,https://mrtint.ca/,"transactional,commercial","popular_products,people_also_ask,local_pack,video,related_searches,images",170,7,1.07,26,0,0.98,HIGH,191000000,2025-11-09 06:46:26 +00:00,409.00,363.00,107.00,94.00,397.00,353.30,107.10,83.90,81.90,255.10,181.20,0.59,1.99
ontario tint,https://mrtint.ca/ontariowindowtintinglaw/,"navigational,commercial","ai_overview,people_also_ask,video,related_searches,images",140,0,0.85,26,0,0.11,LOW,7890000,2025-11-27 04:40:50 +00:00,,,,,,347.60,61.80,12.50,12.20,22.50,12.30,,
window guards car,https://mrtint.ca/windowvisors/,"transactional,commercial","popular_products,people_also_ask,images,video,related_searches",110,0,0.47,26,0,1.00,HIGH,47100000,2025-12-19 17:00:28 +00:00,,,,,,,,,,,,0.17,0.57
window tinting course,https://mrtint.ca/training/,"commercial,navigational","ai_overview,local_pack,people_also_ask,video,related_searches,images",110,0,0.97,26,0,0.13,LOW,2230000,2025-11-28 02:01:52 +00:00,,,,,,199.10,10.10,5.50,5.30,7.80,3.70,0.73,1.72
franklin window tint,https://mrtint.ca/shop/,transactional,"people_also_ask,related_searches,google_reviews,knowledge_graph,images",90,0,,26,0,,,1030000,2025-12-13 23:41:34 +00:00,,,,,,349.50,3.20,4.80,4.70,5.40,4.20,,
tint wrap,https://mrtint.ca/car-wrapping/,"transactional,commercial","popular_products,local_pack,people_also_ask,images,related_searches",50,0,1.50,26,0,0.95,HIGH,25500000,2025-10-21 17:47:03 +00:00,,,,,,435.00,39.70,6.70,6.50,9.10,5.80,0.48,2.76
tinting shops,https://mrtint.ca/,navigational,"local_pack,people_also_ask,people_also_search,related_searches,images",1300,9,3.34,27,2,0.52,MEDIUM,29400000,2025-11-08 17:27:26 +00:00,409.00,363.00,107.00,94.00,397.00,174.50,136.90,50.90,48.80,656.70,632.20,1.05,3.97
tail light tint,https://mrtint.ca/tail-light-tinting/,transactional,"popular_products,images,people_also_ask,local_pack,related_searches",720,0,0.40,27,1,0.83,HIGH,12700000,2025-11-19 23:15:48 +00:00,,,,,,433.60,16.20,0.90,0.90,1.00,0.40,0.33,1.53
cheap tinted windows near me,https://mrtint.ca/,transactional,"local_pack,people_also_ask,popular_products,people_also_search,related_searches,images",170,0,2.40,27,0,0.88,HIGH,45400000,2025-11-25 09:16:03 +00:00,409.00,363.00,107.00,94.00,397.00,231.30,9.90,8.10,7.90,12.00,6.00,0.90,2.70
best auto window tinting,https://mrtint.ca/,"commercial,navigational,transactional","local_pack,people_also_ask,related_searches",140,4,1.47,27,0,0.94,HIGH,5820000,2025-11-27 19:56:07 +00:00,409.00,363.00,107.00,94.00,397.00,339.80,93.40,34.90,33.70,72.80,51.70,0.64,2.85
best window tint car,https://mrtint.ca/,"commercial,transactional","ai_overview,people_also_ask,discussions_and_forums,video,local_pack,popular_products,related_searches,images",140,0,1.47,27,0,0.94,HIGH,43600000,2025-11-13 19:53:35 +00:00,409.00,363.00,107.00,94.00,397.00,287.40,41.90,9.00,9.00,11.30,3.10,0.64,2.85
car tinting course,https://mrtint.ca/training/,"commercial,navigational","people_also_ask,related_searches,google_reviews,knowledge_graph,images",110,0,0.97,27,0,0.13,LOW,2280000,2025-11-09 13:17:18 +00:00,,,,,,194.00,20.10,11.70,11.40,14.20,7.90,0.73,1.72
house window tints near me,https://mrtint.ca/,transactional,"local_pack,people_also_ask,popular_products,related_searches,images",70,0,2.31,27,0,0.93,HIGH,3670000,2025-11-16 16:02:26 +00:00,409.00,363.00,107.00,94.00,397.00,274.80,59.40,31.60,30.40,73.30,59.30,1.05,6.02
window shields for cars,https://mrtint.ca/windowvisors/,"transactional,commercial","popular_products,people_also_ask,related_searches",50,0,1.30,27,0,1.00,HIGH,81100000,2025-10-24 18:11:26 +00:00,,,,,,490.60,23.00,10.80,10.60,17.00,5.10,0.76,2.74
tinting tail lights with film,https://mrtint.ca/tail-light-tinting/,"commercial,transactional","video,people_also_ask,ai_overview,discussions_and_forums,carousel,related_searches,images",40,0,0.77,27,0,1.00,HIGH,343000,2025-10-26 14:32:19 +00:00,,,,,,,,,,,,0.38,1.38
window tinting for homes cost,https://mrtint.ca/pricing/,commercial,"ai_overview,people_also_ask,popular_products,related_searches",40,8,4.01,27,0,0.92,HIGH,8320000,2025-10-24 18:11:09 +00:00,3.00,1.00,3.00,3.00,3.00,544.20,89.80,9.40,9.40,18.40,16.00,1.06,3.26
ceramic tint car,https://mrtint.ca/pricing/,"commercial,transactional","ai_overview,people_also_ask,local_pack,video,popular_products,related_searches,images",720,10,1.27,28,1,0.89,HIGH,9840000,2025-11-20 06:31:28 +00:00,3.00,1.00,3.00,3.00,3.00,391.60,113.80,49.80,48.50,81.30,53.20,0.52,1.91
total tint,https://mrtint.ca/,"navigational,transactional,commercial","local_pack,people_also_ask,people_also_search,related_searches,images",260,0,0.79,28,0,0.07,LOW,64600000,2025-11-24 02:42:04 +00:00,409.00,363.00,107.00,94.00,397.00,524.30,41.70,7.00,6.90,53.40,29.10,0.58,2.30
best auto tint near me,https://mrtint.ca/,transactional,"local_pack,people_also_ask,people_also_search,related_searches",170,0,1.93,28,0,0.78,HIGH,29900000,2025-11-06 12:12:37 +00:00,409.00,363.00,107.00,94.00,397.00,265.90,39.80,13.80,13.40,23.10,11.10,0.81,2.58
best auto tinting near me,https://mrtint.ca/,"transactional,navigational","local_pack,people_also_ask,related_searches",170,0,1.93,28,0,0.78,HIGH,18300000,2025-11-09 06:31:06 +00:00,409.00,363.00,107.00,94.00,397.00,272.00,30.10,7.60,7.30,13.50,4.50,0.81,2.58
car tinted film,https://mrtint.ca/,commercial,"popular_products,local_pack,people_also_ask,video,related_searches",110,0,0.71,28,0,0.73,HIGH,11900000,2025-10-19 17:50:04 +00:00,409.00,363.00,107.00,94.00,397.00,308.90,52.60,20.40,19.90,47.60,33.10,0.29,1.50
colored window tint,https://mrtint.ca/,"commercial,transactional","images,popular_products,video,people_also_ask,related_searches",110,0,0.57,28,0,0.96,HIGH,72200000,2025-11-08 07:43:30 +00:00,409.00,363.00,107.00,94.00,397.00,329.20,29.20,12.50,12.10,38.80,31.80,0.46,1.41
window tint classes,https://mrtint.ca/training/,"navigational,commercial","ai_overview,discussions_and_forums,local_pack,related_searches,images",110,0,0.97,28,0,0.13,LOW,3080000,2025-09-28 11:29:10 +00:00,,,,,,144.10,82.80,17.70,17.10,77.40,66.10,0.73,1.72
residential window tinting near me,https://mrtint.ca/,"navigational,transactional","local_pack,people_also_ask,related_searches,images",90,0,5.89,28,0,0.90,HIGH,1870000,2025-11-30 21:22:58 +00:00,409.00,363.00,107.00,94.00,397.00,248.10,84.80,32.80,31.70,69.70,52.40,1.02,6.07
car window tinting mobile,https://mrtint.ca/,"transactional,navigational,commercial","local_pack,people_also_ask,people_also_search,related_searches,images",70,0,2.21,28,0,0.78,HIGH,3890000,2025-12-03 09:21:54 +00:00,409.00,363.00,107.00,94.00,397.00,166.20,41.00,3.90,3.80,6.90,3.70,0.90,2.70
mobile car tinting,https://mrtint.ca/,"navigational,commercial","people_also_ask,people_also_search,related_searches,google_reviews,knowledge_graph,images",70,0,2.21,28,0,0.78,HIGH,9440000,2025-11-15 08:23:21 +00:00,409.00,363.00,107.00,94.00,397.00,318.40,1.50,0.00,0.00,0.00,0.00,0.90,2.70
tint limit ontario,https://mrtint.ca/ontariowindowtintinglaw/,"informational,navigational","ai_overview,people_also_ask,video,carousel,related_searches,images",70,0,,28,0,0.00,LOW,724000,2025-11-13 01:14:33 +00:00,,,,,,286.80,42.20,2.50,2.50,3.20,2.40,,
tint oakville,https://mrtint.ca/,"commercial,navigational","local_pack,people_also_ask,people_also_search,related_searches,images",50,0,7.67,28,0,0.76,HIGH,378000,2025-10-26 14:22:03 +00:00,409.00,363.00,107.00,94.00,397.00,74.50,47.30,15.20,14.60,24.00,19.10,1.75,5.22
car window tinters,https://mrtint.ca/,commercial,"local_pack,people_also_ask,related_searches,images",6600,0,1.74,29,13,0.48,MEDIUM,42200000,2025-12-09 22:39:14 +00:00,409.00,363.00,107.00,94.00,397.00,287.80,39.00,19.90,18.60,46.80,39.50,0.78,2.61
automotive tint film,https://mrtint.ca/,"commercial,transactional","popular_products,video,related_searches,images",720,4,1.10,29,1,0.91,HIGH,7730000,2025-11-20 06:37:04 +00:00,409.00,363.00,107.00,94.00,397.00,302.50,99.90,36.70,36.10,67.50,39.30,0.45,1.75
terry the tinter,https://mrtint.ca/,"commercial,navigational","people_also_ask,images,related_searches,knowledge_graph,google_reviews,third_party_reviews",720,0,,29,1,0.01,LOW,4280000,2025-12-10 22:37:34 +00:00,409.00,363.00,107.00,94.00,397.00,,,,,,,,
automotive window tint film,https://mrtint.ca/,"transactional,commercial","popular_products,related_searches,images",260,0,0.59,29,0,1.00,HIGH,10600000,2025-11-24 15:07:08 +00:00,409.00,363.00,107.00,94.00,397.00,295.40,78.50,33.90,33.20,64.00,40.40,0.27,1.66
glass tinting,https://mrtint.ca/,"navigational,commercial","local_pack,people_also_ask,popular_products,related_searches,images",210,19,1.04,29,0,0.92,HIGH,54000000,2025-11-12 05:26:09 +00:00,409.00,363.00,107.00,94.00,397.00,462.70,153.40,92.70,88.10,1287.10,856.80,0.91,3.77
window tinting oshawa,https://mrtint.ca/,"commercial,navigational","local_pack,people_also_ask,people_also_search,related_searches,images",210,0,2.32,29,0,0.91,HIGH,87100,2025-11-24 16:08:45 +00:00,409.00,363.00,107.00,94.00,397.00,83.90,53.80,23.50,23.00,42.40,21.10,0.79,1.93
window tint kit,https://mrtint.ca/precutppf/,transactional,"popular_products,people_also_ask,video,related_searches,images",170,0,0.45,29,0,1.00,HIGH,23600000,2025-12-16 23:43:11 +00:00,,,,,,297.70,9.20,0.30,0.30,0.80,0.80,0.27,1.09
mobile car tinting near me,https://mrtint.ca/,"navigational,transactional,commercial","local_pack,people_also_ask,people_also_search,related_searches,images",140,0,3.22,29,0,0.62,MEDIUM,4930000,2025-11-27 05:56:10 +00:00,409.00,363.00,107.00,94.00,397.00,120.40,26.70,12.80,12.50,17.40,11.70,0.64,2.71
window tint course,https://mrtint.ca/training/,"commercial,navigational","video,local_pack,related_searches,images",110,0,0.97,29,0,0.13,LOW,11700000,2025-11-28 01:50:08 +00:00,,,,,,200.70,27.10,12.10,11.70,15.50,8.90,0.73,1.72
window tinting laws in canada,https://mrtint.ca/window-tinting-laws/,"commercial,navigational","ai_overview,people_also_ask,carousel,related_searches",110,0,,29,0,0.00,LOW,138000,2025-12-19 17:00:11 +00:00,,,,,,334.80,70.50,9.80,9.60,13.40,10.20,,
tints near me car,https://mrtint.ca/,"commercial,navigational","local_pack,people_also_ask,related_searches,images",90,0,2.69,29,0,0.89,HIGH,8230000,2025-11-07 19:31:50 +00:00,409.00,363.00,107.00,94.00,397.00,216.50,87.60,22.80,22.00,47.60,21.60,1.01,3.46
rain visor car,https://mrtint.ca/windowvisors/,transactional,"ai_overview,people_also_ask,popular_products,images,video,related_searches",70,0,0.30,29,0,0.93,HIGH,11800000,2025-11-13 09:43:41 +00:00,,,,,,450.80,20.00,10.30,10.20,16.50,4.80,0.15,0.62
tinted truck windows,https://mrtint.ca/,"commercial,transactional","popular_products,people_also_ask,video,related_searches,images",70,0,1.85,29,0,1.00,HIGH,12000000,2025-11-09 19:28:04 +00:00,409.00,363.00,107.00,94.00,397.00,391.30,68.90,28.90,27.50,61.40,47.20,0.44,3.20
window tint benefits,https://mrtint.ca/window-tinting-benefits/,"commercial,navigational","ai_overview,people_also_ask,discussions_and_forums,related_searches",30,0,0.06,29,0,0.08,LOW,14200000,2025-10-24 18:11:27 +00:00,,,,,,316.10,43.20,12.30,12.20,24.20,20.40,,
windscreen tint film,https://mrtint.ca/,"transactional,commercial","popular_products,people_also_ask,video,related_searches,images",720,5,1.10,30,1,0.91,HIGH,10200000,2025-11-08 20:30:23 +00:00,409.00,363.00,107.00,94.00,397.00,325.20,101.00,37.90,37.50,51.40,21.30,0.45,1.75
car window deflector,https://mrtint.ca/windowvisors/,transactional,"people_also_ask,popular_products,video,related_searches,images",260,0,0.52,30,0,1.00,HIGH,4150000,2025-11-12 04:10:33 +00:00,,,,,,466.40,20.00,10.30,10.20,16.50,4.80,0.18,0.64
tinted window film for cars,https://mrtint.ca/,"transactional,commercial","popular_products,local_pack,discussions_and_forums,people_also_ask,video,related_searches,images",260,6,0.48,30,0,0.78,HIGH,27700000,2025-12-16 18:00:49 +00:00,409.00,363.00,107.00,94.00,397.00,351.10,103.10,92.30,90.50,236.70,159.20,0.28,1.40
cheap window tinting near me,https://mrtint.ca/,transactional,"local_pack,people_also_ask,related_searches",210,0,2.86,30,0,0.98,HIGH,11100000,2025-12-13 20:13:24 +00:00,409.00,363.00,107.00,94.00,397.00,228.60,15.70,6.70,6.60,7.10,4.90,0.93,3.40
window tinting for homes near me,https://mrtint.ca/,"navigational,transactional,commercial","local_pack,people_also_ask,popular_products,related_searches",170,0,2.41,30,0,0.07,LOW,8270000,2025-12-17 09:15:00 +00:00,409.00,363.00,107.00,94.00,397.00,282.60,56.70,36.40,36.40,53.70,21.70,1.02,3.95
how much tint is allowed in ontario,https://mrtint.ca/ontariowindowtintinglaw/,informational,"ai_overview,people_also_ask,carousel,related_searches",110,0,,30,0,0.00,LOW,8320000,2025-11-07 04:27:11 +00:00,,,,,,548.90,12.20,0.70,0.70,1.00,0.40,,
window tinting for cheap,https://mrtint.ca/pricing/,transactional,"local_pack,people_also_ask,popular_products,people_also_search,related_searches",110,0,3.03,30,0,0.90,HIGH,16700000,2025-11-28 02:01:29 +00:00,3.00,1.00,3.00,3.00,3.00,412.00,11.00,1.20,1.10,2.40,1.60,0.82,3.09
tint king scarborough,https://mrtint.ca/,"commercial,navigational","people_also_ask,people_also_search,related_searches,google_reviews,knowledge_graph,images",70,0,4.98,30,0,0.45,MEDIUM,244000,2025-11-16 09:35:27 +00:00,409.00,363.00,107.00,94.00,397.00,410.70,38.20,27.30,26.00,58.80,37.50,0.89,4.22
window tint laws manitoba,https://mrtint.ca/window-tinting-laws/,"commercial,navigational","ai_overview,people_also_ask,related_searches,images",70,0,,30,0,0.04,LOW,31500,2025-10-01 19:05:16 +00:00,,,,,,408.50,12.50,0.40,0.40,0.70,0.70,,
tint allowed in ontario,https://mrtint.ca/ontariowindowtintinglaw/,informational,"ai_overview,people_also_ask,video,carousel,related_searches,images",50,0,,30,0,0.01,LOW,8090000,2025-10-26 14:34:40 +00:00,,,,,,287.00,40.60,2.50,2.50,3.20,2.40,,
window tinters,https://mrtint.ca/,"commercial,navigational","local_pack,people_also_ask,related_searches,images",18100,9,1.69,31,38,0.72,HIGH,74300000,2025-12-08 15:58:07 +00:00,409.00,363.00,107.00,94.00,397.00,409.20,111.10,48.30,46.60,107.40,82.00,0.76,3.04
window tint services,https://mrtint.ca/,navigational,"local_pack,people_also_search,related_searches",480,4,2.55,31,1,0.04,LOW,39100000,2025-11-09 01:51:04 +00:00,409.00,363.00,107.00,94.00,397.00,126.90,119.70,45.10,43.30,88.10,54.00,1.15,3.55
automotive window tinting film,https://mrtint.ca/,"transactional,commercial","ai_overview,popular_products,video,related_searches,images",260,1,0.48,31,0,0.78,HIGH,4610000,2025-11-12 04:10:58 +00:00,409.00,363.00,107.00,94.00,397.00,318.70,84.20,30.40,30.10,37.10,14.80,0.28,1.40
window rain guards,https://mrtint.ca/windowvisors/,transactional,"popular_products,people_also_ask,images,local_pack,related_searches",260,0,0.52,31,0,0.96,HIGH,18200000,2025-11-09 03:34:21 +00:00,,,,,,541.20,31.80,11.50,11.40,18.10,5.90,0.26,0.79
window tint film for cars,https://mrtint.ca/,"transactional,commercial","popular_products,people_also_ask,discussions_and_forums,video,related_searches,images",260,1,0.48,31,0,0.78,HIGH,20300000,2025-11-24 01:46:59 +00:00,409.00,363.00,107.00,94.00,397.00,311.30,81.80,29.60,29.00,59.10,37.80,0.28,1.40
tinting laws,https://mrtint.ca/ontariowindowtintinglaw/,"informational,navigational","ai_overview,people_also_ask,images,people_also_search,related_searches",210,0,0.77,31,0,0.09,LOW,12000000,2025-12-16 23:57:07 +00:00,,,,,,190.60,44.90,8.50,8.40,12.80,9.60,0.77,2.40
10 tint,https://mrtint.ca/,"commercial,transactional","images,people_also_ask,video,popular_products,related_searches",140,0,0.19,31,0,0.24,LOW,136000000,2025-11-07 17:14:37 +00:00,409.00,363.00,107.00,94.00,397.00,498.50,22.00,0.40,0.40,0.60,0.50,,
car tint course,https://mrtint.ca/training/,"commercial,navigational","ai_overview,people_also_ask,local_pack,related_searches,images",110,0,0.97,31,0,0.13,LOW,11400000,2025-11-12 11:47:51 +00:00,,,,,,220.50,15.40,5.90,5.60,8.60,4.50,0.73,1.72
cheap tint near me,https://mrtint.ca/,transactional,"local_pack,people_also_ask,people_also_search,related_searches,images",90,0,3.07,31,0,0.98,HIGH,25600000,2025-11-12 16:12:49 +00:00,409.00,363.00,107.00,94.00,397.00,197.60,31.00,17.60,17.00,23.60,14.00,0.89,2.90
house windows tinting near me,https://mrtint.ca/,"commercial,navigational","people_also_ask,popular_products,related_searches,images",70,0,4.93,31,0,0.98,HIGH,2860000,2025-11-16 16:12:59 +00:00,409.00,363.00,107.00,94.00,397.00,159.80,36.90,26.50,26.10,46.70,33.50,0.95,4.53
tinting course,https://mrtint.ca/training/,navigational,"video,related_searches,knowledge_graph,google_reviews,images",50,0,,31,0,0.14,LOW,46100000,2025-10-26 14:33:02 +00:00,,,,,,126.30,9.10,5.40,5.20,7.70,3.60,,
auto tint near me,https://mrtint.ca/,"navigational,transactional","local_pack,people_also_ask,related_searches,images",12100,0,2.93,32,25,0.50,MEDIUM,51100000,2025-11-11 10:42:19 +00:00,409.00,363.00,107.00,94.00,397.00,162.50,82.10,32.40,31.70,76.50,50.20,0.94,3.38
car tint near me,https://mrtint.ca/,"navigational,transactional","people_also_ask,people_also_search,related_searches",5400,0,2.35,32,11,0.63,MEDIUM,66600000,2025-11-17 08:08:09 +00:00,409.00,363.00,107.00,94.00,397.00,220.40,84.10,27.70,26.90,69.10,44.80,0.78,2.84
window tint film,https://mrtint.ca/,commercial,"popular_products,people_also_ask,related_searches",720,0,1.51,32,1,1.00,HIGH,19200000,2025-12-10 21:52:51 +00:00,409.00,363.00,107.00,94.00,397.00,334.40,49.60,14.80,14.50,20.40,10.80,0.37,2.09
auto tint shop near me,https://mrtint.ca/,"navigational,commercial","local_pack,people_also_ask,people_also_search,related_searches",210,16,3.42,32,0,0.45,MEDIUM,23100000,2025-11-25 11:28:51 +00:00,409.00,363.00,107.00,94.00,397.00,212.90,163.90,38.30,37.20,634.00,596.70,1.01,3.37
affordable window tinting near me,https://mrtint.ca/,"transactional,navigational","local_pack,people_also_ask,related_searches,images",170,0,2.40,32,0,0.88,HIGH,2940000,2025-11-25 12:30:32 +00:00,409.00,363.00,107.00,94.00,397.00,276.00,20.40,11.50,11.30,21.80,8.00,0.90,2.70
tekton performance films,https://mrtint.ca/,"navigational,commercial","video,related_searches,google_reviews,knowledge_graph,third_party_reviews,images",90,4,8.49,32,0,0.11,LOW,11800,2025-11-12 13:51:33 +00:00,409.00,363.00,107.00,94.00,397.00,750.90,51.00,7.70,7.50,20.40,16.20,1.21,5.79
house window tint near me,https://mrtint.ca/,"transactional,navigational","local_pack,people_also_ask,related_searches,images",70,0,4.93,32,0,0.98,HIGH,32800000,2025-11-17 00:20:05 +00:00,409.00,363.00,107.00,94.00,397.00,365.60,29.50,13.40,13.20,30.80,23.40,0.95,4.53
tint expert,https://mrtint.ca/,"navigational,commercial","people_also_ask,related_searches,images",50,0,1.09,32,0,0.12,LOW,44500000,2025-10-26 14:39:14 +00:00,409.00,363.00,107.00,94.00,397.00,,,,,,,,
window tint laws saskatchewan,https://mrtint.ca/window-tinting-laws/,"commercial,navigational","ai_overview,people_also_ask,images,related_searches",50,0,,32,0,0.01,LOW,31300,2025-10-24 18:11:16 +00:00,,,,,,425.10,52.50,2.50,2.50,3.80,3.50,,
window tint rules ontario,https://mrtint.ca/ontariowindowtintinglaw/,"commercial,navigational","featured_snippet,people_also_ask,video,images,related_searches",50,0,,32,0,0.03,LOW,354000,2025-10-21 13:03:36 +00:00,,,,,,406.20,57.30,4.50,4.40,10.60,6.40,,
window tinting auto,https://mrtint.ca/,"navigational,commercial","local_pack,people_also_ask,popular_products,related_searches,images",6600,0,1.74,33,13,0.48,MEDIUM,7190000,2025-10-30 00:19:51 +00:00,409.00,363.00,107.00,94.00,397.00,294.60,60.40,15.90,15.30,43.20,33.60,0.78,2.61
legal tint in ontario,https://mrtint.ca/ontariowindowtintinglaw/,"commercial,navigational","ai_overview,people_also_ask,images,related_searches",1300,0,,33,2,0.01,LOW,1090000,2025-11-02 09:56:12 +00:00,,,,,,458.70,29.90,2.10,2.10,2.80,2.00,,
cheap auto tinting near me,https://mrtint.ca/,"transactional,navigational","local_pack,people_also_ask,related_searches",170,0,2.40,33,0,0.88,HIGH,15000000,2025-12-18 12:05:26 +00:00,409.00,363.00,107.00,94.00,397.00,270.10,80.10,28.20,27.10,60.50,47.60,0.90,2.70
limo tint,https://mrtint.ca/,navigational,"popular_products,people_also_ask,images,video,related_searches",170,3,1.06,33,0,0.76,HIGH,1080000,2025-12-18 05:01:35 +00:00,409.00,363.00,107.00,94.00,397.00,442.60,79.20,23.00,22.40,50.40,36.60,0.30,2.18
window tint roll,https://mrtint.ca/,transactional,"popular_products,related_searches,images",170,0,0.70,33,0,1.00,HIGH,14400000,2025-11-25 13:49:48 +00:00,409.00,363.00,107.00,94.00,397.00,320.40,36.70,13.30,13.00,17.60,7.40,0.34,1.41
car tinting film,https://mrtint.ca/,commercial,"popular_products,people_also_ask,related_searches",110,0,0.71,33,0,0.73,HIGH,4950000,2025-10-19 17:49:56 +00:00,409.00,363.00,107.00,94.00,397.00,323.90,55.80,24.50,24.10,34.80,15.70,0.29,1.50
mobile tints near me,https://mrtint.ca/,transactional,"local_pack,people_also_ask,people_also_search,related_searches,images",110,0,3.06,33,0,0.75,HIGH,7540000,2025-11-27 06:05:52 +00:00,409.00,363.00,107.00,94.00,397.00,90.10,53.00,10.30,10.00,16.90,10.70,0.76,2.97
electronic window tint car,https://mrtint.ca/,transactional,"video,people_also_ask,popular_products,related_searches,images",90,0,0.47,33,0,0.99,HIGH,19000000,2025-12-02 21:13:43 +00:00,409.00,363.00,107.00,94.00,397.00,394.30,62.30,31.40,29.90,66.30,51.70,0.25,1.40
mobile car window tinting,https://mrtint.ca/,"navigational,transactional","local_pack,people_also_ask,popular_products,people_also_search,related_searches,images",70,0,2.21,33,0,0.78,HIGH,3840000,2025-11-15 08:23:09 +00:00,409.00,363.00,107.00,94.00,397.00,74.10,39.60,3.90,3.80,6.90,3.70,0.90,2.70
rain visor for car,https://mrtint.ca/windowvisors/,transactional,"popular_products,people_also_ask,images,related_searches",70,0,0.45,33,0,0.97,HIGH,10600000,2025-12-15 12:05:54 +00:00,,,,,,,,,,,,0.20,0.56
where can i go to get my car windows tinted,https://mrtint.ca/,transactional,"local_pack,people_also_ask,popular_products,related_searches,images",70,0,2.97,33,0,0.94,HIGH,32400000,2025-11-11 01:27:56 +00:00,409.00,363.00,107.00,94.00,397.00,307.80,53.10,12.80,12.40,20.20,12.70,0.77,2.19
window tinting rules ontario,https://mrtint.ca/ontariowindowtintinglaw/,"commercial,navigational","ai_overview,people_also_ask,video,carousel,related_searches",50,0,,33,0,0.03,LOW,42900,2025-10-21 13:02:27 +00:00,,,,,,329.70,49.50,4.30,4.20,10.40,6.20,,
touch of tint,https://mrtint.ca/contact/,"commercial,transactional,navigational","local_pack,people_also_ask,related_searches,images",40,0,,33,0,0.08,LOW,76700000,2025-10-26 11:17:03 +00:00,,,,,,337.60,23.80,7.20,7.00,8.80,4.90,,
auto tint ceramic,https://mrtint.ca/pricing/,"transactional,commercial","ai_overview,people_also_ask,video,related_searches,images",720,5,1.27,34,1,0.89,HIGH,8760000,2025-11-20 06:52:48 +00:00,3.00,1.00,3.00,3.00,3.00,430.30,89.80,48.30,47.00,79.00,51.90,0.52,1.91
wind visor,https://mrtint.ca/windowvisors/,transactional,"popular_products,people_also_ask,images,video,related_searches",720,0,0.44,34,1,0.89,HIGH,20800000,2025-11-08 20:29:17 +00:00,,,,,,484.20,20.00,10.30,10.20,16.50,4.80,0.25,0.77
car rain guard,https://mrtint.ca/windowvisors/,transactional,"people_also_ask,popular_products,images,related_searches",320,0,0.47,34,0,0.99,HIGH,78000000,2025-12-15 14:57:36 +00:00,,,,,,547.40,31.70,11.50,11.40,18.10,5.90,0.18,0.59
house window tinting film,https://mrtint.ca/residential-tinting/,"commercial,transactional","popular_products,people_also_ask,video,discussions_and_forums,related_searches,images",170,4,1.33,34,0,1.00,HIGH,2110000,2025-12-18 07:21:57 +00:00,,,,,,419.40,88.10,95.00,94.70,121.30,44.50,0.39,2.40
tint removal near me,https://mrtint.ca/,"navigational,commercial","local_pack,people_also_ask,related_searches",170,0,2.42,34,0,0.77,HIGH,45500000,2025-12-17 18:49:06 +00:00,409.00,363.00,107.00,94.00,397.00,317.50,64.10,10.00,9.20,19.80,15.00,0.86,2.95
mobile window tinting near me,https://mrtint.ca/,"transactional,navigational","local_pack,people_also_ask,people_also_search,related_searches,images",140,0,3.22,34,0,0.62,MEDIUM,4320000,2025-11-06 19:27:34 +00:00,409.00,363.00,107.00,94.00,397.00,170.50,85.10,13.20,12.70,26.00,15.60,0.64,2.71
mobile tint near me,https://mrtint.ca/,"transactional,navigational","people_also_ask,people_also_search,related_searches,images",110,0,3.06,34,0,0.75,HIGH,36200000,2025-11-06 19:16:22 +00:00,409.00,363.00,107.00,94.00,397.00,271.90,39.60,19.60,19.20,23.40,15.70,0.76,2.97
window film installation toronto,https://mrtint.ca/,"commercial,navigational","local_pack,people_also_ask,people_also_search,related_searches",90,10,10.57,34,0,0.80,HIGH,22600000,2025-12-04 04:05:54 +00:00,409.00,363.00,107.00,94.00,397.00,163.50,141.50,24.10,22.80,50.20,20.20,1.93,11.63
tinting companies,https://mrtint.ca/,"navigational,commercial","local_pack,people_also_ask,people_also_search,related_searches",70,17,1.77,34,0,0.18,LOW,44200000,2025-11-16 09:35:05 +00:00,409.00,363.00,107.00,94.00,397.00,154.10,174.60,68.00,65.80,2217.20,1419.50,1.10,2.13
xpel paint protection films,https://mrtint.ca/paint-protection-film/,"commercial,transactional","people_also_ask,ai_overview,video,popular_products,related_searches",50,0,2.66,34,0,1.00,HIGH,1140000,2025-12-01 14:09:53 +00:00,,,,,,,,,,,,0.70,2.83
car tint glass,https://mrtint.ca/,"transactional,commercial","local_pack,people_also_ask,popular_products,video,images,related_searches",6600,0,1.74,35,13,0.48,MEDIUM,26000000,2025-12-09 22:28:27 +00:00,409.00,363.00,107.00,94.00,397.00,305.90,47.50,2.30,2.10,5.50,3.10,0.78,2.61
window deflectors,https://mrtint.ca/windowvisors/,transactional,"ai_overview,people_also_ask,discussions_and_forums,popular_products,video,related_searches,images",720,0,0.65,35,1,0.94,HIGH,6570000,2025-12-10 21:53:05 +00:00,,,,,,436.10,20.00,10.30,10.20,16.50,4.80,0.27,0.83
ntd window tinting,https://mrtint.ca/,"navigational,commercial","people_also_ask,video,people_also_search,related_searches,knowledge_graph,google_reviews,third_party_reviews,images",390,0,3.33,35,0,0.06,LOW,4430,2025-11-11 16:40:26 +00:00,409.00,363.00,107.00,94.00,397.00,,,,,,,0.46,1.54
window tint ontario,https://mrtint.ca/ontariowindowtintinglaw/,"commercial,navigational","ai_overview,people_also_ask,local_pack,people_also_search,popular_products,related_searches,images",390,0,2.29,35,0,0.33,LOW,3020000,2025-11-14 04:41:51 +00:00,,,,,,399.40,15.30,0.80,0.80,1.10,0.50,0.92,2.81
rain guards for cars,https://mrtint.ca/windowvisors/,"transactional,commercial","people_also_ask,popular_products,video,related_searches,images",320,0,0.47,35,0,0.99,HIGH,45900000,2025-12-06 12:37:35 +00:00,,,,,,451.20,11.70,1.20,1.20,1.60,1.10,0.18,0.59
tint services near me,https://mrtint.ca/,navigational,"local_pack,people_also_ask,people_also_search,related_searches,images",210,19,1.73,35,0,0.70,HIGH,97500000,2025-11-24 18:37:25 +00:00,409.00,363.00,107.00,94.00,397.00,136.40,158.80,55.40,53.00,138.00,99.00,0.94,2.76
tinting solution,https://mrtint.ca/,"navigational,commercial","ai_overview,local_pack,people_also_ask,video,carousel,related_searches,images",210,0,0.10,35,0,0.10,LOW,54800000,2025-12-16 23:57:27 +00:00,409.00,363.00,107.00,94.00,397.00,384.40,36.10,34.30,33.40,76.20,56.10,1.02,5.05
cheap car tint near me,https://mrtint.ca/,transactional,"local_pack,people_also_ask,popular_products,people_also_search,related_searches,images",170,0,2.40,35,0,0.88,HIGH,56200000,2025-11-25 09:16:16 +00:00,409.00,363.00,107.00,94.00,397.00,205.40,33.80,12.90,12.60,19.60,10.40,0.90,2.70
johnny tint,https://mrtint.ca/,"commercial,transactional","people_also_ask,related_searches,knowledge_graph,google_reviews,third_party_reviews,images",170,0,,35,0,0.01,LOW,6550000,2025-11-26 05:06:13 +00:00,409.00,363.00,107.00,94.00,397.00,552.00,11.00,11.80,11.40,13.40,10.00,,
window tint nearby,https://mrtint.ca/,transactional,"local_pack,popular_products,people_also_ask,related_searches,images",170,0,3.19,35,0,0.98,HIGH,37500000,2025-11-25 13:50:00 +00:00,409.00,363.00,107.00,94.00,397.00,217.00,40.90,7.70,7.40,9.40,6.60,0.93,3.34
cheap window tint,https://mrtint.ca/,transactional,"local_pack,popular_products,people_also_ask,video,related_searches,images",110,0,2.22,35,0,1.00,HIGH,68000000,2025-11-09 12:55:37 +00:00,409.00,363.00,107.00,94.00,397.00,378.80,43.60,6.00,5.70,16.40,5.90,0.87,2.70
window tint cheap,https://mrtint.ca/,"transactional,commercial","local_pack,popular_products,people_also_ask,video,related_searches,images,people_also_search",110,0,3.03,35,0,0.90,HIGH,61400000,2025-11-28 02:01:22 +00:00,409.00,363.00,107.00,94.00,397.00,317.30,59.90,9.80,9.50,24.40,17.20,0.82,3.09
residential window tint near me,https://mrtint.ca/,"navigational,transactional","local_pack,people_also_ask,popular_products,related_searches,images",90,0,5.48,35,0,0.84,HIGH,3740000,2025-11-30 21:22:56 +00:00,409.00,363.00,107.00,94.00,397.00,250.40,54.80,34.10,33.30,50.00,33.30,1.29,5.14
house window tinting near me,https://mrtint.ca/,"navigational,transactional","local_pack,people_also_ask,popular_products,related_searches",70,0,4.93,35,0,0.98,HIGH,4970000,2025-11-17 00:21:03 +00:00,409.00,363.00,107.00,94.00,397.00,176.90,37.80,17.50,17.30,35.50,26.10,0.95,4.53
where to get window tint,https://mrtint.ca/,transactional,"local_pack,people_also_ask,popular_products,discussions_and_forums,related_searches",50,0,2.32,35,0,0.91,HIGH,70800000,2025-11-03 01:04:18 +00:00,409.00,363.00,107.00,94.00,397.00,277.50,42.40,19.90,18.80,47.70,40.00,0.74,2.55
auto tinted windows near me,https://mrtint.ca/,transactional,"local_pack,people_also_ask,related_searches",12100,0,2.68,36,25,0.45,MEDIUM,30000000,2025-11-17 07:06:18 +00:00,409.00,363.00,107.00,94.00,397.00,196.50,28.60,8.60,8.40,14.00,7.60,0.93,3.01
tint express scarborough,https://mrtint.ca/,"commercial,navigational","people_also_ask,video,people_also_search,related_searches,google_reviews,knowledge_graph,images",1900,0,3.53,36,3,0.12,LOW,116000,2025-12-10 02:38:59 +00:00,409.00,363.00,107.00,94.00,397.00,,,,,,,0.63,2.06
vaughan window tinting,https://mrtint.ca/,"commercial,navigational","local_pack,video,people_also_ask,related_searches,images",320,0,2.65,36,0,0.58,MEDIUM,67800,2025-11-22 22:58:41 +00:00,409.00,363.00,107.00,94.00,397.00,161.30,92.80,43.80,42.10,85.10,61.70,0.89,2.88
johnny's tint,https://mrtint.ca/,"commercial,navigational","people_also_ask,related_searches,third_party_reviews,google_reviews,knowledge_graph,images",170,0,,36,0,0.01,LOW,5980000,2025-11-26 04:53:53 +00:00,409.00,363.00,107.00,94.00,397.00,600.20,4.80,7.10,6.90,8.00,5.80,,
ontario windshield tint,https://mrtint.ca/,"commercial,navigational","ai_overview,people_also_ask,video,related_searches,images",170,0,0.81,36,0,0.51,MEDIUM,1150000,2025-12-13 21:16:10 +00:00,409.00,363.00,107.00,94.00,397.00,364.50,72.30,21.90,20.80,49.40,41.30,0.62,1.28
window tint for home near me,https://mrtint.ca/,transactional,"local_pack,people_also_ask,popular_products,people_also_search,related_searches,images",170,0,2.41,36,0,0.07,LOW,54400000,2025-12-17 09:14:50 +00:00,409.00,363.00,107.00,94.00,397.00,372.50,31.90,41.00,40.90,56.20,19.40,1.02,3.95
window tinting near me cheap,https://mrtint.ca/,"transactional,navigational","local_pack,people_also_ask,related_searches,images",170,0,2.40,36,0,0.88,HIGH,10900000,2025-12-13 18:00:06 +00:00,409.00,363.00,107.00,94.00,397.00,216.60,71.60,35.40,34.00,65.00,50.10,0.90,2.70
cheap window tints,https://mrtint.ca/,"transactional,commercial","local_pack,people_also_ask,popular_products,video,related_searches,images",110,0,3.03,36,0,0.90,HIGH,7960000,2025-11-30 07:51:51 +00:00,409.00,363.00,107.00,94.00,397.00,363.70,54.70,21.20,20.70,35.50,12.00,0.82,3.09
nova scotia window tint laws,https://mrtint.ca/window-tinting-laws/,"transactional,commercial","people_also_ask,related_searches,images",90,0,,36,0,0.02,LOW,78200,2025-11-14 11:50:29 +00:00,,,,,,388.80,26.90,1.20,1.20,1.50,1.50,,
tinting near me car,https://mrtint.ca/,"navigational,informational","local_pack,people_also_ask,people_also_search,related_searches,images",90,0,2.69,36,0,0.89,HIGH,10200000,2025-11-07 19:31:56 +00:00,409.00,363.00,107.00,94.00,397.00,229.20,55.00,12.60,12.10,25.50,11.60,1.01,3.46
household window tinting near me,https://mrtint.ca/,transactional,"people_also_ask,related_searches,images",70,0,4.93,36,0,0.98,HIGH,8920000,2025-11-17 00:19:12 +00:00,409.00,363.00,107.00,94.00,397.00,222.10,29.40,12.10,12.00,27.30,20.60,0.95,4.53
where to buy window tint,https://mrtint.ca/,transactional,"local_pack,popular_products,people_also_ask,discussions_and_forums,related_searches",70,0,1.40,36,0,1.00,HIGH,47300000,2025-11-13 23:32:07 +00:00,409.00,363.00,107.00,94.00,397.00,348.80,22.40,12.50,12.30,14.90,4.90,0.75,2.17
window tinting 10,https://mrtint.ca/,"commercial,transactional,navigational","images,people_also_ask,popular_products,related_searches",50,0,0.15,36,0,0.67,HIGH,2030000000,2025-10-24 18:11:22 +00:00,409.00,363.00,107.00,94.00,397.00,444.60,22.00,0.40,0.40,0.60,0.50,,
tint home windows cost,https://mrtint.ca/pricing/,transactional,"people_also_ask,popular_products,discussions_and_forums,related_searches",40,0,4.01,36,0,0.92,HIGH,11700000,2025-10-26 14:36:29 +00:00,3.00,1.00,3.00,3.00,3.00,403.00,69.10,14.90,14.90,32.80,26.90,1.06,3.26
tint near me,https://mrtint.ca/,navigational,"local_pack,people_also_ask,people_also_search,related_searches,images",6600,0,2.70,37,13,0.51,MEDIUM,237000000,2025-12-09 22:22:56 +00:00,409.00,363.00,107.00,94.00,397.00,179.00,76.20,35.60,32.80,111.30,86.50,0.83,3.14
tint shop near me,https://mrtint.ca/,"navigational,commercial","local_pack,people_also_ask,related_searches,images",2400,18,3.00,37,5,0.57,MEDIUM,89600000,2025-11-17 23:43:33 +00:00,409.00,363.00,107.00,94.00,397.00,174.10,181.20,67.90,65.40,684.80,652.90,0.97,3.38
legal tints in ontario,https://mrtint.ca/ontariowindowtintinglaw/,"navigational,commercial","ai_overview,people_also_ask,video,images,local_pack,related_searches",1300,0,,37,2,0.01,LOW,165000,2025-11-29 06:46:10 +00:00,,,,,,338.60,31.50,2.10,2.10,2.80,2.00,,
window tint laws,https://mrtint.ca/ontariowindowtintinglaw/,commercial,"ai_overview,people_also_ask,related_searches,images",320,0,0.88,37,0,0.04,LOW,4920000,2025-12-13 01:35:48 +00:00,,,,,,247.50,57.00,10.50,10.20,13.50,10.30,,
automotive tint shop near me,https://mrtint.ca/,"navigational,commercial","local_pack,people_also_ask,related_searches",210,9,3.42,37,0,0.45,MEDIUM,34800000,2025-11-25 11:38:38 +00:00,409.00,363.00,107.00,94.00,397.00,210.70,130.60,38.10,36.90,627.70,596.70,1.01,3.37
car tint shop near me,https://mrtint.ca/,"navigational,informational,commercial","local_pack,people_also_ask,related_searches",210,2,3.42,37,0,0.45,MEDIUM,39800000,2025-12-17 06:32:45 +00:00,409.00,363.00,107.00,94.00,397.00,166.00,106.80,22.70,22.40,617.60,590.40,1.01,3.37
tint film,https://mrtint.ca/,commercial,"popular_products,people_also_ask,images,related_searches",210,1,0.59,37,0,1.00,HIGH,1780000000,2025-12-16 23:59:13 +00:00,409.00,363.00,107.00,94.00,397.00,326.10,82.10,49.90,49.10,104.90,65.10,0.33,1.94
executive tinting automotive residential and commercial window tinting,https://mrtint.ca/,"transactional,navigational","people_also_ask,related_searches,third_party_reviews,google_reviews,knowledge_graph,images",140,0,,37,0,0.04,LOW,222000,2025-11-30 05:45:44 +00:00,409.00,363.00,107.00,94.00,397.00,440.30,11.30,13.00,12.70,14.50,9.20,,
window tint law ontario,https://mrtint.ca/ontariowindowtintinglaw/,"commercial,navigational","featured_snippet,people_also_ask,video,carousel,related_searches,images",90,0,,37,0,0.02,LOW,458000,2025-11-30 13:40:19 +00:00,,,,,,335.50,40.70,2.40,2.40,3.10,2.30,,
ticket for window tint,https://mrtint.ca/ontariowindowtintinglaw/,"commercial,transactional","ai_overview,people_also_ask,discussions_and_forums,related_searches,images",70,0,,37,0,0.00,LOW,2860000,2025-11-16 09:50:36 +00:00,,,,,,459.60,30.30,2.40,2.30,4.20,3.70,,
xpel pre cut kits,https://mrtint.ca/precutppf/,transactional,"related_searches,images",70,0,2.01,37,0,0.21,LOW,78600,2025-12-01 14:10:15 +00:00,,,,,,385.80,41.70,0.70,0.60,711.40,388.70,0.45,1.74
quebec window tint laws,https://mrtint.ca/window-tinting-laws/,"commercial,informational","ai_overview,people_also_ask,images,related_searches",50,0,,37,0,0.00,LOW,123000,2025-10-29 03:03:15 +00:00,,,,,,318.40,27.20,0.80,0.80,1.60,1.50,,
car window tint near me,https://mrtint.ca/,transactional,"local_pack,people_also_ask,popular_products,related_searches",2900,0,2.41,38,6,0.49,MEDIUM,34100000,2025-12-09 23:29:07 +00:00,409.00,363.00,107.00,94.00,397.00,158.20,9.30,0.20,0.20,0.40,0.30,0.84,2.78
auto tint vaughan,https://mrtint.ca/,"commercial,navigational","local_pack,people_also_search,people_also_ask,related_searches,images",320,3,3.14,38,0,0.69,HIGH,150000,2025-11-23 00:07:33 +00:00,409.00,363.00,107.00,94.00,397.00,189.20,98.80,43.80,42.20,85.30,60.90,1.10,4.00
tinted vehicle windows,https://mrtint.ca/,"commercial,transactional","local_pack,people_also_ask,video,popular_products,related_searches",320,0,1.99,38,0,0.07,LOW,19600000,2025-11-29 12:22:25 +00:00,409.00,363.00,107.00,94.00,397.00,450.20,65.80,29.30,27.30,68.50,55.20,0.67,2.62
window rain guard,https://mrtint.ca/windowvisors/,transactional,"popular_products,images,people_also_ask,related_searches",260,0,0.52,38,0,0.96,HIGH,65200000,2025-12-13 15:37:36 +00:00,,,,,,,,,,,,0.26,0.79
color window tint,https://mrtint.ca/,"commercial,transactional","video,people_also_ask,discussions_and_forums,images,related_searches",110,0,0.57,38,0,0.96,HIGH,49100000,2025-12-20 13:23:50 +00:00,409.00,363.00,107.00,94.00,397.00,297.10,69.50,38.00,36.60,93.40,72.30,0.46,1.41
manitoba window tint laws,https://mrtint.ca/window-tinting-laws/,"commercial,navigational","ai_overview,people_also_ask,related_searches,images",110,0,,38,0,0.02,LOW,28000,2025-11-30 02:45:42 +00:00,,,,,,384.00,16.20,0.60,0.60,0.90,0.90,,
best tint,https://mrtint.ca/,commercial,"featured_snippet,people_also_ask,popular_products,images,discussions_and_forums,related_searches",70,11,1.44,38,0,0.64,MEDIUM,184000000,2025-12-04 09:40:26 +00:00,409.00,363.00,107.00,94.00,397.00,403.40,120.00,38.20,37.60,134.00,99.40,0.72,2.92
tinted car windows illegal,https://mrtint.ca/ontariowindowtintinglaw/,"commercial,informational","ai_overview,people_also_ask,video,people_also_search,related_searches,images",50,0,,38,0,0.01,LOW,1580000,2025-10-26 14:39:40 +00:00,,,,,,359.10,61.50,10.80,10.50,14.20,11.20,,
residential windows tinting,https://mrtint.ca/residential-tinting/,"commercial,navigational","local_pack,people_also_ask,video,related_searches",480,9,3.46,39,1,1.00,HIGH,2540000,2025-11-09 01:16:33 +00:00,,,,,,429.40,107.40,50.10,49.90,76.80,45.40,1.05,5.83
law for window tint,https://mrtint.ca/ontariowindowtintinglaw/,"transactional,commercial","ai_overview,people_also_ask,video,related_searches,images",320,0,0.88,39,0,0.04,LOW,5400000,2025-11-23 17:09:37 +00:00,,,,,,246.80,58.00,10.50,10.20,13.90,11.10,,
glass tint,https://mrtint.ca/,"commercial,transactional","popular_products,local_pack,people_also_ask,video,images,related_searches",210,0,1.04,39,0,0.92,HIGH,73400000,2025-12-17 04:25:13 +00:00,409.00,363.00,107.00,94.00,397.00,366.40,49.90,28.40,28.00,45.20,36.70,0.91,3.77
insta tints scarborough,https://mrtint.ca/,"commercial,navigational","people_also_ask,related_searches,google_reviews,knowledge_graph,images",210,0,4.39,39,0,0.28,LOW,5050,2025-11-29 16:28:04 +00:00,409.00,363.00,107.00,94.00,397.00,584.10,15.50,0.10,0.10,0.10,0.10,0.87,3.30
cheap car tinting near me,https://mrtint.ca/,transactional,"local_pack,people_also_ask,related_searches",170,0,2.40,39,0,0.88,HIGH,10800000,2025-12-13 20:13:12 +00:00,409.00,363.00,107.00,94.00,397.00,206.60,40.80,4.20,4.10,5.90,3.00,0.90,2.70
window tint cheap near me,https://mrtint.ca/,transactional,"local_pack,people_also_ask,popular_products,related_searches",170,0,2.40,39,0,0.88,HIGH,64000000,2025-12-13 18:01:12 +00:00,409.00,363.00,107.00,94.00,397.00,154.60,72.40,25.70,25.10,34.80,20.70,0.90,2.70
best automotive window tint,https://mrtint.ca/,transactional,"ai_overview,people_also_ask,discussions_and_forums,people_also_search,local_pack,video,related_searches",140,10,1.47,39,0,0.94,HIGH,13000000,2025-11-27 19:55:53 +00:00,409.00,363.00,107.00,94.00,397.00,315.80,123.40,33.80,33.20,84.20,61.50,0.64,2.85
window vent visors,https://mrtint.ca/windowvisors/,transactional,"people_also_search,popular_products,people_also_ask,video,related_searches",50,0,0.85,39,0,1.00,HIGH,3350000,2025-10-24 18:11:00 +00:00,,,,,,421.30,20.00,10.30,10.20,16.50,4.80,0.23,0.83
window visors rain guards,https://mrtint.ca/windowvisors/,transactional,"popular_products,people_also_ask,video,discussions_and_forums,related_searches,images",50,0,0.45,39,0,0.99,HIGH,1250000,2025-11-03 01:00:00 +00:00,,,,,,451.30,11.80,1.20,1.20,1.60,1.10,0.16,0.80
automotive tinting near me,https://mrtint.ca/,"navigational,transactional","local_pack,people_also_ask,people_also_search,related_searches,images",12100,0,2.68,40,25,0.45,MEDIUM,8030000,2025-11-17 06:57:25 +00:00,409.00,363.00,107.00,94.00,397.00,227.30,66.90,15.20,14.30,45.10,38.30,0.93,3.01
window films tint,https://mrtint.ca/,commercial,"popular_products,people_also_ask,video,related_searches,images",720,6,1.10,40,1,0.91,HIGH,4750000,2025-11-08 20:27:22 +00:00,409.00,363.00,107.00,94.00,397.00,296.60,104.20,53.20,52.50,103.60,62.90,0.45,1.75
ontario tint legal limit,https://mrtint.ca/ontariowindowtintinglaw/,"informational,commercial","ai_overview,people_also_ask,video,carousel,related_searches,images",480,0,,40,1,0.00,LOW,261000,2025-11-20 07:00:09 +00:00,,,,,,459.40,31.50,2.10,2.10,2.80,2.00,,
car tint vaughan,https://mrtint.ca/,commercial,"local_pack,people_also_ask,related_searches",320,3,2.65,40,0,0.58,MEDIUM,231000,2025-11-23 23:58:42 +00:00,409.00,363.00,107.00,94.00,397.00,175.40,101.30,44.40,42.70,86.40,62.10,0.89,2.88
windows tint studio13,https://mrtint.ca/,transactional,"people_also_ask,related_searches,third_party_reviews,google_reviews,knowledge_graph,images",260,0,2.43,40,0,0.03,LOW,1450,2025-11-24 01:34:38 +00:00,409.00,363.00,107.00,94.00,397.00,,,,,,,,
tinting services near me,https://mrtint.ca/pricing/,navigational,"local_pack,people_also_ask,people_also_search,related_searches",210,24,1.73,40,0,0.70,HIGH,9500000,2025-11-24 18:37:26 +00:00,3.00,1.00,3.00,3.00,3.00,247.10,123.30,26.30,25.60,46.80,32.10,0.94,2.76
car window film,https://mrtint.ca/,"commercial,transactional","popular_products,people_also_ask,discussions_and_forums,related_searches,images",170,3,1.07,40,0,0.98,HIGH,1110000000,2025-11-26 11:14:42 +00:00,409.00,363.00,107.00,94.00,397.00,359.80,87.20,37.70,37.10,67.00,40.50,0.59,1.99
darkside tint,https://mrtint.ca/,"commercial,navigational","local_pack,people_also_ask,video,popular_products,related_searches,images",170,6,,40,0,0.03,LOW,986000,2025-11-26 09:08:28 +00:00,409.00,363.00,107.00,94.00,397.00,525.90,84.90,24.80,24.00,32.50,23.60,,
mobile window tinting,https://mrtint.ca/,"navigational,commercial","local_pack,people_also_ask,related_searches,images",170,0,1.75,40,0,0.80,HIGH,5150000,2025-11-26 02:54:08 +00:00,409.00,363.00,107.00,94.00,397.00,249.90,58.40,5.70,5.40,1068.70,680.10,0.76,2.62
spray on window tint,https://mrtint.ca/,"transactional,commercial","ai_overview,video,people_also_ask,popular_products,images,carousel,related_searches",170,0,0.45,40,0,0.99,HIGH,19400000,2025-12-17 21:19:52 +00:00,409.00,363.00,107.00,94.00,397.00,599.90,3.20,0.20,0.20,0.20,0.20,0.24,0.86
reflection window tinting,https://mrtint.ca/,"commercial,navigational","local_pack,video,people_also_ask,related_searches,images",90,0,1.10,40,0,1.00,HIGH,950000,2025-11-01 23:04:06 +00:00,409.00,363.00,107.00,94.00,397.00,566.70,0.80,0.10,0.10,0.10,0.10,0.52,1.74
window tint legal ontario,https://mrtint.ca/ontariowindowtintinglaw/,"commercial,navigational","ai_overview,people_also_ask,video,images,related_searches",90,0,,40,0,0.02,LOW,496000,2025-11-30 13:40:11 +00:00,,,,,,339.90,13.80,0.70,0.70,1.00,0.40,,
car window tint mobile,https://mrtint.ca/,transactional,"local_pack,popular_products,people_also_ask,people_also_search,related_searches,images",70,0,2.21,40,0,0.78,HIGH,14800000,2025-12-03 09:32:35 +00:00,409.00,363.00,107.00,94.00,397.00,166.20,41.00,3.90,3.80,6.90,3.70,0.90,2.70
front windshield tint ontario,https://mrtint.ca/pricing/,"commercial,transactional","ai_overview,people_also_ask,video,related_searches,images",70,0,0.42,40,0,0.14,LOW,1090000,2025-12-01 05:19:28 +00:00,3.00,1.00,3.00,3.00,3.00,303.50,31.50,2.10,2.10,2.80,2.00,,
window rain deflectors,https://mrtint.ca/windowvisors/,transactional,"popular_products,people_also_ask,related_searches",50,0,0.59,40,0,0.99,HIGH,6630000,2025-10-24 18:11:44 +00:00,,,,,,429.50,20.00,10.30,10.20,16.50,4.80,0.29,0.83
tinting home windows cost,https://mrtint.ca/pricing/,"commercial,transactional","people_also_ask,popular_products,discussions_and_forums,related_searches",40,0,4.01,40,0,0.92,HIGH,2450000,2025-10-26 14:46:47 +00:00,3.00,1.00,3.00,3.00,3.00,416.40,69.10,14.90,14.90,32.80,26.90,1.06,3.26
window tinting house cost,https://mrtint.ca/pricing/,"commercial,transactional","ai_overview,people_also_ask,discussions_and_forums,related_searches",40,6,4.01,40,0,0.92,HIGH,2730000,2025-10-24 18:11:07 +00:00,3.00,1.00,3.00,3.00,3.00,454.50,91.20,16.70,16.60,38.80,32.20,1.06,3.26
vehicle tints near me,https://mrtint.ca/,"transactional,navigational","local_pack,people_also_ask,related_searches,images",12100,0,2.68,41,25,0.45,MEDIUM,3120000,2025-10-29 12:41:50 +00:00,409.00,363.00,107.00,94.00,397.00,233.20,43.90,14.20,13.80,23.50,9.40,0.93,3.01
car tinting near me,https://mrtint.ca/,"navigational,commercial","local_pack,people_also_ask,related_searches,images",5400,0,2.35,41,11,0.63,MEDIUM,9380000,2025-11-08 23:25:56 +00:00,409.00,363.00,107.00,94.00,397.00,184.40,24.80,12.90,12.60,20.30,11.60,0.78,2.84
window tint for home,https://mrtint.ca/residential-tinting/,transactional,"people_also_ask,popular_products,video,related_searches,images",1900,12,2.05,41,3,1.00,HIGH,59900000,2025-11-07 05:36:51 +00:00,,,,,,470.20,120.00,55.90,55.50,72.40,37.60,0.62,3.95
tinting windows law,https://mrtint.ca/ontariowindowtintinglaw/,"navigational,informational,commercial","ai_overview,people_also_ask,video,related_searches",320,0,0.88,41,0,0.04,LOW,1260000,2025-11-22 23:05:34 +00:00,,,,,,332.00,64.60,10.90,10.60,14.30,11.30,,
cheap window tints near me,https://mrtint.ca/,transactional,"local_pack,people_also_ask,popular_products,related_searches",170,0,2.40,41,0,0.88,HIGH,7980000,2025-12-13 20:13:12 +00:00,409.00,363.00,107.00,94.00,397.00,313.10,54.40,20.30,19.20,46.90,39.50,0.90,2.70
tint film car,https://mrtint.ca/,commercial,"popular_products,video,related_searches",110,1,0.71,41,0,0.73,HIGH,19600000,2025-10-18 13:05:04 +00:00,409.00,363.00,107.00,94.00,397.00,315.70,81.90,29.60,29.00,59.10,37.80,0.29,1.50
window tint chrome,https://mrtint.ca/,"commercial,transactional","popular_products,video,images,related_searches",110,0,0.88,41,0,0.75,HIGH,10400000,2025-11-28 02:01:16 +00:00,409.00,363.00,107.00,94.00,397.00,350.50,50.60,19.30,18.80,47.20,38.30,0.37,2.71
legal front window tint ontario,https://mrtint.ca/ontariowindowtintinglaw/,"transactional,commercial","ai_overview,video,people_also_ask,carousel,local_pack,related_searches,images",70,0,0.82,41,0,0.07,LOW,389000,2025-11-10 07:48:16 +00:00,,,,,,310.00,26.00,1.20,1.20,1.50,0.90,,
tinted windows ticket,https://mrtint.ca/ontariowindowtintinglaw/,commercial,"ai_overview,video,people_also_ask,related_searches,images",70,0,,41,0,0.00,LOW,2860000,2025-11-16 09:35:13 +00:00,,,,,,450.50,12.50,0.70,0.70,1.40,1.20,,
window tint ontario law,https://mrtint.ca/ontariowindowtintinglaw/,"commercial,navigational","ai_overview,people_also_ask,video,related_searches,images",70,0,,41,0,0.00,LOW,467000,2025-12-01 14:30:25 +00:00,,,,,,434.80,31.50,2.10,2.10,2.80,2.00,,
ontario window tint laws,https://mrtint.ca/ontariowindowtintinglaw/,"commercial,navigational","ai_overview,people_also_ask,video,images,related_searches",1300,0,1.33,42,2,0.02,LOW,308000,2025-11-18 03:54:38 +00:00,,,,,,258.60,42.20,2.50,2.50,3.20,2.40,0.80,2.13
tinted windows ontario law,https://mrtint.ca/ontariowindowtintinglaw/,commercial,"ai_overview,people_also_ask,video,images,related_searches",1300,0,1.33,42,2,0.02,LOW,620000,2025-11-02 09:46:47 +00:00,,,,,,273.80,40.60,2.50,2.50,3.20,2.40,0.80,2.13
tinting laws ontario,https://mrtint.ca/ontariowindowtintinglaw/,"navigational,informational","featured_snippet,people_also_ask,video,images,related_searches",1300,0,,42,2,0.01,LOW,115000,2025-11-02 09:44:24 +00:00,,,,,,312.60,60.90,4.70,4.60,11.00,6.80,,
auto tint brampton,https://mrtint.ca/,"commercial,navigational","local_pack,people_also_ask,related_searches,images",720,2,3.06,42,1,0.74,HIGH,254000,2025-11-08 23:10:28 +00:00,409.00,363.00,107.00,94.00,397.00,299.30,90.00,20.00,18.90,47.80,40.10,0.78,3.03
legal tint limit ontario,https://mrtint.ca/ontariowindowtintinglaw/,"commercial,informational","ai_overview,people_also_ask,images,carousel,related_searches",480,0,,42,1,0.00,LOW,265000,2025-11-19 07:06:04 +00:00,,,,,,452.90,15.30,0.80,0.80,1.10,0.50,,
ntd window tint,https://mrtint.ca/,transactional,"related_searches,third_party_reviews,google_reviews,knowledge_graph,images",390,0,3.33,42,0,0.06,LOW,24400,2025-12-12 21:09:42 +00:00,409.00,363.00,107.00,94.00,397.00,,,,,,,0.46,1.54
window tint markham,https://mrtint.ca/pricing/,"commercial,navigational","local_pack,people_also_ask,related_searches,images",390,0,2.71,42,0,0.41,MEDIUM,205000,2025-11-22 11:22:58 +00:00,3.00,1.00,3.00,3.00,3.00,296.80,13.10,9.10,8.70,18.00,6.30,0.75,2.43
tint master,https://mrtint.ca/,"commercial,navigational","local_pack,people_also_ask,related_searches,images",260,0,4.31,42,0,0.18,LOW,46500000,2025-12-16 18:00:43 +00:00,409.00,363.00,107.00,94.00,397.00,304.30,52.00,12.90,12.70,15.60,8.70,1.02,3.97
total tinting,https://mrtint.ca/,"navigational,commercial","local_pack,related_searches",260,0,0.79,42,0,0.07,LOW,67000000,2025-12-16 17:59:34 +00:00,409.00,363.00,107.00,94.00,397.00,282.80,2.00,5.00,4.90,5.60,3.20,0.58,2.30
window film toronto,https://mrtint.ca/,"commercial,transactional","local_pack,people_also_ask,popular_products,related_searches",170,6,5.64,42,0,0.13,LOW,167000000,2025-11-26 16:34:38 +00:00,409.00,363.00,107.00,94.00,397.00,209.50,89.90,22.50,21.20,48.20,20.10,1.08,8.00
window tinting home near me,https://mrtint.ca/,"navigational,commercial","local_pack,people_also_ask,people_also_search,related_searches,images",170,0,2.41,42,0,0.07,LOW,6910000,2025-11-09 08:49:35 +00:00,409.00,363.00,107.00,94.00,397.00,338.30,54.80,13.00,12.60,1088.00,695.50,1.02,3.95
front windows,https://mrtint.ca/pricing/,commercial,"images,people_also_ask,video,related_searches",110,9,4.24,42,0,0.66,MEDIUM,1010000000,2025-11-09 10:21:52 +00:00,3.00,1.00,3.00,3.00,3.00,377.70,115.50,47.00,45.30,382.20,168.20,1.71,7.13
rain visor,https://mrtint.ca/windowvisors/,transactional,"ai_overview,popular_products,people_also_ask,images,related_searches",110,0,0.20,42,0,0.72,HIGH,18500000,2025-11-28 08:12:58 +00:00,,,,,,,,,,,,0.16,0.61
tint percentage ontario,https://mrtint.ca/ontariowindowtintinglaw/,informational,"ai_overview,people_also_ask,video,images,carousel,related_searches",110,0,0.11,42,0,0.15,LOW,374000,2025-11-28 04:41:00 +00:00,,,,,,392.10,9.90,0.60,0.60,2.00,0.80,,
car window rain shield,https://mrtint.ca/windowvisors/,transactional,"popular_products,images,video,related_searches",90,0,0.40,42,0,0.96,HIGH,16000000,2025-12-01 09:34:02 +00:00,,,,,,520.90,11.70,1.20,1.20,1.60,1.10,0.28,1.85
tint rules ontario,https://mrtint.ca/ontariowindowtintinglaw/,"informational,navigational,commercial","ai_overview,video,people_also_ask,related_searches,images",70,0,,42,0,0.00,LOW,728000,2025-12-01 18:28:48 +00:00,,,,,,401.60,51.90,4.40,4.30,10.50,6.30,,
tinted window ticket,https://mrtint.ca/ontariowindowtintinglaw/,commercial,"ai_overview,people_also_ask,popular_products,related_searches,images",70,0,,42,0,0.00,LOW,1860000,2025-11-13 01:26:54 +00:00,,,,,,522.30,9.60,0.50,0.50,1.20,1.00,,
tinted paint protection film,https://mrtint.ca/paint-protection-film/,"commercial,transactional","video,popular_products,people_also_ask,related_searches,images",40,0,1.86,42,0,0.92,HIGH,8740000,2025-10-26 14:21:41 +00:00,,,,,,243.90,65.40,21.70,21.50,58.80,42.80,0.89,3.74
window tint home,https://mrtint.ca/residential-tinting/,"commercial,navigational","popular_products,local_pack,people_also_ask,discussions_and_forums,video,related_searches,images",1900,8,2.05,43,3,1.00,HIGH,54400000,2025-10-08 08:24:00 +00:00,,,,,,492.80,98.40,48.90,48.70,75.50,44.30,0.62,3.95
legal window tint ontario,https://mrtint.ca/ontariowindowtintinglaw/,"navigational,commercial","ai_overview,people_also_ask,video,carousel,related_searches,images",1600,0,1.95,43,3,0.02,LOW,503000,2025-12-10 04:20:49 +00:00,,,,,,363.60,31.50,2.10,2.10,2.80,2.00,0.64,2.64
ontario tint laws,https://mrtint.ca/ontariowindowtintinglaw/,informational,"ai_overview,people_also_ask,video,images,related_searches",1300,0,,43,2,0.01,LOW,485000,2025-12-10 07:56:56 +00:00,,,,,,398.00,62.60,4.80,4.70,10.90,6.70,,
tint shop,https://mrtint.ca/,navigational,"local_pack,people_also_ask,related_searches,images",1300,7,3.34,43,2,0.52,MEDIUM,157000000,2025-12-10 06:53:37 +00:00,409.00,363.00,107.00,94.00,397.00,264.30,115.90,45.60,43.60,655.20,627.00,1.05,3.97
window tint laws ontario,https://mrtint.ca/ontariowindowtintinglaw/,"commercial,navigational","ai_overview,people_also_ask,video,images,related_searches",1300,0,1.33,43,2,0.02,LOW,314000,2025-11-02 09:42:17 +00:00,,,,,,326.30,63.80,4.90,4.80,11.20,7.00,0.80,2.13
windshield tint laws ontario,https://mrtint.ca/ontariowindowtintinglaw/,"commercial,navigational","ai_overview,people_also_ask,video,carousel,related_searches,images",1300,0,1.33,43,2,0.02,LOW,153000,2025-11-02 09:43:46 +00:00,,,,,,287.30,40.60,2.50,2.50,3.20,2.40,0.80,2.13
auto tint markham,https://mrtint.ca/pricing/,"commercial,navigational","local_pack,people_also_ask,related_searches",390,0,2.71,43,0,0.41,MEDIUM,153000,2025-11-09 02:32:16 +00:00,3.00,1.00,3.00,3.00,3.00,337.40,59.10,21.70,20.90,38.20,17.00,0.75,2.43
tint queensway,https://mrtint.ca/,commercial,"people_also_ask,related_searches,knowledge_graph,google_reviews,third_party_reviews,images",320,0,3.23,43,0,0.07,LOW,37700,2025-11-29 09:21:11 +00:00,409.00,363.00,107.00,94.00,397.00,652.80,7.50,4.80,4.60,5.30,3.40,0.77,1.78
window tint canada,https://mrtint.ca/,"transactional,navigational","ai_overview,people_also_ask,video,local_pack,related_searches,people_also_search,images",260,0,1.96,43,0,0.94,HIGH,17100000,2025-11-29 11:51:19 +00:00,409.00,363.00,107.00,94.00,397.00,285.30,52.80,8.80,8.30,12.40,8.70,0.68,3.07
window tinting in peterborough,https://mrtint.ca/,"commercial,navigational","local_pack,people_also_ask,related_searches,images",210,0,1.48,43,0,0.56,MEDIUM,396000,2025-11-01 18:44:30 +00:00,409.00,363.00,107.00,94.00,397.00,441.50,28.50,1.30,1.30,1.70,1.30,0.84,2.21
car tint mobile,https://mrtint.ca/,"transactional,navigational,commercial","local_pack,popular_products,people_also_ask,people_also_search,related_searches,images",170,0,1.75,43,0,0.80,HIGH,45100000,2025-11-26 11:25:52 +00:00,409.00,363.00,107.00,94.00,397.00,62.50,53.40,12.60,12.30,19.60,10.00,0.76,2.62
mobile tint,https://mrtint.ca/,"transactional,navigational,commercial","local_pack,people_also_ask,people_also_search,related_searches,images",170,0,2.71,43,0,0.65,MEDIUM,68500000,2025-12-18 03:38:34 +00:00,409.00,363.00,107.00,94.00,397.00,312.20,11.40,6.50,6.40,10.40,3.80,0.81,3.18
protex toronto,https://mrtint.ca/,"commercial,navigational","people_also_ask,related_searches,knowledge_graph,google_reviews,images",170,0,3.97,43,0,0.38,MEDIUM,47400,2025-12-18 00:41:01 +00:00,409.00,363.00,107.00,94.00,397.00,546.70,51.30,5.90,5.70,31.60,28.80,1.17,4.26
car window tinting london ontario,https://mrtint.ca/,"commercial,navigational","local_pack,discussions_and_forums,people_also_ask,people_also_search,related_searches",90,0,2.51,43,0,0.67,HIGH,87900,2025-11-09 13:16:33 +00:00,409.00,363.00,107.00,94.00,397.00,169.40,70.40,27.60,26.60,39.50,24.20,1.04,3.44
executive tints,https://mrtint.ca/,"commercial,navigational","local_pack,people_also_ask,popular_products,related_searches,images",90,0,0.91,43,0,0.17,LOW,620000,2025-11-10 14:20:07 +00:00,409.00,363.00,107.00,94.00,397.00,470.70,31.50,12.80,12.50,31.00,14.20,0.78,2.88
window tint removal near me,https://mrtint.ca/,"navigational,commercial","local_pack,people_also_ask,related_searches",90,0,1.82,43,0,0.73,HIGH,16200000,2025-11-14 11:35:04 +00:00,409.00,363.00,107.00,94.00,397.00,356.90,24.50,2.40,2.30,5.10,3.90,0.86,2.85
tint whitby,https://mrtint.ca/,"commercial,navigational","local_pack,people_also_ask,people_also_search,related_searches,images",50,0,2.46,43,0,0.91,HIGH,272000,2025-10-02 01:06:22 +00:00,409.00,363.00,107.00,94.00,397.00,205.10,25.50,13.50,13.30,21.10,11.30,0.94,2.07
tint ticket ontario,https://mrtint.ca/ontariowindowtintinglaw/,"commercial,navigational","ai_overview,people_also_ask,related_searches,images",40,0,,43,0,0.01,LOW,318000,2025-10-26 14:34:29 +00:00,,,,,,446.80,27.00,1.90,1.90,2.60,1.80,,
car tinting markham,https://mrtint.ca/pricing/,"commercial,navigational","local_pack,people_also_ask,related_searches,images",390,0,2.71,44,0,0.41,MEDIUM,134000,2025-11-11 16:38:32 +00:00,3.00,1.00,3.00,3.00,3.00,204.20,61.00,18.40,17.70,31.00,13.70,0.75,2.43
ntd tint,https://mrtint.ca/,"transactional,navigational,commercial","related_searches,google_reviews,knowledge_graph,images",390,0,3.33,44,0,0.06,LOW,72300,2025-12-12 21:09:08 +00:00,409.00,363.00,107.00,94.00,397.00,,,,,,,0.46,1.54
house tinting windows,https://mrtint.ca/residential-tinting/,"commercial,navigational","featured_snippet,local_pack,people_also_ask,popular_products,video,related_searches,images",320,0,2.10,44,0,0.99,HIGH,3200000,2025-11-23 18:47:01 +00:00,,,,,,416.60,54.60,27.20,26.90,51.60,38.40,0.52,4.04
window tinting glass,https://mrtint.ca/,transactional,"local_pack,popular_products,video,people_also_ask,related_searches",140,1,2.09,44,0,0.90,HIGH,12600000,2025-10-16 20:14:39 +00:00,409.00,363.00,107.00,94.00,397.00,355.40,80.90,18.30,17.50,1088.60,693.40,0.63,3.50
window tint for cheap,https://mrtint.ca/,transactional,"local_pack,people_also_ask,popular_products,video,related_searches,images",110,0,3.03,44,0,0.90,HIGH,64900000,2025-11-28 01:50:28 +00:00,409.00,363.00,107.00,94.00,397.00,422.20,22.90,16.40,16.10,21.50,7.70,0.82,3.09
auto glass tinting near me,https://mrtint.ca/,"navigational,commercial","local_pack,people_also_ask,related_searches",70,0,2.22,44,0,0.73,HIGH,16100000,2025-10-24 04:37:07 +00:00,409.00,363.00,107.00,94.00,397.00,267.30,67.80,27.90,27.40,53.90,30.20,1.14,3.29
car rain visor,https://mrtint.ca/windowvisors/,transactional,"popular_products,people_also_ask,images,video,related_searches",70,0,0.30,44,0,0.93,HIGH,11200000,2025-12-03 09:25:37 +00:00,,,,,,,,,,,,0.15,0.62
legal window tint percentage ontario,https://mrtint.ca/ontariowindowtintinglaw/,"commercial,navigational","ai_overview,people_also_ask,video,related_searches,images",70,0,,44,0,0.01,LOW,81400,2025-12-01 01:44:45 +00:00,,,,,,444.90,31.50,2.10,2.10,2.80,2.00,,
mobile car tint,https://mrtint.ca/,"transactional,navigational","ai_overview,people_also_ask,video,popular_products,local_pack,people_also_search,related_searches,images",70,0,2.21,44,0,0.78,HIGH,30200000,2025-11-17 18:47:45 +00:00,409.00,363.00,107.00,94.00,397.00,152.10,16.80,1.00,1.00,2.40,1.60,0.90,2.70
rain car window cover,https://mrtint.ca/windowvisors/,transactional,"popular_products,people_also_ask,images,video,related_searches",50,0,0.35,44,0,1.00,HIGH,141000000,2025-10-29 02:13:12 +00:00,,,,,,553.70,14.80,1.70,1.60,2.10,1.40,0.28,0.91
auto window tinting near me,https://mrtint.ca/,"navigational,commercial","local_pack,people_also_ask,related_searches",2900,0,2.41,45,6,0.49,MEDIUM,6880000,2025-12-09 23:30:49 +00:00,409.00,363.00,107.00,94.00,397.00,206.30,32.50,3.90,3.80,8.10,4.50,0.84,2.78
car tinted glass near me,https://mrtint.ca/,transactional,"local_pack,people_also_ask,related_searches",2900,0,2.41,45,6,0.49,MEDIUM,44300000,2025-12-09 23:56:12 +00:00,409.00,363.00,107.00,94.00,397.00,199.80,73.60,17.20,16.90,24.00,14.80,0.84,2.78
rain guards,https://mrtint.ca/windowvisors/,transactional,"popular_products,people_also_ask,images,related_searches",720,0,0.60,45,1,0.71,HIGH,48500000,2025-11-19 23:46:31 +00:00,,,,,,424.40,10.60,1.20,1.20,1.60,1.10,0.24,0.73
glass tint near me,https://mrtint.ca/pricing/,"transactional,navigational","local_pack,people_also_ask,popular_products,people_also_search,related_searches,images",390,0,4.80,45,0,0.68,HIGH,67400000,2025-11-09 02:17:20 +00:00,3.00,1.00,3.00,3.00,3.00,255.40,9.00,4.50,4.40,5.30,3.60,0.97,4.48
tinted windows house,https://mrtint.ca/residential-tinting/,commercial,"ai_overview,people_also_ask,local_pack,popular_products,video,carousel,related_searches,images",320,6,2.10,45,0,0.99,HIGH,14900000,2025-12-13 03:09:02 +00:00,,,,,,460.30,89.90,47.60,47.20,80.70,52.70,0.52,4.04
vehicle window tinting,https://mrtint.ca/,"navigational,commercial","ai_overview,people_also_ask,video,popular_products,related_searches,images",320,0,1.99,45,0,0.07,LOW,5680000,2025-11-29 12:15:29 +00:00,409.00,363.00,107.00,94.00,397.00,306.80,13.70,0.40,0.20,0.70,0.70,0.67,2.62
window tint vaughan,https://mrtint.ca/,commercial,"local_pack,people_also_ask,related_searches,images",320,10,2.65,45,0,0.58,MEDIUM,309000,2025-12-13 01:35:50 +00:00,409.00,363.00,107.00,94.00,397.00,362.30,120.20,44.10,42.40,86.60,63.20,0.89,2.88
car glass tinting,https://mrtint.ca/,"commercial,navigational","local_pack,people_also_ask,video,related_searches,images",210,0,3.29,45,0,0.96,HIGH,6930000,2025-11-04 16:49:19 +00:00,409.00,363.00,107.00,94.00,397.00,362.50,75.40,39.40,37.10,94.40,71.50,0.87,2.93
truck window visors,https://mrtint.ca/windowvisors/,"transactional,commercial","popular_products,related_searches,images",210,0,1.02,45,0,0.90,HIGH,4210000,2025-11-26 18:59:11 +00:00,,,,,,353.90,20.00,10.30,10.20,16.50,4.80,0.23,0.94
best window tint near me,https://mrtint.ca/,transactional,"local_pack,people_also_ask,people_also_search,related_searches",170,0,1.93,45,0,0.78,HIGH,33700000,2025-11-06 11:54:04 +00:00,409.00,363.00,107.00,94.00,397.00,272.90,39.80,13.80,13.40,23.10,11.10,0.81,2.58
front windshield tint laws,https://mrtint.ca/ontariowindowtintinglaw/,"commercial,transactional","ai_overview,people_also_ask,video,people_also_search,related_searches,images",170,0,0.36,45,0,0.35,MEDIUM,1020000,2025-11-09 06:15:16 +00:00,,,,,,413.60,45.60,10.20,9.90,13.60,10.70,,
mobile tinting window,https://mrtint.ca/,"commercial,transactional,navigational","local_pack,video,popular_products,people_also_search,people_also_ask,related_searches,images",170,0,1.75,45,0,0.80,HIGH,11000000,2025-11-07 11:23:27 +00:00,409.00,363.00,107.00,94.00,397.00,227.30,21.10,0.70,0.70,2.20,1.60,0.76,2.62
legal 70 window tint,https://mrtint.ca/ontariowindowtintinglaw/,transactional,"ai_overview,popular_products,people_also_ask,video,images,related_searches",140,0,0.39,45,0,0.80,HIGH,4140000,2025-11-30 00:17:40 +00:00,,,,,,284.50,38.30,1.30,1.30,2.30,1.60,,
precut ppf,https://mrtint.ca/precutppf/,"commercial,transactional","popular_products,related_searches,knowledge_graph,images",90,0,1.08,45,0,1.00,HIGH,843000,2025-11-10 01:23:00 +00:00,,,,,,317.10,41.60,0.70,0.60,711.40,388.70,0.20,1.35
tint and tech solutions,https://mrtint.ca/,"navigational,commercial","people_also_ask,images,related_searches,third_party_reviews,google_reviews,knowledge_graph",90,0,3.13,45,0,0.09,LOW,16400000,2025-11-08 09:07:04 +00:00,409.00,363.00,107.00,94.00,397.00,639.70,4.30,0.10,0.10,0.30,0.00,0.74,2.85
darkest tinted windows,https://mrtint.ca/aside-post-format/,commercial,"ai_overview,video,people_also_ask,related_searches,images",70,0,0.40,45,0,0.76,HIGH,323000,2025-12-04 08:01:04 +00:00,,,,,,385.60,21.00,1.90,1.90,3.10,0.90,0.17,2.30
tint house windows cost,https://mrtint.ca/pricing/,"commercial,transactional","people_also_ask,discussions_and_forums,popular_products,related_searches,images",40,7,4.01,45,0,0.92,HIGH,7530000,2025-10-26 14:44:38 +00:00,3.00,1.00,3.00,3.00,3.00,473.40,92.30,20.50,20.30,40.40,34.00,1.06,3.26
windshield tinting near me,https://mrtint.ca/,"navigational,transactional,commercial","local_pack,people_also_ask,people_also_search,related_searches,images",12100,0,2.68,46,25,0.45,MEDIUM,3600000,2025-11-17 06:42:54 +00:00,409.00,363.00,107.00,94.00,397.00,384.80,18.70,3.70,3.60,7.60,4.00,0.93,3.01
ontario car tint laws,https://mrtint.ca/ontariowindowtintinglaw/,"informational,commercial","ai_overview,video,people_also_ask,carousel,related_searches,images",1300,0,1.33,46,2,0.02,LOW,375000,2025-11-18 03:57:16 +00:00,,,,,,253.40,42.20,2.50,2.50,3.20,2.40,0.80,2.13
residential window tint,https://mrtint.ca/residential-tinting/,"navigational,transactional,commercial","local_pack,people_also_ask,people_also_search,popular_products,images,related_searches",480,8,3.46,46,1,1.00,HIGH,3530000,2025-11-01 02:44:26 +00:00,,,,,,549.50,88.70,36.00,35.90,41.30,15.20,1.05,5.83
auto window tinting how to,https://mrtint.ca/,"informational,navigational","ai_overview,video,people_also_ask,carousel,discussions_and_forums,images,related_searches",390,0,2.28,46,0,0.38,MEDIUM,13900000,2025-11-22 22:32:01 +00:00,409.00,363.00,107.00,94.00,397.00,382.40,65.70,12.90,12.10,30.60,21.40,0.31,2.76
insta tint near me,https://mrtint.ca/,"navigational,transactional","local_pack,people_also_ask,related_searches",320,3,2.10,46,0,0.47,MEDIUM,13300000,2025-12-13 10:04:13 +00:00,409.00,363.00,107.00,94.00,397.00,562.80,65.30,25.30,24.00,57.90,42.90,0.76,2.60
window tinting film for homes,https://mrtint.ca/residential-tinting/,"commercial,transactional","popular_products,people_also_ask,related_searches,images",170,13,1.33,46,0,1.00,HIGH,6740000,2025-11-12 05:47:47 +00:00,,,,,,425.60,126.70,63.20,62.60,84.20,42.80,0.39,2.40
window tinting for cheap near me,https://mrtint.ca/,transactional,"local_pack,people_also_ask,popular_products,related_searches",170,1,2.40,46,0,0.88,HIGH,17100000,2025-12-13 18:00:15 +00:00,409.00,363.00,107.00,94.00,397.00,183.80,100.10,34.20,32.80,66.40,49.80,0.90,2.70
best window tint,https://mrtint.ca/,"commercial,transactional","featured_snippet,local_pack,people_also_ask,discussions_and_forums,related_searches,images",110,6,1.47,46,0,1.00,HIGH,59900000,2025-11-09 14:17:40 +00:00,409.00,363.00,107.00,94.00,397.00,597.80,76.70,25.90,25.30,36.70,12.20,0.90,2.08
chrome window tint,https://mrtint.ca/,"transactional,commercial","popular_products,people_also_ask,images,related_searches",110,0,0.88,46,0,0.75,HIGH,8710000,2025-11-09 12:44:27 +00:00,409.00,363.00,107.00,94.00,397.00,434.20,49.20,20.00,19.60,48.00,33.80,0.37,2.71
executive tint,https://mrtint.ca/,transactional,"people_also_ask,related_searches,knowledge_graph,google_reviews,third_party_reviews,images",90,0,0.91,46,0,0.17,LOW,5190000,2025-11-10 14:20:50 +00:00,409.00,363.00,107.00,94.00,397.00,577.70,29.20,13.60,13.30,31.00,15.00,0.78,2.88
is window tint legal in ontario,https://mrtint.ca/ontariowindowtintinglaw/,"commercial,navigational","ai_overview,people_also_ask,discussions_and_forums,carousel,related_searches,images",70,0,,46,0,0.00,LOW,499000,2025-12-02 11:59:08 +00:00,,,,,,446.10,20.50,1.00,1.00,1.40,0.70,,
mobile auto tint,https://mrtint.ca/,"transactional,navigational","ai_overview,people_also_ask,people_also_search,related_searches,google_reviews,knowledge_graph,images",70,0,2.21,46,0,0.78,HIGH,24000000,2025-11-15 08:23:38 +00:00,409.00,363.00,107.00,94.00,397.00,272.00,19.50,1.40,1.30,1.90,1.90,0.90,2.70
mobile auto tinting,https://mrtint.ca/,"navigational,commercial","local_pack,people_also_ask,people_also_search,related_searches,images",70,0,3.05,46,0,0.69,HIGH,8940000,2025-11-15 08:23:14 +00:00,409.00,363.00,107.00,94.00,397.00,354.80,14.40,0.40,0.40,1.70,1.30,1.40,4.61
pink window tint,https://mrtint.ca/,"transactional,commercial","popular_products,people_also_ask,carousel,images,related_searches",50,0,0.22,46,0,0.69,HIGH,26700000,2025-10-29 09:35:54 +00:00,409.00,363.00,107.00,94.00,397.00,,,,,,,,
tintin near me,https://mrtint.ca/,"transactional,navigational","ai_overview,people_also_ask,related_searches,knowledge_graph,google_reviews,images",50,0,0.93,46,0,0.05,LOW,16700000,2025-10-26 14:32:18 +00:00,409.00,363.00,107.00,94.00,397.00,,,,,,,,
car tinted window near me,https://mrtint.ca/,transactional,"ai_overview,popular_products,related_searches,images",12100,0,2.68,47,25,0.45,MEDIUM,50800000,2025-11-08 14:57:02 +00:00,409.00,363.00,107.00,94.00,397.00,183.20,59.70,23.50,22.80,34.90,21.20,0.93,3.01
house window tinting,https://mrtint.ca/residential-tinting/,"navigational,commercial","local_pack,people_also_ask,discussions_and_forums,popular_products,video,related_searches,images",1900,6,2.05,47,3,1.00,HIGH,4730000,2025-11-01 02:47:06 +00:00,,,,,,440.20,91.70,48.10,48.00,71.70,39.40,0.62,3.95
window tinting home windows,https://mrtint.ca/residential-tinting/,"commercial,transactional","ai_overview,video,local_pack,people_also_ask,discussions_and_forums,popular_products,related_searches,images",1900,0,2.05,47,3,1.00,HIGH,4360000,2025-11-18 01:10:24 +00:00,,,,,,396.20,60.70,34.40,34.10,58.80,38.60,0.62,3.95
ontario tint law,https://mrtint.ca/ontariowindowtintinglaw/,informational,"ai_overview,people_also_ask,video,images,related_searches",880,0,,47,1,0.05,LOW,787000,2025-11-14 16:51:12 +00:00,,,,,,311.90,62.60,4.80,4.70,10.90,6.70,0.87,4.19
slick tint,https://mrtint.ca/,transactional,"people_also_ask,images,related_searches,knowledge_graph,google_reviews,third_party_reviews",320,0,1.15,47,0,0.05,LOW,6100000,2025-12-13 03:49:19 +00:00,409.00,363.00,107.00,94.00,397.00,669.40,5.80,0.10,0.10,0.30,0.00,,
tint place near me,https://mrtint.ca/,navigational,"local_pack,people_also_ask,people_also_search,related_searches,images",260,0,3.44,47,0,0.73,HIGH,135000000,2025-12-16 18:00:47 +00:00,409.00,363.00,107.00,94.00,397.00,149.30,87.20,15.40,15.10,602.90,585.00,0.89,3.61
limo window tint,https://mrtint.ca/,"navigational,transactional","people_also_ask,video,images,local_pack,people_also_search,related_searches",170,0,1.06,47,0,0.76,HIGH,757000,2025-11-09 05:40:16 +00:00,409.00,363.00,107.00,94.00,397.00,520.30,8.10,7.50,7.50,8.40,1.00,0.30,2.18
tinted front windshield legal,https://mrtint.ca/ontariowindowtintinglaw/,transactional,"featured_snippet,people_also_ask,related_searches",170,0,0.36,47,0,0.35,MEDIUM,2540000,2025-11-29 18:21:00 +00:00,,,,,,358.20,36.00,7.70,7.60,9.60,7.10,,
windshield tint ontario,https://mrtint.ca/,"commercial,navigational","ai_overview,people_also_ask,people_also_search,related_searches,images",170,0,0.81,47,0,0.51,MEDIUM,1310000,2025-11-25 14:00:21 +00:00,409.00,363.00,107.00,94.00,397.00,494.30,41.40,2.40,2.40,3.40,2.60,0.62,1.28
what is legal tint in ontario,https://mrtint.ca/ontariowindowtintinglaw/,informational,"ai_overview,people_also_ask,carousel,related_searches,images",140,0,,47,0,0.01,LOW,1190000,2025-11-26 17:16:02 +00:00,,,,,,355.70,31.50,2.10,2.10,2.80,2.00,,
window tint whitby,https://mrtint.ca/,commercial,"local_pack,people_also_ask,people_also_search,related_searches",140,0,2.02,47,0,0.85,HIGH,91000,2025-11-12 06:56:10 +00:00,409.00,363.00,107.00,94.00,397.00,212.90,28.20,18.30,18.00,26.50,15.50,0.83,1.97
where can i get my car windows tinted,https://mrtint.ca/,transactional,"local_pack,people_also_ask,related_searches",70,0,2.97,47,0,0.94,HIGH,32800000,2025-11-11 01:17:28 +00:00,409.00,363.00,107.00,94.00,397.00,316.80,72.40,20.60,19.50,50.70,42.20,0.77,2.19
tinting house windows cost,https://mrtint.ca/pricing/,"commercial,transactional","popular_products,people_also_ask,discussions_and_forums,related_searches,images",40,4,4.01,47,0,0.92,HIGH,1750000,2025-10-26 14:41:00 +00:00,3.00,1.00,3.00,3.00,3.00,428.10,86.60,17.00,17.00,35.30,28.70,1.06,3.26
window tint places near me,https://mrtint.ca/,navigational,"local_pack,people_also_ask,people_also_search,related_searches",40,0,2.94,47,0,0.68,HIGH,12700000,2025-10-24 18:11:15 +00:00,409.00,363.00,107.00,94.00,397.00,300.80,66.60,9.80,9.50,14.10,9.40,1.00,5.68
window tinting benefits,https://mrtint.ca/window-tinting-benefits/,"navigational,informational,commercial","ai_overview,people_also_ask,video,discussions_and_forums,related_searches",30,0,0.06,47,0,0.08,LOW,2820000,2025-10-24 18:11:26 +00:00,,,,,,333.00,71.90,23.60,22.70,46.40,37.30,,
auto car tinting near me,https://mrtint.ca/,"navigational,transactional,commercial","local_pack,people_also_ask,people_also_search,related_searches",2900,0,2.39,48,6,0.63,MEDIUM,7390000,2025-11-17 23:27:00 +00:00,409.00,363.00,107.00,94.00,397.00,214.10,66.00,16.40,16.00,25.40,11.60,0.90,3.27
house glass tinting,https://mrtint.ca/residential-tinting/,"navigational,commercial","ai_overview,local_pack,people_also_ask,video,popular_products,related_searches,images",320,4,2.10,48,0,0.99,HIGH,4790000,2025-12-03 18:15:56 +00:00,,,,,,444.50,84.10,45.90,45.60,72.40,45.70,0.52,4.04
magnum tint,https://mrtint.ca/,transactional,"people_also_ask,related_searches,knowledge_graph,google_reviews,third_party_reviews,images",320,0,,48,0,0.00,LOW,967000,2025-12-13 07:56:44 +00:00,409.00,363.00,107.00,94.00,397.00,713.30,33.10,4.80,4.70,6.90,5.60,,
rain guard for cars,https://mrtint.ca/windowvisors/,"transactional,commercial","popular_products,people_also_ask,images,related_searches",320,0,0.47,48,0,0.99,HIGH,30800000,2025-11-23 14:34:54 +00:00,,,,,,464.90,30.60,11.50,11.40,18.10,5.90,0.18,0.59
peterborough window tinting,https://mrtint.ca/,"commercial,navigational","local_pack,people_also_ask,related_searches",210,0,1.48,48,0,0.56,MEDIUM,238000,2025-10-15 04:57:04 +00:00,409.00,363.00,107.00,94.00,397.00,441.30,22.60,0.60,0.60,1.00,0.80,0.84,2.21
tint darkness,https://mrtint.ca/aside-post-format/,commercial,"images,people_also_ask,video,related_searches",210,0,0.10,48,0,0.12,LOW,164000000,2025-12-16 23:59:15 +00:00,,,,,,315.80,54.70,7.40,7.30,8.60,6.20,,
tint law,https://mrtint.ca/ontariowindowtintinglaw/,"informational,navigational","ai_overview,people_also_ask,related_searches,images",210,0,0.77,48,0,0.09,LOW,23000000,2025-12-16 23:59:18 +00:00,,,,,,297.20,52.80,8.80,8.70,11.80,8.60,0.77,2.40
tint solution,https://mrtint.ca/,"navigational,commercial","local_pack,video,people_also_ask,popular_products,carousel,related_searches,images",210,0,0.10,48,0,0.10,LOW,51400000,2025-12-16 23:57:11 +00:00,409.00,363.00,107.00,94.00,397.00,234.10,35.20,21.50,20.60,50.30,41.40,1.02,5.05
limousine tint windows,https://mrtint.ca/,"navigational,commercial","ai_overview,popular_products,people_also_ask,video,related_searches,images",170,0,1.06,48,0,0.76,HIGH,446000,2025-11-12 06:17:24 +00:00,409.00,363.00,107.00,94.00,397.00,454.70,53.00,35.30,34.70,66.40,38.80,0.30,2.18
tinter paint,https://mrtint.ca/,"commercial,transactional","ai_overview,people_also_ask,images,video,popular_products,related_searches",170,0,0.61,48,0,0.67,HIGH,57600000,2025-12-17 19:00:18 +00:00,409.00,363.00,107.00,94.00,397.00,345.80,4.30,0.10,0.10,0.30,0.10,0.28,1.14
window tinting near,https://mrtint.ca/,"navigational,commercial","local_pack,people_also_ask,people_also_search,related_searches,images",170,0,3.19,48,0,0.98,HIGH,11200000,2025-11-25 14:01:18 +00:00,409.00,363.00,107.00,94.00,397.00,167.40,23.70,9.50,9.30,36.50,9.20,0.93,3.34
cheap tinting near me,https://mrtint.ca/,"transactional,navigational","local_pack,people_also_ask,people_also_search,related_searches",90,0,3.04,48,0,0.99,HIGH,15800000,2025-11-12 16:12:46 +00:00,409.00,363.00,107.00,94.00,397.00,314.30,57.90,30.70,29.30,65.90,47.20,0.84,2.38
ontario car window tint laws,https://mrtint.ca/ontariowindowtintinglaw/,commercial,"ai_overview,people_also_ask,video,images,related_searches",90,0,,48,0,0.00,LOW,282000,2025-11-10 03:38:25 +00:00,,,,,,261.40,42.20,2.50,2.50,3.20,2.40,,
removable tint for car,https://mrtint.ca/,"transactional,commercial","popular_products,video,people_also_ask,images,related_searches",70,0,0.44,48,0,0.95,HIGH,6210000,2025-11-13 08:55:28 +00:00,409.00,363.00,107.00,94.00,397.00,,,,,,,0.24,1.08
tint legal limit ontario,https://mrtint.ca/ontariowindowtintinglaw/,"commercial,informational","ai_overview,people_also_ask,carousel,related_searches,images",50,0,,48,0,0.00,LOW,262000,2025-10-26 14:31:50 +00:00,,,,,,442.40,24.40,1.20,1.20,1.50,0.90,,
auto tints near me,https://mrtint.ca/,"navigational,transactional","local_pack,people_also_ask,people_also_search,related_searches,images",12100,3,2.93,49,25,0.50,MEDIUM,6550000,2025-12-08 17:23:15 +00:00,409.00,363.00,107.00,94.00,397.00,159.50,97.90,27.20,26.60,47.80,31.20,0.94,3.38
tinted car windows near me,https://mrtint.ca/,transactional,"local_pack,people_also_ask,related_searches,images",12100,0,2.68,49,25,0.45,MEDIUM,23800000,2025-10-29 12:29:54 +00:00,409.00,363.00,107.00,94.00,397.00,225.80,23.10,14.50,14.10,22.00,13.00,0.93,3.01
automatic window tint,https://mrtint.ca/,transactional,"popular_products,people_also_ask,video,discussions_and_forums,images,related_searches,knowledge_graph",5400,0,2.09,49,11,0.50,MEDIUM,10600000,2025-12-09 22:40:41 +00:00,409.00,363.00,107.00,94.00,397.00,370.70,51.50,34.90,34.00,73.50,32.90,0.78,2.87
legal window tint in ontario,https://mrtint.ca/ontariowindowtintinglaw/,"commercial,navigational","ai_overview,people_also_ask,related_searches,images",1600,0,1.95,49,3,0.02,LOW,511000,2025-11-02 09:56:01 +00:00,,,,,,432.90,40.60,2.50,2.50,3.20,2.40,0.64,2.64
residential window tinting,https://mrtint.ca/residential-tinting/,"navigational,commercial","ai_overview,people_also_ask,local_pack,popular_products,related_searches,images",480,4,3.46,49,1,1.00,HIGH,1930000,2025-11-22 06:07:28 +00:00,,,,,,427.20,85.70,48.20,48.00,74.60,43.60,1.05,5.83
glass tinting near me,https://mrtint.ca/,"navigational,commercial","local_pack,people_also_ask,related_searches,images",390,0,4.80,49,0,0.68,HIGH,7640000,2025-11-22 15:58:55 +00:00,409.00,363.00,107.00,94.00,397.00,241.80,30.30,13.70,13.50,32.40,24.80,0.97,4.48
jj tint,https://mrtint.ca/,"transactional,navigational","people_also_ask,related_searches,knowledge_graph,google_reviews,third_party_reviews,images",210,0,5.59,49,0,0.06,LOW,5760000,2025-11-25 03:05:34 +00:00,409.00,363.00,107.00,94.00,397.00,532.20,14.50,4.60,4.40,6.10,4.00,,
what is the legal tint in ontario,https://mrtint.ca/ontariowindowtintinglaw/,informational,"ai_overview,people_also_ask,carousel,related_searches,images",210,0,0.09,49,0,0.01,LOW,1160000,2025-11-24 01:57:53 +00:00,,,,,,453.00,15.30,0.80,0.80,1.10,0.50,,
cheap tint windows near me,https://mrtint.ca/,transactional,"local_pack,people_also_ask,popular_products,related_searches",170,0,2.40,49,0,0.88,HIGH,32800000,2025-12-13 20:13:06 +00:00,409.00,363.00,107.00,94.00,397.00,225.60,24.10,8.80,8.60,12.70,6.60,0.90,2.70
window film for car,https://mrtint.ca/,"transactional,commercial","local_pack,people_also_ask,popular_products,video,discussions_and_forums,related_searches,images",170,0,1.07,49,0,0.98,HIGH,707000000,2025-12-13 20:36:55 +00:00,409.00,363.00,107.00,94.00,397.00,372.40,72.30,40.80,40.40,87.20,50.80,0.59,1.99
window tints walmart,https://mrtint.ca/,"commercial,navigational","ai_overview,popular_products,people_also_ask,people_also_search,related_searches,images",170,0,0.10,49,0,0.96,HIGH,126000,2025-11-25 14:01:06 +00:00,409.00,363.00,107.00,94.00,397.00,705.70,25.90,7.50,7.50,7.60,0.40,,
mirror tint for car,https://mrtint.ca/,"transactional,commercial","popular_products,people_also_ask,images,video,related_searches",140,0,0.69,49,0,0.98,HIGH,19800000,2025-11-07 12:19:39 +00:00,409.00,363.00,107.00,94.00,397.00,423.10,1.30,0.10,0.10,0.10,0.10,0.66,2.06
window tinting kingston,https://mrtint.ca/,"commercial,navigational","local_pack,people_also_ask,related_searches",140,0,2.37,49,0,0.73,HIGH,1250000,2025-12-19 09:18:38 +00:00,409.00,363.00,107.00,94.00,397.00,197.90,85.20,11.50,11.20,15.40,10.50,1.02,4.76
why is tinted windows illegal,https://mrtint.ca/ontariowindowtintinglaw/,informational,"ai_overview,people_also_ask,related_searches,images",90,0,,49,0,0.00,LOW,1740000,2025-11-09 20:19:25 +00:00,,,,,,484.90,46.90,9.30,9.10,13.00,10.30,,
the tint company,https://mrtint.ca/,"navigational,commercial","people_also_ask,related_searches,knowledge_graph,google_reviews,people_also_search,images",50,0,,49,0,0.01,LOW,192000000,2025-10-26 15:50:51 +00:00,409.00,363.00,107.00,94.00,397.00,347.90,55.70,23.00,22.20,30.00,21.30,,
tinting door glass,https://mrtint.ca/pricing/,"commercial,transactional","video,people_also_ask,local_pack,popular_products,images,related_searches",50,0,0.60,49,0,1.00,HIGH,10400000,2025-10-26 14:34:30 +00:00,3.00,1.00,3.00,3.00,3.00,704.40,14.10,7.90,7.90,21.20,16.80,0.59,3.98
window rain deflector,https://mrtint.ca/windowvisors/,transactional,"popular_products,images,related_searches",50,0,0.59,49,0,0.99,HIGH,1870000,2025-10-24 18:11:46 +00:00,,,,,,521.20,31.80,11.50,11.40,18.10,5.90,0.29,0.83
tint windows legal,https://mrtint.ca/ontariowindowtintinglaw/,"commercial,transactional","ai_overview,people_also_ask,video,related_searches,images",320,0,0.88,50,0,0.04,LOW,6010000,2025-11-22 22:49:02 +00:00,,,,,,317.70,63.10,10.80,10.50,14.20,11.20,,
century auto tint,https://mrtint.ca/,"transactional,navigational","people_also_ask,related_searches,third_party_reviews,google_reviews,knowledge_graph,images",90,0,1.05,50,0,0.04,LOW,2410000,2025-12-01 09:16:10 +00:00,409.00,363.00,107.00,94.00,397.00,655.30,5.90,0.20,0.10,0.30,0.30,,
tint dynasty,https://mrtint.ca/,"commercial,navigational","people_also_ask,images,knowledge_graph,google_reviews,third_party_reviews",90,0,4.92,50,0,0.19,LOW,1450000,2025-11-30 16:16:30 +00:00,409.00,363.00,107.00,94.00,397.00,637.70,3.20,0.10,0.10,0.60,0.00,0.48,0.97
window tint lloydminster,https://mrtint.ca/,"commercial,navigational","local_pack,people_also_ask,related_searches,images",90,0,0.85,50,0,0.55,MEDIUM,26700,2025-11-08 08:36:16 +00:00,409.00,363.00,107.00,94.00,397.00,425.00,24.20,5.30,5.10,7.20,4.80,0.67,1.84
can you tint your windshield in ontario,https://mrtint.ca/ontariowindowtintinglaw/,"commercial,informational","ai_overview,people_also_ask,discussions_and_forums,carousel,related_searches",70,0,,50,0,0.01,LOW,1180000,2025-12-03 10:14:00 +00:00,,,,,,523.70,30.00,2.00,2.00,2.70,1.90,,
ever ceramic tint,https://mrtint.ca/windowtinting/,transactional,"people_also_ask,video,images,related_searches",70,7,1.05,50,0,0.47,MEDIUM,15700000,2025-12-02 19:11:32 +00:00,,,,,,398.50,101.70,38.00,37.80,114.20,50.50,0.64,3.52
legal tint in canada,https://mrtint.ca/window-tinting-laws/,"commercial,navigational,transactional","ai_overview,people_also_ask,video,related_searches,images",70,0,,50,0,0.03,LOW,7380000,2025-11-11 05:05:56 +00:00,,,,,,285.70,40.30,9.90,9.60,12.60,9.70,,
tint levels ontario,https://mrtint.ca/ontariowindowtintinglaw/,informational,"ai_overview,people_also_ask,images,video,related_searches",50,0,,50,0,0.06,LOW,1290000,2025-10-26 14:36:32 +00:00,,,,,,354.60,51.10,4.00,4.00,12.30,3.90,,
window tint lindsay,https://mrtint.ca/,"commercial,navigational","people_also_ask,related_searches,third_party_reviews,google_reviews,knowledge_graph",40,0,2.01,50,0,0.23,LOW,485000,2025-10-24 18:11:14 +00:00,409.00,363.00,107.00,94.00,397.00,586.50,41.60,12.30,12.00,13.60,9.10,0.73,1.76
window tinting for home price,https://mrtint.ca/pricing/,transactional,"popular_products,people_also_ask,people_also_search,related_searches",40,1,4.01,50,0,0.92,HIGH,4600000,2025-10-24 18:11:13 +00:00,3.00,1.00,3.00,3.00,3.00,501.80,61.70,13.50,13.50,31.20,25.80,1.06,3.26
legal tint ontario,https://mrtint.ca/ontariowindowtintinglaw/,"commercial,navigational","ai_overview,people_also_ask,carousel,related_searches,images",880,0,,51,1,0.05,LOW,1100000,2025-11-18 10:39:41 +00:00,,,,,,397.20,31.50,2.10,2.10,2.80,2.00,0.87,4.19
legal window tint,https://mrtint.ca/ontariowindowtintinglaw/,"transactional,navigational","ai_overview,popular_products,people_also_ask,video,related_searches,images",320,0,0.88,51,0,0.04,LOW,15400000,2025-11-23 16:56:10 +00:00,,,,,,349.00,42.10,3.70,3.50,5.20,4.40,,
windows tint legal,https://mrtint.ca/ontariowindowtintinglaw/,"transactional,commercial","ai_overview,people_also_ask,video,related_searches,images",320,0,0.88,51,0,0.04,LOW,4380000,2025-11-23 13:19:21 +00:00,,,,,,334.40,42.10,3.70,3.50,5.20,4.40,,
tinting front windshield legal,https://mrtint.ca/ontariowindowtintinglaw/,"transactional,commercial","ai_overview,people_also_ask,video,related_searches,images",170,0,0.36,51,0,0.35,MEDIUM,958000,2025-11-29 18:21:11 +00:00,,,,,,408.20,28.20,7.50,7.40,9.70,6.90,,
coloured window tint,https://mrtint.ca/ontariowindowtintinglaw/,"transactional,commercial","popular_products,people_also_ask,images,video,related_searches",110,0,0.57,51,0,0.96,HIGH,8930000,2025-11-08 07:43:59 +00:00,,,,,,307.00,64.20,31.90,30.30,84.00,69.90,0.46,1.41
how much tint is legal in ontario,https://mrtint.ca/ontariowindowtintinglaw/,informational,"ai_overview,people_also_ask,carousel,related_searches",110,0,,51,0,0.00,LOW,1100000,2025-11-08 04:56:36 +00:00,,,,,,549.00,12.20,0.70,0.70,1.00,0.40,,
tinting legal limit,https://mrtint.ca/ontariowindowtintinglaw/,"informational,commercial","ai_overview,people_also_ask,video,related_searches,images",110,0,,51,0,0.01,LOW,902000,2025-11-28 04:40:20 +00:00,,,,,,274.00,52.60,10.30,10.00,13.30,10.60,,
are tinted windows legal in ontario,https://mrtint.ca/ontariowindowtintinglaw/,"commercial,informational","ai_overview,people_also_ask,discussions_and_forums,related_searches,images",90,0,,51,0,0.01,LOW,634000,2025-12-01 11:48:43 +00:00,,,,,,447.40,15.30,0.80,0.80,1.10,0.50,,
window guard canada,https://mrtint.ca/windowvisors/,transactional,"people_also_search,popular_products,people_also_ask,related_searches,google_reviews,knowledge_graph",50,0,2.59,51,0,0.99,HIGH,162000000,2025-10-24 18:12:06 +00:00,,,,,,408.40,22.80,0.90,0.90,4.40,4.10,1.61,6.02
tinted home windows cost,https://mrtint.ca/pricing/,"transactional,commercial","popular_products,people_also_ask,discussions_and_forums,related_searches,images",40,7,4.01,51,0,0.92,HIGH,14000000,2025-10-26 14:34:37 +00:00,3.00,1.00,3.00,3.00,3.00,505.30,89.70,16.50,16.50,42.60,36.10,1.06,3.26
window tinting near me,https://mrtint.ca/,"navigational,commercial","local_pack,people_also_ask,people_also_search,related_searches,images",12100,0,2.68,52,25,0.45,MEDIUM,9530000,2025-11-17 06:42:47 +00:00,409.00,363.00,107.00,94.00,397.00,252.70,85.90,42.50,40.90,91.60,71.50,0.93,3.01
auto tint shops near me,https://mrtint.ca/,navigational,"local_pack,people_also_ask,related_searches",210,0,2.61,52,0,0.66,MEDIUM,32900000,2025-12-13 20:29:05 +00:00,409.00,363.00,107.00,94.00,397.00,217.80,59.40,11.10,10.80,583.90,576.30,0.92,3.39
window tint guelph,https://mrtint.ca/,"commercial,navigational","local_pack,people_also_search,people_also_ask,related_searches",210,0,3.39,52,0,0.77,HIGH,66800,2025-11-12 04:20:29 +00:00,409.00,363.00,107.00,94.00,397.00,261.00,48.40,27.90,27.10,30.90,17.80,0.76,4.09
cheap window tint near me,https://mrtint.ca/,transactional,"local_pack,people_also_ask,discussions_and_forums,popular_products,related_searches",170,0,2.40,52,0,0.88,HIGH,68400000,2025-12-13 20:13:06 +00:00,409.00,363.00,107.00,94.00,397.00,150.00,51.50,17.00,16.20,27.60,16.10,0.90,2.70
darkside tinting,https://mrtint.ca/,"navigational,commercial","local_pack,video,people_also_ask,related_searches,images",170,0,,52,0,0.04,LOW,9340000,2025-11-26 09:08:52 +00:00,409.00,363.00,107.00,94.00,397.00,590.60,25.50,4.50,4.40,6.00,4.60,,
tint mobile,https://mrtint.ca/,"navigational,commercial","ai_overview,people_also_ask,people_also_search,related_searches",170,0,2.71,52,0,0.65,MEDIUM,40000000,2025-11-12 05:53:40 +00:00,409.00,363.00,107.00,94.00,397.00,,,,,,,0.81,3.18
tinting glass windows,https://mrtint.ca/residential-tinting/,"commercial,transactional","local_pack,people_also_ask,video,popular_products,related_searches,images",140,5,2.09,52,0,0.90,HIGH,4390000,2025-09-27 03:44:00 +00:00,,,,,,374.90,93.70,34.80,33.50,1123.20,715.20,0.63,3.50
window tint 15,https://mrtint.ca/pricing/,transactional,"popular_products,people_also_ask,images,video,related_searches",140,0,0.22,52,0,0.69,HIGH,30500000,2025-12-14 07:52:31 +00:00,3.00,1.00,3.00,3.00,3.00,454.40,1.50,0.10,0.10,0.10,0.10,0.44,3.41
window tint installers near me,https://mrtint.ca/,"navigational,commercial","local_pack,people_also_ask,related_searches",110,5,3.86,52,0,0.93,HIGH,1940000,2025-12-04 01:04:12 +00:00,409.00,363.00,107.00,94.00,397.00,258.70,108.40,41.30,39.60,1171.60,765.00,1.30,6.24
window tint laws in canada,https://mrtint.ca/window-tinting-laws/,commercial,"ai_overview,people_also_ask,carousel,video,related_searches,images",110,0,,52,0,0.00,LOW,1190000,2025-11-28 02:01:22 +00:00,,,,,,244.80,70.30,12.10,11.70,15.90,12.60,,
tinted windows legal limit,https://mrtint.ca/ontariowindowtintinglaw/,"commercial,transactional,informational","ai_overview,people_also_ask,video,images,related_searches",90,0,,52,0,0.01,LOW,2370000,2025-11-09 19:28:06 +00:00,,,,,,318.10,61.70,10.70,10.40,14.10,11.10,,
why is tinting windows illegal,https://mrtint.ca/ontariowindowtintinglaw/,informational,"featured_snippet,people_also_ask,related_searches,images",90,0,,52,0,0.00,LOW,782000,2025-11-09 16:39:22 +00:00,,,,,,548.60,35.10,1.50,1.50,2.90,2.60,,
why is window tinting illegal,https://mrtint.ca/ontariowindowtintinglaw/,informational,"ai_overview,people_also_ask,video,related_searches,images",90,1,,52,0,0.00,LOW,1020000,2025-11-09 16:40:10 +00:00,,,,,,529.70,58.80,4.50,4.30,7.40,6.50,,
ticket for tinted windows,https://mrtint.ca/ontariowindowtintinglaw/,commercial,"ai_overview,people_also_ask,video,related_searches,images",70,0,,52,0,0.00,LOW,1680000,2025-11-16 09:50:13 +00:00,,,,,,435.10,9.60,0.50,0.50,1.20,1.00,,
pink tinted windows,https://mrtint.ca/,commercial,"carousel,people_also_ask,images,popular_products,related_searches",50,0,0.22,52,0,0.69,HIGH,17200000,2025-10-29 09:18:34 +00:00,409.00,363.00,107.00,94.00,397.00,,,,,,,,
tinted windows illegal,https://mrtint.ca/ontariowindowtintinglaw/,"commercial,informational","ai_overview,people_also_ask,video,people_also_search,related_searches,images",50,0,,52,0,0.01,LOW,1800000,2025-10-26 14:34:41 +00:00,,,,,,377.60,58.60,10.60,10.30,14.00,11.00,,
windows tint near me,https://mrtint.ca/,"navigational,transactional,commercial","local_pack,people_also_ask,related_searches,images",12100,0,2.68,53,25,0.45,MEDIUM,34100000,2025-11-08 22:47:12 +00:00,409.00,363.00,107.00,94.00,397.00,225.00,69.30,17.00,16.40,592.30,581.40,0.93,3.01
car glass tint near me,https://mrtint.ca/,transactional,"local_pack,people_also_ask,popular_products,related_searches",2900,0,2.41,53,6,0.49,MEDIUM,30100000,2025-11-11 11:07:18 +00:00,409.00,363.00,107.00,94.00,397.00,233.40,28.60,12.40,12.20,15.00,10.90,0.84,2.78
tint window legal,https://mrtint.ca/ontariowindowtintinglaw/,"transactional,commercial","ai_overview,people_also_ask,popular_products,related_searches,images",320,0,0.88,53,0,0.04,LOW,14900000,2025-11-22 22:49:07 +00:00,,,,,,373.30,58.60,10.60,10.30,14.00,11.00,,
window tint legal,https://mrtint.ca/ontariowindowtintinglaw/,"navigational,transactional,commercial","ai_overview,people_also_ask,popular_products,video,related_searches,images",320,0,0.88,53,0,0.04,LOW,15100000,2025-11-23 13:19:39 +00:00,,,,,,320.90,61.00,10.70,10.40,14.10,11.10,,
window tint restrictions,https://mrtint.ca/ontariowindowtintinglaw/,"navigational,commercial","ai_overview,people_also_ask,images,video,people_also_search,related_searches",320,0,0.88,53,0,0.04,LOW,3950000,2025-11-23 13:08:50 +00:00,,,,,,325.10,61.00,10.70,10.40,14.10,11.10,,
alberta window tinting laws,https://mrtint.ca/window-tinting-laws/,"navigational,commercial","ai_overview,people_also_ask,video,related_searches,images",210,0,,53,0,0.01,LOW,45500,2025-11-25 12:22:55 +00:00,,,,,,310.70,44.80,3.10,3.00,4.30,3.80,,
front windshield tint legal,https://mrtint.ca/ontariowindowtintinglaw/,transactional,"ai_overview,people_also_ask,related_searches,images",170,0,0.36,53,0,0.35,MEDIUM,1680000,2025-12-18 08:24:23 +00:00,,,,,,382.10,32.10,3.50,3.40,4.50,3.50,,
car tint 15,https://mrtint.ca/pricing/,"transactional,commercial","ai_overview,images,people_also_ask,popular_products,video,related_searches",140,0,0.22,53,0,0.69,HIGH,49900000,2025-12-14 10:22:59 +00:00,3.00,1.00,3.00,3.00,3.00,518.00,3.00,0.20,0.20,0.20,0.20,0.44,3.41
tint glass windows,https://mrtint.ca/,"transactional,commercial","local_pack,images,people_also_ask,popular_products,video,related_searches",140,0,2.09,53,0,0.90,HIGH,14800000,2025-10-17 00:08:32 +00:00,409.00,363.00,107.00,94.00,397.00,416.90,38.70,26.30,26.10,46.80,26.60,0.63,3.50
what tint is legal in ontario,https://mrtint.ca/ontariowindowtintinglaw/,informational,"ai_overview,people_also_ask,carousel,related_searches,images",140,0,,53,0,0.01,LOW,1050000,2025-12-19 09:25:10 +00:00,,,,,,460.40,31.50,2.20,2.20,2.90,2.00,,
ceramic window tints near me,https://mrtint.ca/pricing/,transactional,"ai_overview,local_pack,people_also_ask,people_also_search,related_searches",110,5,2.63,53,0,0.57,MEDIUM,1660000,2025-11-12 16:27:30 +00:00,3.00,1.00,3.00,3.00,3.00,210.10,114.80,49.50,47.70,86.40,61.10,0.72,2.19
why is window tint illegal,https://mrtint.ca/ontariowindowtintinglaw/,informational,"ai_overview,people_also_ask,related_searches,images",90,0,,53,0,0.00,LOW,2390000,2025-11-09 16:39:37 +00:00,,,,,,446.60,35.30,2.50,2.40,3.60,3.00,,
legal car tint ontario,https://mrtint.ca/ontariowindowtintinglaw/,"commercial,navigational,transactional","ai_overview,people_also_ask,carousel,related_searches,images",70,0,,53,0,0.04,LOW,596000,2025-11-15 20:36:10 +00:00,,,,,,425.50,31.50,2.10,2.10,2.80,2.00,,
truck window tint,https://mrtint.ca/pricing/,"commercial,transactional,navigational","local_pack,video,people_also_ask,images,popular_products,related_searches",70,0,1.85,53,0,1.00,HIGH,13400000,2025-11-09 18:42:16 +00:00,3.00,1.00,3.00,3.00,3.00,458.50,38.50,12.40,12.10,20.30,11.00,0.44,3.20
window tint north york,https://mrtint.ca/pricing/,commercial,"local_pack,people_also_search,people_also_ask,related_searches,images",70,6,2.29,53,0,0.82,HIGH,2650000,2025-11-12 21:01:43 +00:00,3.00,1.00,3.00,3.00,3.00,164.90,121.50,71.60,68.80,148.40,97.90,0.86,1.91
window tint place near me,https://mrtint.ca/,"navigational,commercial","local_pack,people_also_ask,related_searches",40,0,2.94,53,0,0.68,HIGH,36000000,2025-10-24 18:11:20 +00:00,409.00,363.00,107.00,94.00,397.00,253.60,82.00,22.20,21.50,34.00,20.30,1.00,5.68
automobile window tinting near me,https://mrtint.ca/,"navigational,transactional,commercial","local_pack,people_also_ask,related_searches,images",2900,0,2.41,54,6,0.49,MEDIUM,7350000,2025-12-09 23:30:13 +00:00,409.00,363.00,107.00,94.00,397.00,204.30,23.00,6.60,6.50,7.80,5.00,0.84,2.78
automotive window tint near me,https://mrtint.ca/,"navigational,transactional","local_pack,people_also_ask,people_also_search,popular_products,related_searches",2900,0,2.41,54,6,0.49,MEDIUM,38600000,2025-11-09 00:34:33 +00:00,409.00,363.00,107.00,94.00,397.00,219.70,18.90,4.40,4.20,12.30,3.00,0.84,2.78
window tinting markham,https://mrtint.ca/pricing/,"commercial,navigational","local_pack,people_also_ask,related_searches",390,0,2.71,54,0,0.41,MEDIUM,294000,2025-11-07 08:45:40 +00:00,3.00,1.00,3.00,3.00,3.00,290.30,70.80,27.40,26.40,45.50,21.50,0.75,2.43
tinted windows law,https://mrtint.ca/ontariowindowtintinglaw/,commercial,"ai_overview,people_also_ask,images,video,related_searches",320,0,0.88,54,0,0.04,LOW,7690000,2025-11-22 22:48:53 +00:00,,,,,,332.60,63.10,10.80,10.50,14.20,11.20,,
windows tinting services near me,https://mrtint.ca/,"navigational,commercial","local_pack,people_also_ask,people_also_search,related_searches",320,5,2.12,54,0,0.07,LOW,2910000,2025-11-11 21:42:53 +00:00,409.00,363.00,107.00,94.00,397.00,202.30,112.50,42.80,41.80,68.60,46.20,0.89,2.87
70 tinted windows,https://mrtint.ca/ontariowindowtintinglaw/,"commercial,transactional","images,people_also_ask,video,popular_products,related_searches",260,0,0.27,54,0,0.52,MEDIUM,19600000,2025-11-24 15:30:55 +00:00,,,,,,421.70,18.20,1.70,1.70,2.70,1.80,0.40,1.63
cheap tinting windows near me,https://mrtint.ca/,transactional,"local_pack,people_also_ask,related_searches",210,0,2.86,54,0,0.98,HIGH,5960000,2025-12-13 20:14:04 +00:00,409.00,363.00,107.00,94.00,397.00,215.00,61.90,31.00,29.60,59.50,47.00,0.93,3.40
legal tints,https://mrtint.ca/ontariowindowtintinglaw/,"navigational,commercial","ai_overview,images,people_also_ask,related_searches",210,0,0.77,54,0,0.09,LOW,5030000,2025-11-25 02:06:55 +00:00,,,,,,276.70,62.20,22.90,21.60,50.50,42.10,0.77,2.40
window tinting guelph,https://mrtint.ca/,"navigational,commercial","local_pack,people_also_ask,related_searches,images",210,0,3.39,54,0,0.77,HIGH,110000,2025-12-13 18:00:18 +00:00,409.00,363.00,107.00,94.00,397.00,260.10,45.90,27.90,27.10,30.90,17.80,0.76,4.09
darkside window tinting,https://mrtint.ca/,"navigational,commercial","local_pack,video,people_also_ask,related_searches,images",170,0,,54,0,0.05,LOW,17300,2025-11-26 09:08:31 +00:00,409.00,363.00,107.00,94.00,397.00,407.60,45.40,15.80,15.30,18.10,12.70,,
window tint shops,https://mrtint.ca/,navigational,"local_pack,people_also_ask,popular_products,related_searches,images",90,2,4.60,54,0,0.22,LOW,11800000,2025-11-09 16:40:39 +00:00,409.00,363.00,107.00,94.00,397.00,274.60,94.30,22.80,22.00,599.10,587.00,0.93,2.29
mister window,https://mrtint.ca/,"commercial,navigational","people_also_ask,related_searches,knowledge_graph,google_reviews,third_party_reviews,people_also_search,images",70,9,,54,0,0.28,LOW,999000000,2025-11-14 14:22:14 +00:00,409.00,363.00,107.00,94.00,397.00,690.10,81.20,15.20,14.30,92.80,74.20,3.79,21.89
window tint ticket,https://mrtint.ca/ontariowindowtintinglaw/,"commercial,navigational","people_also_ask,related_searches,images",70,0,,54,0,0.00,LOW,2530000,2025-11-12 21:01:57 +00:00,,,,,,556.00,28.30,5.30,5.20,6.60,5.80,,
tinting garage door windows,https://mrtint.ca/,commercial,"ai_overview,video,discussions_and_forums,popular_products,related_searches,images",50,0,0.50,54,0,1.00,HIGH,1580000,2025-10-26 14:22:03 +00:00,409.00,363.00,107.00,94.00,397.00,411.90,34.20,0.80,0.70,1.00,0.80,0.29,1.43
window tint st thomas,https://mrtint.ca/,"commercial,navigational","local_pack,people_also_ask,related_searches,images",50,0,1.65,54,0,0.35,MEDIUM,1320000,2025-10-01 19:05:28 +00:00,409.00,363.00,107.00,94.00,397.00,504.50,8.30,5.90,5.80,7.70,5.00,,
car window tinting shops near me,https://mrtint.ca/,"navigational,commercial","local_pack,people_also_ask,related_searches",210,0,3.42,55,0,0.45,MEDIUM,2570000,2025-11-25 09:39:40 +00:00,409.00,363.00,107.00,94.00,397.00,190.80,81.50,9.40,9.20,21.30,16.40,1.01,3.37
chrome tint,https://mrtint.ca/,"commercial,transactional","popular_products,people_also_ask,video,images,related_searches",210,0,0.43,55,0,0.37,MEDIUM,25200000,2025-11-04 03:14:57 +00:00,409.00,363.00,107.00,94.00,397.00,391.00,14.10,0.30,0.30,2.00,2.00,0.56,2.51
auto tint walmart,https://mrtint.ca/,"navigational,transactional,commercial","popular_products,people_also_ask,people_also_search,related_searches,images",170,0,0.12,55,0,1.00,HIGH,1950000,2025-11-26 13:48:41 +00:00,409.00,363.00,107.00,94.00,397.00,640.10,24.80,7.40,7.40,7.50,0.30,,
window tinting walmart,https://mrtint.ca/,"commercial,navigational","people_also_ask,popular_products,related_searches",170,0,0.10,55,0,0.96,HIGH,527000,2025-11-25 13:50:01 +00:00,409.00,363.00,107.00,94.00,397.00,705.70,14.40,7.40,7.40,7.50,0.30,,
window film installation near me,https://mrtint.ca/,"commercial,navigational","local_pack,people_also_ask,popular_products,related_searches",110,0,3.86,55,0,0.93,HIGH,48500000,2025-11-12 08:19:20 +00:00,409.00,363.00,107.00,94.00,397.00,300.50,67.70,24.40,24.20,49.10,29.30,1.30,6.24
window tinting shop,https://mrtint.ca/,"navigational,commercial","local_pack,related_searches",90,0,4.60,55,0,0.22,LOW,6340000,2025-10-20 01:30:44 +00:00,409.00,363.00,107.00,94.00,397.00,156.90,88.20,35.80,34.20,68.00,53.50,0.93,2.29
what window tint is legal,https://mrtint.ca/ontariowindowtintinglaw/,"commercial,transactional","featured_snippet,people_also_ask,images,related_searches",70,0,,55,0,0.00,LOW,13400000,2025-11-11 01:19:44 +00:00,,,,,,335.80,50.80,10.40,10.10,13.80,10.90,,
ontario tinted window law,https://mrtint.ca/ontariowindowtintinglaw/,commercial,"ai_overview,people_also_ask,video,carousel,related_searches,images",1300,0,1.33,56,2,0.02,LOW,2510000,2025-11-02 09:53:59 +00:00,,,,,,349.20,40.60,2.50,2.50,3.20,2.40,0.80,2.13
windows tint law,https://mrtint.ca/ontariowindowtintinglaw/,"commercial,transactional","ai_overview,people_also_ask,video,related_searches,images",320,0,0.88,56,0,0.04,LOW,4090000,2025-11-23 13:19:45 +00:00,,,,,,299.50,57.70,10.70,10.40,14.40,11.10,,
car tint shops near me,https://mrtint.ca/,"navigational,commercial","local_pack,people_also_ask,people_also_search,related_searches,images",210,1,3.42,56,0,0.45,MEDIUM,9540000,2025-11-25 09:40:29 +00:00,409.00,363.00,107.00,94.00,397.00,232.80,91.30,19.70,19.30,601.30,583.50,1.01,3.37
instant tint,https://mrtint.ca/,"transactional,commercial","people_also_ask,popular_products,related_searches,images",210,0,1.53,56,0,0.61,MEDIUM,32000000,2025-12-13 19:41:11 +00:00,409.00,363.00,107.00,94.00,397.00,658.30,15.50,0.10,0.10,0.10,0.10,0.79,2.77
window security film toronto,https://mrtint.ca/,transactional,"local_pack,discussions_and_forums,related_searches",110,19,6.40,56,0,0.25,LOW,13800000,2025-12-14 10:50:52 +00:00,409.00,363.00,107.00,94.00,397.00,250.40,176.80,21.20,20.80,40.20,22.10,1.26,9.32
car window tint electric,https://mrtint.ca/,"transactional,commercial","video,popular_products,people_also_ask,discussions_and_forums,related_searches,images",90,0,0.47,56,0,0.99,HIGH,14900000,2025-12-03 09:32:34 +00:00,409.00,363.00,107.00,94.00,397.00,414.30,32.10,11.90,11.50,20.30,13.00,0.25,1.40
electric tint for car windows,https://mrtint.ca/,"transactional,commercial","popular_products,people_also_ask,video,discussions_and_forums,related_searches,images",90,0,0.47,56,0,0.99,HIGH,7820000,2025-12-02 21:20:24 +00:00,409.00,363.00,107.00,94.00,397.00,406.40,32.10,11.90,11.50,20.30,13.00,0.25,1.40
what is the darkest legal tint in ontario,https://mrtint.ca/ontariowindowtintinglaw/,"informational,commercial","ai_overview,people_also_ask,carousel,images,related_searches",70,0,,56,0,0.01,LOW,18400,2025-11-11 01:33:46 +00:00,,,,,,452.20,15.30,0.80,0.80,1.10,0.50,,
where to get my car windows tinted,https://mrtint.ca/,transactional,"local_pack,people_also_ask,related_searches",70,0,2.97,56,0,0.94,HIGH,32700000,2025-11-11 01:14:51 +00:00,409.00,363.00,107.00,94.00,397.00,321.90,38.10,21.80,21.30,29.80,18.10,0.77,2.19
window tinting nova scotia,https://mrtint.ca/,"commercial,navigational","local_pack,people_also_ask,people_also_search,related_searches",70,0,0.16,56,0,0.09,LOW,365000,2025-12-01 14:30:26 +00:00,409.00,363.00,107.00,94.00,397.00,255.70,26.40,6.50,6.20,11.30,9.70,,
window tinting illegal,https://mrtint.ca/ontariowindowtintinglaw/,"commercial,navigational","ai_overview,people_also_ask,video,people_also_search,related_searches,images",50,0,,56,0,0.01,LOW,1020000,2025-11-03 00:58:30 +00:00,,,,,,405.20,58.50,10.60,10.30,14.00,11.00,,
window tint house cost,https://mrtint.ca/pricing/,"commercial,transactional","popular_products,discussions_and_forums,related_searches",40,7,4.01,56,0,0.92,HIGH,15600000,2025-10-24 18:11:16 +00:00,3.00,1.00,3.00,3.00,3.00,494.70,90.70,16.50,16.50,38.60,32.00,1.06,3.26
rain guard for car,https://mrtint.ca/windowvisors/,"transactional,commercial","popular_products,people_also_ask,discussions_and_forums,images,related_searches",320,0,0.47,57,,0.99,HIGH,94700000,2025-09-12 22:07:52 +00:00,,,,,,525.40,11.80,1.40,1.40,1.70,1.20,0.18,0.59
front tinted windows,https://mrtint.ca/ontariowindowtintinglaw/,"commercial,transactional","ai_overview,people_also_ask,images,popular_products,video,related_searches",260,0,1.34,57,0,0.93,HIGH,23900000,2025-11-24 12:05:49 +00:00,,,,,,423.60,39.70,3.60,3.40,5.10,4.30,0.93,2.65
wind deflectors for car,https://mrtint.ca/windowvisors/,transactional,"ai_overview,people_also_ask,popular_products,video,discussions_and_forums,related_searches,images",260,0,0.52,57,0,1.00,HIGH,3050000,2025-12-13 15:37:13 +00:00,,,,,,,,,,,,0.18,0.64
window tint near me cheap,https://mrtint.ca/,transactional,"local_pack,popular_products,people_also_ask,related_searches,images",170,0,2.40,57,0,0.88,HIGH,66000000,2025-12-13 20:37:46 +00:00,409.00,363.00,107.00,94.00,397.00,125.70,45.50,21.50,21.10,29.40,16.10,0.90,2.70
your tint guy,https://mrtint.ca/,"commercial,navigational","images,related_searches,knowledge_graph,google_reviews,third_party_reviews",170,0,10.50,57,0,0.07,LOW,29300000,2025-11-25 13:34:04 +00:00,409.00,363.00,107.00,94.00,397.00,,,,,,,1.67,1.67
canadian tint laws,https://mrtint.ca/window-tinting-laws/,informational,"ai_overview,people_also_ask,video,carousel,related_searches,images",140,0,,57,0,0.00,LOW,1250000,2025-11-07 02:38:38 +00:00,,,,,,289.80,40.40,9.90,9.60,12.60,9.70,,
mirror tint for cars,https://mrtint.ca/,"transactional,commercial","popular_products,local_pack,people_also_ask,images,video,related_searches",140,0,0.93,57,0,0.90,HIGH,37000000,2025-11-07 12:19:48 +00:00,409.00,363.00,107.00,94.00,397.00,403.10,1.30,0.10,0.10,0.10,0.10,0.55,2.30
ace tints,https://mrtint.ca/,"navigational,commercial","ai_overview,people_also_ask,related_searches,third_party_reviews,google_reviews,knowledge_graph,images",110,0,,57,0,0.23,LOW,659000,2025-11-09 16:04:32 +00:00,409.00,363.00,107.00,94.00,397.00,404.40,35.00,10.30,10.10,14.40,7.40,0.77,3.80
auto window tinting london ontario,https://mrtint.ca/,"commercial,navigational","local_pack,people_also_search,people_also_ask,related_searches",110,0,2.55,57,0,0.64,MEDIUM,112000,2025-11-09 14:54:20 +00:00,409.00,363.00,107.00,94.00,397.00,169.40,70.40,27.60,26.60,39.50,24.20,0.96,2.43
car window tint brampton,https://mrtint.ca/pricing/,"commercial,navigational","local_pack,people_also_ask,video,related_searches",110,3,2.33,57,0,0.93,HIGH,151000,2025-11-28 22:38:30 +00:00,3.00,1.00,3.00,3.00,3.00,306.20,92.60,20.30,19.20,48.20,40.30,0.91,3.41
automotive window tinting hamilton,https://mrtint.ca/,"navigational,transactional,commercial","local_pack,related_searches",90,0,3.02,57,0,0.87,HIGH,2760000,2025-11-11 00:48:37 +00:00,409.00,363.00,107.00,94.00,397.00,181.30,90.90,23.00,20.80,66.40,53.10,1.10,3.74
electric tint for car,https://mrtint.ca/,"transactional,commercial","video,popular_products,people_also_ask,discussions_and_forums,images,related_searches",90,0,0.47,57,0,0.99,HIGH,24800000,2025-12-02 21:20:12 +00:00,409.00,363.00,107.00,94.00,397.00,573.40,41.30,17.20,16.70,26.30,17.10,0.25,1.40
rain cover car window,https://mrtint.ca/windowvisors/,transactional,"popular_products,people_also_ask,images,discussions_and_forums,video,related_searches",50,0,0.35,57,0,1.00,HIGH,135000000,2025-10-29 02:12:12 +00:00,,,,,,510.70,11.80,1.20,1.20,1.60,1.10,0.28,0.91
car tint glass near me,https://mrtint.ca/,transactional,"local_pack,people_also_ask,popular_products,related_searches",2900,0,2.41,58,6,0.49,MEDIUM,35300000,2025-11-09 00:29:43 +00:00,409.00,363.00,107.00,94.00,397.00,247.80,84.30,38.00,37.00,63.20,47.00,0.84,2.78
window tinting laws ontario,https://mrtint.ca/ontariowindowtintinglaw/,"commercial,navigational","ai_overview,people_also_ask,video,carousel,related_searches,images",1300,0,1.33,58,2,0.02,LOW,44700,2025-11-02 09:43:25 +00:00,,,,,,275.10,42.70,2.60,2.60,3.50,2.70,0.80,2.13
limo tint legal,https://mrtint.ca/ontariowindowtintinglaw/,"navigational,transactional","ai_overview,people_also_ask,related_searches,images",320,0,0.88,58,0,0.04,LOW,3060000,2025-11-23 17:00:25 +00:00,,,,,,420.50,30.40,3.30,3.10,4.80,4.10,,
car tinting peterborough,https://mrtint.ca/,"commercial,navigational","local_pack,people_also_search,people_also_ask,related_searches",210,0,1.48,58,0,0.56,MEDIUM,245000,2025-11-01 19:52:42 +00:00,409.00,363.00,107.00,94.00,397.00,641.50,28.50,1.30,1.30,1.70,1.30,0.84,2.21
car tint walmart,https://mrtint.ca/,"commercial,navigational","popular_products,people_also_ask,related_searches,images",170,0,0.10,58,0,0.96,HIGH,3350000,2025-11-26 11:26:28 +00:00,409.00,363.00,107.00,94.00,397.00,702.40,13.30,7.30,7.30,7.40,0.20,,
tint rolls,https://mrtint.ca/,commercial,"popular_products,people_also_ask,video,related_searches,images",140,0,1.13,58,0,0.89,HIGH,15500000,2025-11-26 19:56:05 +00:00,409.00,363.00,107.00,94.00,397.00,397.10,51.60,24.20,23.70,34.40,15.60,0.47,1.43
ontario window tint laws 2024,https://mrtint.ca/ontariowindowtintinglaw/,commercial,"ai_overview,people_also_ask,related_searches,images",110,0,,58,0,0.00,LOW,54900,2025-11-27 04:52:50 +00:00,,,,,,246.80,45.90,8.90,8.80,11.50,8.50,,
hightech tint,https://mrtint.ca/pricing/,"transactional,navigational","popular_products,people_also_ask,related_searches,knowledge_graph,google_reviews,people_also_search,images",70,0,2.47,58,0,0.22,LOW,981000,2025-11-17 01:08:54 +00:00,3.00,1.00,3.00,3.00,3.00,469.10,13.50,10.40,10.20,14.70,11.60,1.07,2.27
window tinting cornwall,https://mrtint.ca/,"commercial,navigational","local_pack,related_searches,images",70,0,0.08,58,0,0.22,LOW,297000,2025-11-12 21:01:24 +00:00,409.00,363.00,107.00,94.00,397.00,448.10,20.30,1.60,1.50,4.50,1.00,,
compare window tint,https://mrtint.ca/pricing/,"navigational,commercial","ai_overview,video,images,people_also_ask,discussions_and_forums,related_searches",50,0,0.36,58,0,0.16,LOW,47300000,2025-10-23 10:54:13 +00:00,3.00,1.00,3.00,3.00,3.00,267.50,37.40,13.40,13.00,39.50,31.70,,
window tinting close to me,https://mrtint.ca/,"commercial,navigational","local_pack,people_also_ask,related_searches,images",12100,0,2.68,59,25,0.45,MEDIUM,8760000,2025-12-08 16:41:18 +00:00,409.00,363.00,107.00,94.00,397.00,219.60,34.00,7.00,6.90,10.90,5.80,0.93,3.01
vehicle window tinting near me,https://mrtint.ca/,"transactional,navigational","local_pack,people_also_ask,people_also_search,related_searches,images",2900,0,2.41,59,6,0.49,MEDIUM,5200000,2025-10-31 20:54:30 +00:00,409.00,363.00,107.00,94.00,397.00,237.20,45.00,12.50,12.20,18.60,13.30,0.84,2.78
window tinting automotive near me,https://mrtint.ca/,"navigational,transactional","local_pack,people_also_ask,related_searches",2900,0,2.41,59,6,0.49,MEDIUM,7170000,2025-12-09 23:14:19 +00:00,409.00,363.00,107.00,94.00,397.00,163.40,76.60,31.20,30.50,42.50,25.50,0.84,2.78
regina window tint,https://mrtint.ca/,"transactional,commercial","local_pack,people_also_ask,related_searches,images",320,0,3.74,59,0,0.49,MEDIUM,682000,2025-11-23 14:37:27 +00:00,409.00,363.00,107.00,94.00,397.00,408.60,21.20,7.10,7.00,9.70,7.50,1.22,9.05
halifax window tint,https://mrtint.ca/,"commercial,navigational","local_pack,people_also_ask,people_also_search,related_searches,images",260,0,5.88,59,0,0.55,MEDIUM,330000,2025-11-24 11:39:20 +00:00,409.00,363.00,107.00,94.00,397.00,372.20,20.10,12.90,12.40,19.60,14.20,1.42,8.15
film wrapping car,https://mrtint.ca/car-wrapping/,commercial,"ai_overview,popular_products,people_also_ask,video,local_pack,related_searches,images",210,11,1.68,59,0,1.00,HIGH,21700000,2025-12-17 04:57:40 +00:00,,,,,,462.40,115.50,45.90,43.90,443.20,430.60,0.31,1.77
window tint brantford,https://mrtint.ca/,"commercial,navigational","local_pack,people_also_ask,related_searches,images",210,0,2.14,59,0,0.88,HIGH,49400,2025-12-16 17:25:38 +00:00,409.00,363.00,107.00,94.00,397.00,395.50,2.20,0.40,0.40,0.50,0.20,0.85,2.37
tinting windshield legal,https://mrtint.ca/ontariowindowtintinglaw/,"commercial,navigational,transactional","ai_overview,people_also_ask,related_searches,images",170,0,0.36,59,0,0.35,MEDIUM,1150000,2025-11-09 05:20:24 +00:00,,,,,,276.50,52.70,10.30,10.00,13.00,10.00,,
canada tint laws,https://mrtint.ca/window-tinting-laws/,informational,"ai_overview,people_also_ask,carousel,video,related_searches,images",140,0,,59,0,0.00,LOW,1880000,2025-11-07 02:41:08 +00:00,,,,,,345.30,40.40,9.90,9.60,12.60,9.70,,
mirror tint car,https://mrtint.ca/,"transactional,commercial","images,people_also_ask,popular_products,video,related_searches",140,0,0.69,59,0,0.98,HIGH,20200000,2025-11-07 12:19:39 +00:00,409.00,363.00,107.00,94.00,397.00,430.40,7.10,0.30,0.30,0.30,0.20,0.66,2.06
window tinting 15,https://mrtint.ca/pricing/,"commercial,transactional,navigational","images,people_also_ask,popular_products,video,local_pack,related_searches",140,0,0.22,59,0,0.69,HIGH,666000000,2025-12-14 08:03:26 +00:00,3.00,1.00,3.00,3.00,3.00,364.30,18.40,0.30,0.30,0.70,0.40,0.44,3.41
auto window tinting shades,https://mrtint.ca/auto-tint-selector/,transactional,"ai_overview,images,people_also_ask,video,popular_products,local_pack,related_searches",110,9,0.10,59,0,1.00,HIGH,1110000,2025-11-07 15:44:40 +00:00,,,,,,320.00,120.80,23.50,22.90,63.30,48.10,,
markham lights,https://mrtint.ca/tail-light-tinting/,commercial,"events,video,related_searches,google_reviews,knowledge_graph,images",110,0,1.39,59,0,1.00,HIGH,5140000,2025-11-28 13:38:42 +00:00,,,,,,341.00,17.90,4.40,1.50,9.50,5.60,0.70,1.60
smart tint for cars,https://mrtint.ca/,"transactional,commercial","video,people_also_ask,popular_products,related_searches,images",110,0,1.11,59,0,1.00,HIGH,44500000,2025-11-07 21:11:14 +00:00,409.00,363.00,107.00,94.00,397.00,475.40,51.00,28.60,28.00,61.20,24.30,0.36,1.50
absolute tinting,https://mrtint.ca/,"navigational,commercial","local_pack,people_also_ask,images,related_searches",90,0,1.24,59,0,0.17,LOW,12900000,2025-11-12 18:04:08 +00:00,589.00,538.00,133.00,119.00,577.00,614.60,36.70,6.00,5.90,16.50,10.80,0.87,1.38
canadian tire window tint film,https://mrtint.ca/,transactional,"people_also_ask,images,local_pack,related_searches",70,0,0.26,59,0,1.00,HIGH,428000,2025-10-23 17:32:27 +00:00,409.00,363.00,107.00,94.00,397.00,,,,,,,0.26,2.46
where to get windows tinted,https://mrtint.ca/,transactional,"local_pack,people_also_ask,discussions_and_forums,video,related_searches",50,0,2.32,59,0,0.91,HIGH,62100000,2025-10-24 19:53:24 +00:00,409.00,363.00,107.00,94.00,397.00,278.30,8.00,0.30,0.20,0.90,0.50,0.74,2.55
tinted house windows cost,https://mrtint.ca/pricing/,"commercial,transactional","people_also_ask,popular_products,discussions_and_forums,related_searches,images",40,2,4.01,59,0,0.92,HIGH,7520000,2025-10-26 14:36:48 +00:00,3.00,1.00,3.00,3.00,3.00,570.50,61.80,13.80,13.70,45.00,39.80,1.06,3.26
removable window tint,https://mrtint.ca/,transactional,"people_also_ask,video,images,related_searches",390,0,0.40,60,0,0.96,HIGH,9290000,2025-11-22 13:26:42 +00:00,409.00,363.00,107.00,94.00,397.00,,,,,,,0.28,1.27
window tint regulations,https://mrtint.ca/ontariowindowtintinglaw/,"commercial,navigational","ai_overview,people_also_ask,images,people_also_search,related_searches",320,0,0.88,60,0,0.04,LOW,3790000,2025-11-23 13:08:50 +00:00,,,,,,277.00,64.30,10.80,10.50,14.50,11.30,,
window tinting legal,https://mrtint.ca/ontariowindowtintinglaw/,"navigational,commercial","ai_overview,people_also_ask,related_searches,images",320,0,0.88,60,0,0.04,LOW,3220000,2025-11-23 13:09:04 +00:00,,,,,,287.60,60.10,10.70,10.40,14.10,11.10,,
window tinting regulations,https://mrtint.ca/ontariowindowtintinglaw/,"commercial,navigational","ai_overview,people_also_ask,people_also_search,related_searches,images",320,0,0.88,60,0,0.04,LOW,1050000,2025-11-23 13:09:11 +00:00,,,,,,273.70,64.90,10.90,10.60,14.60,11.20,,
window tinting peterborough,https://mrtint.ca/,"commercial,navigational","local_pack,people_also_ask,related_searches,images",210,0,1.97,60,0,0.40,MEDIUM,246000,2025-12-16 23:40:14 +00:00,409.00,363.00,107.00,94.00,397.00,467.00,31.60,3.70,3.70,5.10,3.50,0.71,3.02
window tints peterborough,https://mrtint.ca/,"commercial,navigational","local_pack,people_also_ask,related_searches,images",210,0,1.48,60,0,0.56,MEDIUM,25000,2025-11-01 18:44:01 +00:00,409.00,363.00,107.00,94.00,397.00,541.50,28.50,1.30,1.30,1.70,1.30,0.84,2.21
front window tint law,https://mrtint.ca/ontariowindowtintinglaw/,"transactional,commercial","ai_overview,people_also_ask,related_searches,images",170,0,0.36,60,0,0.35,MEDIUM,3900000,2025-12-18 08:24:07 +00:00,,,,,,341.00,32.10,3.50,3.40,4.50,3.50,,
window film automotive,https://mrtint.ca/,"navigational,transactional,commercial","popular_products,people_also_ask,video,related_searches,images",170,0,1.07,60,0,0.98,HIGH,57000000,2025-11-25 14:00:59 +00:00,409.00,363.00,107.00,94.00,397.00,327.10,71.50,29.20,28.60,59.70,38.70,0.59,1.99
crystals tint,https://mrtint.ca/,"commercial,transactional","people_also_ask,related_searches,knowledge_graph,google_reviews,third_party_reviews,images",140,0,1.30,60,0,0.21,LOW,3990000,2025-11-12 07:51:34 +00:00,409.00,363.00,107.00,94.00,397.00,459.70,30.20,2.30,2.10,9.60,4.50,0.65,1.12
tint laws in canada,https://mrtint.ca/window-tinting-laws/,informational,"ai_overview,people_also_ask,related_searches,images",140,0,,60,0,0.00,LOW,2190000,2025-12-19 10:03:19 +00:00,,,,,,401.40,58.80,9.50,9.30,13.10,10.00,,
tint exemption ontario,https://mrtint.ca/ontariowindowtintinglaw/,informational,"ai_overview,people_also_ask,related_searches",110,0,,60,0,0.00,LOW,48900,2025-12-14 11:07:47 +00:00,,,,,,275.10,38.60,2.10,2.10,2.50,2.20,,
electric window tint for cars,https://mrtint.ca/,transactional,"popular_products,people_also_ask,video,related_searches,images",90,0,0.47,60,0,0.99,HIGH,19800000,2025-12-02 21:19:36 +00:00,409.00,363.00,107.00,94.00,397.00,498.40,41.30,17.20,16.70,26.30,17.10,0.25,1.40
window tinting by tint specialist inc,https://mrtint.ca/,"navigational,commercial","people_also_ask,third_party_reviews,google_reviews,knowledge_graph,images",70,0,,60,0,0.03,LOW,190000,2025-12-04 07:26:22 +00:00,409.00,363.00,107.00,94.00,397.00,804.70,1.50,0.20,0.20,0.20,0.20,,
window tinting essex,https://mrtint.ca/,"commercial,navigational","local_pack,people_also_ask,related_searches,images",70,0,1.68,60,0,0.42,MEDIUM,232000,2025-12-04 07:26:24 +00:00,409.00,363.00,107.00,94.00,397.00,443.60,36.30,21.80,21.30,29.30,20.60,,
window tinting bolton,https://mrtint.ca/,"commercial,navigational","local_pack,people_also_ask,people_also_search,related_searches",40,4,3.03,60,0,0.86,HIGH,325000,2025-10-24 18:11:11 +00:00,409.00,363.00,107.00,94.00,397.00,297.20,99.40,27.50,26.00,92.50,45.20,1.25,3.12
car wraps toronto,https://mrtint.ca/car-wrapping/,"commercial,navigational","local_pack,people_also_ask,people_also_search,related_searches",1300,13,2.93,61,2,0.61,MEDIUM,8050000,2025-11-08 18:16:40 +00:00,,,,,,189.90,138.30,38.90,37.00,107.00,86.30,0.72,3.56
window tint for residential,https://mrtint.ca/residential-tinting/,"commercial,transactional","local_pack,popular_products,people_also_ask,discussions_and_forums,related_searches,images",480,10,3.46,61,1,1.00,HIGH,4670000,2025-11-07 08:06:19 +00:00,,,,,,409.70,115.20,50.00,49.70,64.50,30.40,1.05,5.83
car tint markham,https://mrtint.ca/pricing/,commercial,"local_pack,people_also_ask,related_searches,images",390,0,2.71,61,0,0.41,MEDIUM,138000,2025-11-22 17:33:51 +00:00,3.00,1.00,3.00,3.00,3.00,210.70,59.30,24.00,23.00,36.70,16.70,0.75,2.43
law for tinted windows,https://mrtint.ca/ontariowindowtintinglaw/,"commercial,transactional","ai_overview,people_also_ask,video,related_searches,images",320,0,0.88,61,0,0.04,LOW,4500000,2025-11-23 17:10:13 +00:00,,,,,,332.60,63.10,10.80,10.50,14.20,11.20,,
window tinting laws,https://mrtint.ca/ontariowindowtintinglaw/,"commercial,navigational","ai_overview,people_also_ask,images,video,people_also_search,related_searches",320,0,0.88,61,0,0.04,LOW,1510000,2025-11-23 13:08:50 +00:00,,,,,,258.00,55.90,10.50,10.20,13.20,10.20,,
first class tint,https://mrtint.ca/,"commercial,navigational","people_also_ask,related_searches,knowledge_graph,google_reviews,third_party_reviews,images",210,0,3.46,61,0,0.06,LOW,38800000,2025-12-17 04:55:55 +00:00,409.00,363.00,107.00,94.00,397.00,389.00,20.40,10.20,10.20,12.70,7.90,0.69,1.39
tinting windshield,https://mrtint.ca/,"commercial,navigational","people_also_ask,discussions_and_forums,video,local_pack,popular_products,images,people_also_search,related_searches",210,0,1.19,61,0,0.69,HIGH,14200000,2025-11-24 18:37:33 +00:00,409.00,363.00,107.00,94.00,397.00,328.50,18.00,2.30,2.10,3.70,2.00,1.05,2.98
window tint peterborough,https://mrtint.ca/,"commercial,navigational","local_pack,people_also_ask,related_searches,images",210,0,1.48,61,0,0.56,MEDIUM,156000,2025-12-16 23:40:13 +00:00,409.00,363.00,107.00,94.00,397.00,561.40,28.40,0.70,0.70,1.70,1.30,0.84,2.21
car tint kit,https://mrtint.ca/,"transactional,commercial","popular_products,video,people_also_ask,discussions_and_forums,related_searches,images",170,0,0.45,61,0,1.00,HIGH,24100000,2025-11-25 09:28:54 +00:00,409.00,363.00,107.00,94.00,397.00,336.80,17.00,14.50,14.50,15.40,1.30,0.27,1.09
window tinting burlington,https://mrtint.ca/,"commercial,navigational","local_pack,people_also_ask,related_searches,images",170,7,4.51,61,0,0.90,HIGH,624000,2025-12-17 09:15:12 +00:00,409.00,363.00,107.00,94.00,397.00,182.90,126.20,10.80,10.40,2140.60,1065.60,1.39,5.59
absolute tint,https://mrtint.ca/,"commercial,transactional","people_also_ask,related_searches,knowledge_graph,google_reviews,third_party_reviews,images",90,0,3.78,61,0,0.24,LOW,12000000,2025-11-12 18:16:19 +00:00,589.00,538.00,133.00,119.00,577.00,553.60,46.90,6.00,5.90,16.50,10.80,0.81,1.98
car window electric tint,https://mrtint.ca/,transactional,"popular_products,video,people_also_ask,related_searches,images",90,0,0.47,61,0,0.99,HIGH,14900000,2025-12-03 09:32:41 +00:00,409.00,363.00,107.00,94.00,397.00,438.00,41.30,17.20,16.70,26.30,17.10,0.25,1.40
electric window tint car,https://mrtint.ca/,transactional,"video,popular_products,people_also_ask,related_searches,images",90,0,0.47,61,0,0.99,HIGH,15700000,2025-12-02 21:19:35 +00:00,409.00,363.00,107.00,94.00,397.00,433.40,41.30,17.20,16.70,26.30,17.10,0.25,1.40
red window tint,https://mrtint.ca/,"transactional,commercial","popular_products,people_also_ask,video,images,related_searches",90,0,0.23,61,0,0.57,MEDIUM,50700000,2025-11-30 21:35:29 +00:00,409.00,363.00,107.00,94.00,397.00,,,,,,,0.45,2.16
tint colour,https://mrtint.ca/ontariowindowtintinglaw/,"commercial,informational","ai_overview,people_also_ask,video,related_searches,knowledge_graph,images",90,26,,61,0,0.02,LOW,125000000,2025-11-09 19:29:08 +00:00,,,,,,369.70,175.60,73.30,68.60,642.20,158.50,,
why is limo tint illegal,https://mrtint.ca/ontariowindowtintinglaw/,informational,"ai_overview,people_also_ask,related_searches,images",90,0,,61,0,0.00,LOW,493000,2025-11-30 13:37:12 +00:00,,,,,,513.40,9.60,0.50,0.50,1.20,1.00,,
window tinting law ontario,https://mrtint.ca/ontariowindowtintinglaw/,"commercial,navigational","ai_overview,people_also_ask,carousel,related_searches",90,0,,61,0,0.02,LOW,130000,2025-12-20 16:11:40 +00:00,,,,,,401.80,62.60,4.80,4.70,9.80,5.80,,
window tinting laws alberta,https://mrtint.ca/window-tinting-laws/,"navigational,commercial","ai_overview,people_also_ask,video,carousel,related_searches,images",90,0,,61,0,0.02,LOW,42600,2025-11-28 02:01:27 +00:00,,,,,,350.50,42.60,2.90,2.80,4.10,3.70,,
best automobile window tinting,https://mrtint.ca/,"commercial,navigational,transactional","local_pack,people_also_ask,discussions_and_forums,video,popular_products,related_searches",70,14,3.06,61,0,0.92,HIGH,11100000,2025-10-24 01:55:12 +00:00,409.00,363.00,107.00,94.00,397.00,370.50,139.60,46.60,45.00,121.10,98.10,0.59,2.25
window tinting in essex,https://mrtint.ca/,"commercial,navigational","local_pack,people_also_ask,related_searches,images",70,0,1.68,61,0,0.42,MEDIUM,164000,2025-11-02 00:03:51 +00:00,409.00,363.00,107.00,94.00,397.00,478.20,21.00,15.70,15.40,22.00,16.40,,
windshield tint near me,https://mrtint.ca/,"navigational,transactional","local_pack,people_also_ask,related_searches",12100,0,2.68,62,25,0.45,MEDIUM,12900000,2025-11-08 14:57:11 +00:00,409.00,363.00,107.00,94.00,397.00,246.60,58.50,11.50,11.20,23.50,12.00,0.93,3.01
legal window tint in ontario canada,https://mrtint.ca/window-tinting-laws/,"commercial,navigational,transactional","ai_overview,people_also_ask,video,images,related_searches",1300,0,1.33,62,2,0.02,LOW,268000,2025-11-02 09:59:15 +00:00,,,,,,283.00,40.60,2.50,2.50,3.20,2.40,0.80,2.13
front windshield tint law,https://mrtint.ca/ontariowindowtintinglaw/,"transactional,commercial","featured_snippet,people_also_ask,related_searches,images",170,0,0.36,62,0,0.35,MEDIUM,1330000,2025-12-18 08:23:51 +00:00,,,,,,335.70,27.60,3.30,3.20,4.30,3.30,,
spray tint windows,https://mrtint.ca/ontariowindowtintinglaw/,"commercial,transactional","video,people_also_ask,popular_products,images,related_searches",170,0,0.45,62,0,0.99,HIGH,5170000,2025-11-25 18:08:09 +00:00,,,,,,,,,,,,0.24,0.86
smart tint car,https://mrtint.ca/,commercial,"video,popular_products,related_searches,images",110,0,1.11,62,0,1.00,HIGH,17400000,2025-11-12 08:28:16 +00:00,409.00,363.00,107.00,94.00,397.00,476.60,51.00,28.60,28.00,61.20,24.30,0.36,1.50
car tint supplier,https://mrtint.ca/,"navigational,transactional","ai_overview,local_pack,people_also_ask,popular_products,related_searches,images",90,8,3.06,62,0,1.00,HIGH,5170000,2025-12-15 00:51:52 +00:00,409.00,363.00,107.00,94.00,397.00,260.60,124.20,57.20,56.20,135.40,95.90,0.90,3.09
car tinting legal limit,https://mrtint.ca/ontariowindowtintinglaw/,"commercial,transactional,informational","ai_overview,people_also_ask,video,related_searches,images",90,0,,62,0,0.01,LOW,679000,2025-11-14 12:33:26 +00:00,,,,,,260.40,53.20,10.40,10.10,13.40,10.50,,
legal limit for car window tint,https://mrtint.ca/ontariowindowtintinglaw/,transactional,"ai_overview,people_also_ask,video,related_searches,images",90,0,,62,0,0.01,LOW,1330000,2025-11-10 07:49:45 +00:00,,,,,,291.00,55.20,10.40,10.10,13.40,10.50,,
tinting london ontario,https://mrtint.ca/,"navigational,commercial","local_pack,people_also_ask,people_also_search,related_searches",90,0,1.21,62,0,0.46,MEDIUM,21100000,2025-11-30 16:18:15 +00:00,409.00,363.00,107.00,94.00,397.00,169.50,70.60,27.60,26.60,39.50,24.20,0.92,2.87
window tinting fredericton,https://mrtint.ca/,"commercial,navigational","local_pack,people_also_ask,related_searches,images",90,0,0.37,62,0,0.59,MEDIUM,37400,2025-12-20 16:11:46 +00:00,409.00,363.00,107.00,94.00,397.00,379.20,11.10,6.70,6.50,7.20,3.90,0.05,1.65
auto glass tint near me,https://mrtint.ca/,"navigational,transactional","ai_overview,people_also_ask,related_searches,google_reviews,knowledge_graph",70,0,3.59,62,0,0.77,HIGH,25700000,2025-11-02 07:32:19 +00:00,409.00,363.00,107.00,94.00,397.00,211.00,89.60,55.30,53.90,162.50,84.10,1.05,4.89
window tint spray,https://mrtint.ca/,"transactional,commercial","popular_products,people_also_ask,video,images,discussions_and_forums,related_searches",50,0,0.70,62,0,1.00,HIGH,21500000,2025-10-01 19:12:59 +00:00,409.00,363.00,107.00,94.00,397.00,528.90,15.40,1.10,1.10,4.40,4.40,0.32,1.04
window tint bolton,https://mrtint.ca/,commercial,"local_pack,people_also_ask,people_also_search,related_searches",40,0,3.03,62,0,0.86,HIGH,263000,2025-10-24 18:11:18 +00:00,409.00,363.00,107.00,94.00,397.00,235.80,61.80,26.70,25.40,85.60,43.30,1.25,3.12
auto tinting brampton,https://mrtint.ca/pricing/,"navigational,commercial","local_pack,people_also_ask,related_searches,images",720,4,3.06,63,1,0.74,HIGH,107000,2025-11-18 16:58:14 +00:00,3.00,1.00,3.00,3.00,3.00,231.20,105.30,39.40,37.20,94.90,71.70,0.78,3.03
mike's auto tint,https://mrtint.ca/,"navigational,commercial","people_also_ask,images,related_searches,google_reviews,knowledge_graph",590,0,1.50,63,1,0.12,LOW,4690000,2025-12-11 08:50:36 +00:00,409.00,363.00,107.00,94.00,397.00,556.40,11.80,7.30,7.20,17.00,4.60,0.51,1.23
window tint london ontario,https://mrtint.ca/,"commercial,navigational","local_pack,people_also_ask,people_also_search,related_searches,images",390,1,3.57,63,0,0.63,MEDIUM,432000,2025-12-15 13:46:33 +00:00,409.00,363.00,107.00,94.00,397.00,173.30,87.90,32.70,31.50,46.40,28.50,1.07,3.09
window tinting london ontario,https://mrtint.ca/,"commercial,navigational","local_pack,people_also_ask,people_also_search,related_searches,images",390,0,3.57,63,0,0.63,MEDIUM,499000,2025-12-12 18:30:50 +00:00,409.00,363.00,107.00,94.00,397.00,168.80,70.60,27.60,26.60,39.50,24.20,1.07,3.09
window tint legality,https://mrtint.ca/ontariowindowtintinglaw/,"commercial,navigational","ai_overview,people_also_ask,video,related_searches,images",320,0,0.88,63,0,0.04,LOW,15100000,2025-12-13 01:35:49 +00:00,,,,,,309.20,56.70,10.50,10.20,13.20,10.20,,
window tinting regina,https://mrtint.ca/,"commercial,navigational","local_pack,people_also_ask,related_searches,images",320,0,3.74,63,0,0.49,MEDIUM,791000,2025-12-13 01:35:49 +00:00,409.00,363.00,107.00,94.00,397.00,323.10,20.80,7.10,7.00,9.70,7.50,1.22,9.05
darkest legal tint ontario,https://mrtint.ca/ontariowindowtintinglaw/,commercial,"ai_overview,people_also_ask,carousel,related_searches,images",170,0,0.32,63,0,0.03,LOW,18300,2025-11-06 09:56:21 +00:00,,,,,,431.70,13.70,0.80,0.80,1.10,0.50,,
car mirror tint,https://mrtint.ca/,transactional,"local_pack,people_also_ask,popular_products,images,related_searches",140,0,0.69,63,0,0.98,HIGH,21800000,2025-11-27 17:14:08 +00:00,409.00,363.00,107.00,94.00,397.00,468.10,38.40,19.80,18.60,46.90,39.60,0.66,2.06
car with mirror tint,https://mrtint.ca/pricing/,"commercial,transactional","ai_overview,images,people_also_ask,video,popular_products,related_searches",140,0,0.69,63,0,0.98,HIGH,15800000,2025-12-19 15:18:58 +00:00,3.00,1.00,3.00,3.00,3.00,562.40,31.70,0.90,0.90,13.20,13.00,0.66,2.06
tint addiction,https://mrtint.ca/,"navigational,commercial",local_pack,140,0,,63,0,0.08,LOW,84800000,2025-12-19 10:03:21 +00:00,409.00,363.00,107.00,94.00,397.00,563.90,50.50,61.20,57.10,133.60,91.00,,
window tint and glass,https://mrtint.ca/,transactional,"local_pack,video,related_searches",140,2,2.09,63,0,0.90,HIGH,23400000,2025-10-16 20:15:35 +00:00,409.00,363.00,107.00,94.00,397.00,334.80,85.20,44.50,42.90,71.30,46.80,0.63,3.50
tint london ontario,https://mrtint.ca/,"commercial,navigational","local_pack,people_also_ask,people_also_search,related_searches",90,1,1.21,63,0,0.46,MEDIUM,41700000,2025-11-30 16:17:06 +00:00,409.00,363.00,107.00,94.00,397.00,154.60,82.20,28.10,27.10,40.10,24.80,0.92,2.87
best automobile window tint,https://mrtint.ca/,"transactional,commercial","local_pack,people_also_ask,video,discussions_and_forums,related_searches,images",70,0,3.06,63,0,0.92,HIGH,19800000,2025-11-02 07:17:00 +00:00,409.00,363.00,107.00,94.00,397.00,298.80,54.20,17.90,17.90,21.60,6.40,0.59,2.25
quality tinting,https://mrtint.ca/,"navigational,commercial","local_pack,people_also_ask,related_searches",70,10,2.14,63,0,0.29,LOW,101000000,2025-11-11 03:24:33 +00:00,409.00,363.00,107.00,94.00,397.00,262.70,132.20,33.40,31.60,69.60,54.90,,
ppf kits,https://mrtint.ca/precutppf/,transactional,"people_also_search,video,related_searches,images",50,0,0.75,63,0,0.90,HIGH,3280000,2025-10-29 06:52:37 +00:00,,,,,,165.50,48.50,0.70,0.60,711.40,388.70,0.28,1.69
tint'd,https://mrtint.ca/,"navigational,commercial","people_also_ask,related_searches,knowledge_graph,google_reviews,images",50,0,,63,0,0.03,LOW,74300,2025-10-02 01:07:09 +00:00,409.00,363.00,107.00,94.00,397.00,656.70,22.60,5.60,5.40,69.80,18.50,,
window tint near me,https://mrtint.ca/,"navigational,transactional","local_pack,people_also_ask,people_also_search,related_searches,images",12100,0,2.68,64,25,0.45,MEDIUM,71300000,2025-11-07 05:33:17 +00:00,409.00,363.00,107.00,94.00,397.00,212.70,72.50,17.10,16.50,40.20,32.70,0.93,3.01
window tint laws in ontario canada,https://mrtint.ca/ontariowindowtintinglaw/,"commercial,transactional","featured_snippet,people_also_ask,video,related_searches,images",1300,0,1.33,64,2,0.02,LOW,962000,2025-11-03 03:20:49 +00:00,,,,,,298.40,42.70,2.60,2.60,3.50,2.70,0.80,2.13
car tint legal,https://mrtint.ca/ontariowindowtintinglaw/,"commercial,navigational","featured_snippet,people_also_ask,images,related_searches",320,0,0.88,64,0,0.04,LOW,15800000,2025-11-23 23:58:14 +00:00,,,,,,287.60,60.10,10.70,10.40,14.10,11.10,,
window tint law,https://mrtint.ca/ontariowindowtintinglaw/,"commercial,navigational,transactional","ai_overview,people_also_ask,video,related_searches,images",320,0,0.88,64,0,0.04,LOW,7590000,2025-11-23 13:19:38 +00:00,,,,,,373.30,58.60,10.60,10.30,14.00,11.00,,
70 car tint,https://mrtint.ca/ontariowindowtintinglaw/,transactional,"people_also_ask,images,popular_products,video,related_searches",260,0,0.27,64,0,0.52,MEDIUM,28000000,2025-11-24 15:14:28 +00:00,,,,,,,,,,,,0.40,1.63
car tint guelph,https://mrtint.ca/,"commercial,navigational","local_pack,people_also_search,discussions_and_forums,people_also_ask,related_searches,images",210,0,3.39,64,0,0.77,HIGH,113000,2025-11-25 09:29:12 +00:00,409.00,363.00,107.00,94.00,397.00,261.70,74.90,31.30,29.70,198.40,182.80,0.76,4.09
window tint for cheap near me,https://mrtint.ca/,transactional,"local_pack,people_also_ask,popular_products,related_searches",170,0,2.40,64,0,0.88,HIGH,46400000,2025-12-13 18:01:21 +00:00,409.00,363.00,107.00,94.00,397.00,263.60,76.40,16.80,16.40,33.90,21.80,0.90,2.70
rear window tint,https://mrtint.ca/,transactional,"video,people_also_ask,popular_products,images,local_pack,carousel,related_searches",110,0,1.44,64,0,0.95,HIGH,14400000,2025-11-07 22:31:58 +00:00,409.00,363.00,107.00,94.00,397.00,,,,,,,0.46,2.90
window vents for car,https://mrtint.ca/windowvisors/,"transactional,commercial","popular_products,people_also_ask,video,discussions_and_forums,images,related_searches",110,0,0.44,64,0,1.00,HIGH,27300000,2025-11-28 02:02:32 +00:00,,,,,,,,,,,,0.26,0.69
precision tint,https://mrtint.ca/,"navigational,transactional","ai_overview,people_also_ask,local_pack,related_searches,images",90,0,4.79,64,0,0.13,LOW,18400000,2025-11-10 01:24:01 +00:00,409.00,363.00,107.00,94.00,397.00,157.90,74.60,35.10,34.20,48.90,28.30,1.44,3.09
window tint fredericton,https://mrtint.ca/pricing/,"commercial,navigational","local_pack,people_also_ask,related_searches",90,0,0.37,64,0,0.59,MEDIUM,26100,2025-11-29 00:09:58 +00:00,3.00,1.00,3.00,3.00,3.00,356.30,11.10,9.90,9.50,11.10,7.60,0.05,1.65
filmstar automotive solutions,https://mrtint.ca/,"navigational,commercial","people_also_ask,related_searches,knowledge_graph,google_reviews,images",70,0,,64,0,0.04,LOW,21900,2025-12-02 17:08:34 +00:00,409.00,363.00,107.00,94.00,397.00,615.10,3.20,4.20,4.10,6.20,4.70,,
window tinting ontario laws,https://mrtint.ca/ontariowindowtintinglaw/,"navigational,commercial","ai_overview,people_also_ask,video,carousel,related_searches,images",70,0,,64,0,0.00,LOW,110000,2025-12-01 14:30:27 +00:00,,,,,,434.80,31.50,2.10,2.10,2.80,2.00,,
xpel protective film,https://mrtint.ca/paint-protection-film/,"transactional,commercial","people_also_ask,video,popular_products,related_searches",50,0,2.66,64,0,1.00,HIGH,1330000,2025-11-12 20:06:13 +00:00,,,,,,439.80,7.60,0.10,0.10,0.10,0.10,0.70,2.83
what tinting is legal,https://mrtint.ca/ontariowindowtintinglaw/,"informational,navigational","ai_overview,people_also_ask,video,related_searches,images",40,0,,64,0,0.00,LOW,28600000,2025-11-11 01:31:21 +00:00,,,,,,332.80,65.80,10.90,10.60,14.60,11.40,,
tinting glass,https://mrtint.ca/,"navigational,commercial","local_pack,people_also_ask,video,popular_products,images,related_searches",1000,6,1.58,65,2,0.99,HIGH,102000000,2025-11-08 18:28:54 +00:00,409.00,363.00,107.00,94.00,397.00,408.40,93.30,9.10,8.60,1074.50,682.80,0.64,2.65
tint guys,https://mrtint.ca/,"navigational,commercial","local_pack,people_also_ask,related_searches,images",320,0,2.47,65,0,0.21,LOW,42800000,2025-11-19 08:17:49 +00:00,409.00,363.00,107.00,94.00,397.00,467.80,49.10,13.30,13.00,18.10,11.00,0.66,2.33
tint places near me,https://mrtint.ca/,"navigational,informational","local_pack,people_also_ask,related_searches,images,people_also_search",260,0,3.44,65,0,0.73,HIGH,39700000,2025-12-16 18:00:41 +00:00,409.00,363.00,107.00,94.00,397.00,242.70,66.20,12.30,12.10,597.80,582.50,0.89,3.61
tint laws,https://mrtint.ca/ontariowindowtintinglaw/,informational,"ai_overview,people_also_ask,video,people_also_search,related_searches,images",210,0,0.77,65,0,0.09,LOW,9950000,2025-12-16 23:59:13 +00:00,,,,,,283.70,42.00,8.30,8.20,11.00,8.20,0.77,2.40
15 tint car windows,https://mrtint.ca/pricing/,transactional,"ai_overview,video,people_also_ask,popular_products,discussions_and_forums,images,related_searches",140,0,0.22,65,0,0.69,HIGH,13100000,2025-12-14 10:46:24 +00:00,2.00,0.00,2.00,2.00,2.00,529.60,27.30,1.40,1.30,3.00,1.90,0.44,3.41
window tint kamloops,https://mrtint.ca/,"commercial,navigational","local_pack,people_also_ask,related_searches,images",140,0,1.75,65,0,0.60,MEDIUM,74700,2025-11-26 16:35:24 +00:00,409.00,363.00,107.00,94.00,397.00,294.90,6.10,4.60,4.50,5.00,3.40,0.72,2.15
window tinting whitby,https://mrtint.ca/,"commercial,navigational","local_pack,people_also_ask,people_also_search,related_searches",140,0,2.02,65,0,0.85,HIGH,233000,2025-12-19 09:18:23 +00:00,409.00,363.00,107.00,94.00,397.00,214.20,19.60,7.30,7.30,14.70,5.40,0.83,1.97
car window tinting brampton,https://mrtint.ca/,"commercial,navigational","local_pack,people_also_ask,video,related_searches,images",110,0,2.33,65,0,0.93,HIGH,127000,2025-12-20 13:54:33 +00:00,409.00,363.00,107.00,94.00,397.00,304.20,75.30,20.40,19.30,50.40,42.20,0.91,3.41
lazer tint,https://mrtint.ca/,transactional,"people_also_ask,google_reviews,knowledge_graph,images",110,0,,65,0,0.07,LOW,761000,2025-11-08 02:20:07 +00:00,409.00,363.00,107.00,94.00,397.00,457.10,23.50,2.50,2.40,3.10,2.20,0.88,1.69
tinted back windows,https://mrtint.ca/,"commercial,transactional","ai_overview,video,people_also_ask,discussions_and_forums,popular_products,images,related_searches",90,0,0.39,65,0,0.78,HIGH,17000000,2025-11-12 13:45:58 +00:00,409.00,363.00,107.00,94.00,397.00,521.90,14.60,0.20,0.20,1.30,1.10,0.51,1.82
window tinting st john's,https://mrtint.ca/,"commercial,navigational","local_pack,people_also_ask,related_searches,images",90,0,1.49,65,0,0.34,MEDIUM,472000,2025-11-30 13:40:34 +00:00,409.00,363.00,107.00,94.00,397.00,527.10,5.00,4.90,4.70,7.50,5.70,,
window tint dartmouth,https://mrtint.ca/,"commercial,navigational","local_pack,people_also_search,people_also_ask,related_searches,images",70,0,3.97,65,0,0.74,HIGH,98000,2025-11-11 01:11:27 +00:00,409.00,363.00,107.00,94.00,397.00,200.90,41.20,15.60,15.00,22.90,14.60,0.77,4.59
window tint essex,https://mrtint.ca/,"commercial,navigational","local_pack,people_also_ask,related_searches,images",70,0,1.68,65,0,0.42,MEDIUM,452000,2025-12-04 07:26:19 +00:00,409.00,363.00,107.00,94.00,397.00,378.00,41.70,22.00,21.50,29.60,20.90,,
what is the legal percentage of window tint,https://mrtint.ca/ontariowindowtintinglaw/,informational,"ai_overview,people_also_ask,related_searches",50,0,,65,0,0.01,LOW,1090000,2025-10-24 21:19:53 +00:00,,,,,,263.40,51.30,10.00,9.70,12.70,9.80,,
window tints legal,https://mrtint.ca/ontariowindowtintinglaw/,"navigational,commercial","ai_overview,people_also_ask,images,video,related_searches",320,0,0.88,66,0,0.04,LOW,1960000,2025-11-23 13:08:44 +00:00,,,,,,372.50,54.40,10.40,10.10,13.10,10.10,,
chrome tints,https://mrtint.ca/,"commercial,navigational","people_also_ask,popular_products,images,related_searches",210,0,1.01,66,0,0.30,LOW,2630000,2025-11-25 09:00:59 +00:00,409.00,363.00,107.00,94.00,397.00,332.70,52.10,27.30,26.20,56.40,41.70,0.50,2.70
legal tint,https://mrtint.ca/ontariowindowtintinglaw/,"navigational,transactional,commercial","ai_overview,people_also_ask,video,images,related_searches",210,0,0.67,66,0,0.07,LOW,52600000,2025-11-25 02:06:57 +00:00,,,,,,284.40,52.00,10.30,10.00,13.00,10.00,,
window tints near me cheap,https://mrtint.ca/,transactional,"local_pack,people_also_ask,popular_products,related_searches",170,9,2.40,66,0,0.88,HIGH,9070000,2025-12-13 18:01:14 +00:00,409.00,363.00,107.00,94.00,397.00,205.90,128.70,50.70,48.20,109.70,87.30,0.90,2.70
house tint,https://mrtint.ca/residential-tinting/,"commercial,navigational","local_pack,popular_products,people_also_ask,video,related_searches,images",140,2,7.36,66,0,0.49,MEDIUM,37200000,2025-11-12 09:59:17 +00:00,,,,,,551.40,60.10,29.70,29.60,51.60,32.00,0.91,3.22
70 percent tint,https://mrtint.ca/ontariowindowtintinglaw/,"transactional,commercial","images,people_also_ask,video,popular_products,related_searches",90,0,0.28,66,0,0.28,LOW,19700000,2025-12-01 12:47:32 +00:00,,,,,,419.90,6.60,0.30,0.30,1.00,1.00,,
red car tint,https://mrtint.ca/,"commercial,transactional","popular_products,images,people_also_ask,video,related_searches",90,0,0.23,66,0,0.57,MEDIUM,53200000,2025-11-10 00:09:05 +00:00,409.00,363.00,107.00,94.00,397.00,396.00,27.00,12.20,11.80,37.60,30.80,0.45,2.16
art of tinting,https://mrtint.ca/,"navigational,commercial","people_also_ask,related_searches,third_party_reviews,google_reviews,knowledge_graph",70,0,2.42,66,0,0.15,LOW,85200000,2025-10-24 05:35:46 +00:00,589.00,538.00,133.00,119.00,577.00,636.00,17.40,0.10,0.10,1.60,1.50,0.70,1.89
auto window tinting service near me,https://mrtint.ca/,"navigational,commercial","local_pack,people_also_ask,related_searches",70,24,3.83,66,0,0.39,MEDIUM,4490000,2025-10-24 04:36:20 +00:00,409.00,363.00,107.00,94.00,397.00,217.90,176.40,56.90,54.70,272.60,184.70,,
burlington tint,https://mrtint.ca/,"commercial,navigational","local_pack,people_also_ask,people_also_search,related_searches",70,8,4.49,66,0,0.71,HIGH,1010000,2025-10-23 19:41:14 +00:00,409.00,363.00,107.00,94.00,397.00,339.30,112.50,8.20,7.80,1687.00,831.70,0.96,5.31
tint for garage door windows,https://mrtint.ca/,commercial,"popular_products,people_also_ask,discussions_and_forums,video,images,related_searches",50,0,0.50,66,0,1.00,HIGH,6970000,2025-10-26 14:33:19 +00:00,409.00,363.00,107.00,94.00,397.00,527.90,34.20,0.80,0.70,1.00,0.80,0.29,1.43
tint view,https://mrtint.ca/ontariowindowtintinglaw/,navigational,"people_also_ask,related_searches,knowledge_graph,google_reviews,third_party_reviews,images",50,21,,66,0,0.13,LOW,166000000,2025-10-26 14:33:28 +00:00,,,,,,747.30,128.50,7.90,7.70,307.90,134.40,,
premier window tinting,https://mrtint.ca/,"navigational,commercial","people_also_ask,people_also_search,related_searches,knowledge_graph,google_reviews,images",30,0,,66,0,0.29,LOW,1170000,2025-11-11 03:33:05 +00:00,409.00,363.00,107.00,94.00,397.00,228.50,69.30,45.00,43.70,81.80,56.70,,
car wrap toronto,https://mrtint.ca/car-wrapping/,"commercial,navigational","people_also_ask,people_also_search,related_searches,images",1300,14,2.93,67,2,0.61,MEDIUM,29800000,2025-11-18 08:21:25 +00:00,,,,,,185.10,138.60,38.90,37.00,107.00,86.30,0.72,3.56
window tint regina,https://mrtint.ca/,"commercial,navigational","local_pack,people_also_ask,related_searches,images",320,0,3.74,67,0,0.49,MEDIUM,697000,2025-12-13 01:35:42 +00:00,409.00,363.00,107.00,94.00,397.00,287.40,26.50,9.40,9.30,12.30,9.10,1.22,9.05
is 20 tint legal in ontario,https://mrtint.ca/ontariowindowtintinglaw/,"informational,commercial","ai_overview,people_also_ask,carousel,images,related_searches",210,0,,67,0,0.00,LOW,928000,2025-11-25 03:26:00 +00:00,,,,,,436.90,7.50,0.40,0.40,0.40,0.20,,
oakville window tinting,https://mrtint.ca/pricing/,"navigational,commercial","local_pack,people_also_ask,people_also_search,related_searches",140,0,4.08,67,0,1.00,HIGH,48600,2025-11-26 00:51:51 +00:00,3.00,1.00,3.00,3.00,3.00,78.90,41.40,14.20,13.70,22.30,18.10,1.49,4.78
tint laws canada,https://mrtint.ca/window-tinting-laws/,"informational,navigational,commercial","ai_overview,people_also_ask,related_searches,images",140,0,,67,0,0.00,LOW,2190000,2025-12-19 10:03:31 +00:00,,,,,,226.20,52.20,8.50,8.40,11.20,8.30,,
window tinting kamloops,https://mrtint.ca/,"commercial,navigational","local_pack,people_also_ask,video,related_searches,images",140,0,1.75,67,0,0.60,MEDIUM,103000,2025-11-26 16:35:10 +00:00,409.00,363.00,107.00,94.00,397.00,425.90,6.10,4.60,4.50,5.00,3.40,0.72,2.15
window tinting classes,https://mrtint.ca/training/,"navigational,commercial","ai_overview,local_pack,discussions_and_forums,related_searches,images",110,0,0.97,67,0,0.13,LOW,1150000,2025-11-28 02:02:51 +00:00,,,,,,131.60,52.40,18.60,17.90,22.70,13.70,0.73,1.72
milton window tinting,https://mrtint.ca/,"navigational,commercial","local_pack,people_also_ask,related_searches,people_also_search,images",90,0,4.82,67,0,0.98,HIGH,343000,2025-11-29 01:50:16 +00:00,409.00,363.00,107.00,94.00,397.00,134.40,2.80,0.10,0.10,0.10,0.10,1.16,3.56
tint car windows legal limit,https://mrtint.ca/ontariowindowtintinglaw/,"transactional,commercial","ai_overview,people_also_ask,video,related_searches,images",90,0,,67,0,0.01,LOW,991000,2025-11-09 19:27:57 +00:00,,,,,,299.80,46.90,10.20,9.90,13.60,10.70,,
why are tinted windows illegal,https://mrtint.ca/ontariowindowtintinglaw/,informational,"ai_overview,people_also_ask,related_searches,images",90,0,,67,0,0.00,LOW,1760000,2025-11-09 16:39:55 +00:00,,,,,,470.90,46.90,9.30,9.10,13.00,10.30,,
windows tint legal limit,https://mrtint.ca/ontariowindowtintinglaw/,"commercial,transactional","ai_overview,people_also_ask,video,related_searches,images",90,0,,67,0,0.01,LOW,1290000,2025-11-09 16:38:28 +00:00,,,,,,298.70,48.40,10.30,10.00,13.70,10.80,,
is 30 tint legal in ontario,https://mrtint.ca/ontariowindowtintinglaw/,"informational,commercial","ai_overview,people_also_ask,carousel,related_searches,images",70,0,,67,0,0.01,LOW,808000,2025-12-15 12:41:30 +00:00,,,,,,383.00,15.30,0.80,0.80,1.10,0.50,,
window tint cornwall,https://mrtint.ca/,"commercial,navigational","local_pack,people_also_ask,related_searches,images",70,0,0.08,67,0,0.22,LOW,297000,2025-12-01 14:30:16 +00:00,409.00,363.00,107.00,94.00,397.00,443.60,8.00,0.30,0.30,0.50,0.20,,
what tint is legal,https://mrtint.ca/ontariowindowtintinglaw/,informational,"ai_overview,people_also_ask,related_searches,images",40,0,,67,0,0.00,LOW,50100000,2025-11-11 01:31:03 +00:00,,,,,,316.50,46.90,10.20,9.90,13.60,10.70,,
top tier auto tinting,https://mrtint.ca/,"navigational,commercial","discussions_and_forums,people_also_ask,people_also_search,related_searches,google_reviews,knowledge_graph",30,0,0.99,67,0,0.23,LOW,822000,2025-11-11 01:51:55 +00:00,409.00,363.00,107.00,94.00,397.00,504.40,14.40,6.00,5.90,6.60,4.70,0.78,2.06
window tinting rules,https://mrtint.ca/ontariowindowtintinglaw/,"commercial,navigational","ai_overview,people_also_ask,video,people_also_search,related_searches,images",320,0,0.88,68,0,0.04,LOW,1410000,2025-11-23 13:20:22 +00:00,,,,,,243.80,58.60,10.60,10.30,14.00,11.00,,
window tint orangeville,https://mrtint.ca/,"commercial,navigational","local_pack,people_also_ask,popular_products,related_searches,images",90,0,2.01,68,0,0.46,MEDIUM,29900,2025-12-20 16:12:28 +00:00,409.00,363.00,107.00,94.00,397.00,370.40,10.90,8.90,8.90,10.00,7.30,0.84,2.33
window tints home depot,https://mrtint.ca/,"commercial,transactional","people_also_ask,video,popular_products,people_also_search,related_searches,images",90,5,0.23,68,0,1.00,HIGH,156000,2025-11-09 16:37:19 +00:00,409.00,363.00,107.00,94.00,397.00,618.40,68.40,32.30,31.70,55.30,34.00,,
30 percent window tint,https://mrtint.ca/,transactional,"images,people_also_ask,video,discussions_and_forums,popular_products,related_searches",70,0,0.18,68,0,0.74,HIGH,6080000,2025-10-24 12:22:58 +00:00,589.00,538.00,133.00,119.00,577.00,,,,,,,0.48,1.81
window tinting darkness,https://mrtint.ca/what-can-happen-if-you-tint-your-windows-too-dark-in-your-car/,commercial,"ai_overview,images,people_also_ask,video,related_searches",70,0,0.40,68,0,0.76,HIGH,4440000,2025-11-09 16:38:24 +00:00,,,,,,300.60,42.30,9.10,9.00,12.20,7.60,0.17,2.30
window tint saint john,https://mrtint.ca/,"commercial,transactional","local_pack,people_also_ask,related_searches,images",50,0,0.90,68,0,0.51,MEDIUM,3510000,2025-11-11 01:11:09 +00:00,409.00,363.00,107.00,94.00,397.00,317.40,12.00,4.60,4.40,5.90,3.90,0.54,1.24
window tinting st thomas,https://mrtint.ca/,"commercial,navigational","local_pack,people_also_ask,related_searches",50,0,1.65,68,0,0.35,MEDIUM,1570000,2025-10-01 19:05:23 +00:00,409.00,363.00,107.00,94.00,397.00,449.10,8.30,5.90,5.80,7.70,5.00,,
wrap car toronto,https://mrtint.ca/car-wrapping/,"commercial,navigational","people_also_search,people_also_ask,related_searches",1300,13,2.93,69,2,0.61,MEDIUM,16300000,2025-11-07 05:40:16 +00:00,,,,,,189.80,138.30,38.90,37.00,107.00,86.30,0.72,3.56
window tint brampton,https://mrtint.ca/,"commercial,navigational","local_pack,people_also_ask,people_also_search,related_searches,images",720,0,3.06,69,1,0.74,HIGH,311000,2025-12-07 05:07:26 +00:00,409.00,363.00,107.00,94.00,397.00,281.60,69.30,20.00,18.90,47.80,40.10,0.78,3.03
kelowna window tint,https://mrtint.ca/,"commercial,navigational","local_pack,people_also_search,related_searches,images",480,0,5.88,69,1,0.77,HIGH,196000,2025-11-07 08:24:50 +00:00,409.00,363.00,107.00,94.00,397.00,192.10,32.80,16.50,16.10,21.70,13.30,1.08,5.23
brantford window tinting,https://mrtint.ca/,"commercial,navigational","local_pack,people_also_ask,related_searches",210,0,2.14,69,0,0.88,HIGH,17400,2025-11-24 14:25:50 +00:00,409.00,363.00,107.00,94.00,397.00,441.20,2.20,0.30,0.30,0.40,0.20,0.85,2.37
car window tinting mississauga,https://mrtint.ca/,"commercial,navigational","local_pack,people_also_search,people_also_ask,related_searches,images",170,0,2.27,69,0,0.23,LOW,107000,2025-12-18 12:31:31 +00:00,409.00,363.00,107.00,94.00,397.00,215.20,79.50,23.50,22.40,67.90,57.80,0.96,3.44
window film auto,https://mrtint.ca/,"transactional,navigational","popular_products,local_pack,video,related_searches,images",170,0,1.07,69,0,0.98,HIGH,150000000,2025-11-25 13:50:06 +00:00,409.00,363.00,107.00,94.00,397.00,331.60,64.60,21.70,21.10,49.70,36.10,0.59,1.99
ace tint,https://mrtint.ca/,"navigational,commercial","local_pack,people_also_ask,video,related_searches,images",110,0,,69,0,0.23,LOW,7980000,2025-11-30 11:44:33 +00:00,409.00,363.00,107.00,94.00,397.00,411.60,14.80,10.20,10.00,12.80,6.30,0.77,3.80
window tinting laws canada,https://mrtint.ca/window-tinting-laws/,"navigational,transactional,commercial","ai_overview,people_also_ask,video,carousel,related_searches,images",110,4,,69,0,0.00,LOW,140000,2025-11-28 02:01:27 +00:00,,,,,,294.80,76.90,12.40,12.00,16.90,13.60,,
legal limit for tinting car windows,https://mrtint.ca/ontariowindowtintinglaw/,"commercial,transactional","ai_overview,people_also_ask,related_searches,images",90,0,,69,0,0.01,LOW,699000,2025-11-10 07:49:00 +00:00,,,,,,205.80,41.80,10.00,9.70,12.70,9.80,,
legal tint percentage,https://mrtint.ca/ontariowindowtintinglaw/,informational,"ai_overview,people_also_ask,images,related_searches",90,0,,69,0,0.02,LOW,2350000,2025-11-10 07:47:55 +00:00,,,,,,290.70,51.00,10.00,9.70,12.70,9.80,,
tinted windows shops,https://mrtint.ca/,"navigational,transactional,commercial","local_pack,people_also_ask,popular_products,related_searches",90,0,4.60,69,0,0.22,LOW,18000000,2025-10-20 05:10:34 +00:00,409.00,363.00,107.00,94.00,397.00,334.20,46.80,6.80,6.60,579.40,573.10,0.93,2.29
electric tint for cars,https://mrtint.ca/,"transactional,commercial","popular_products,video,people_also_ask,related_searches,images",70,0,1.05,69,0,0.97,HIGH,38600000,2025-12-02 21:20:03 +00:00,409.00,363.00,107.00,94.00,397.00,556.50,41.30,17.20,16.70,26.30,17.10,0.32,1.62
car tinted windows near me,https://mrtint.ca/,transactional,"local_pack,people_also_ask,people_also_search,related_searches,images",12100,0,2.68,70,25,0.45,MEDIUM,34400000,2025-11-03 23:39:26 +00:00,409.00,363.00,107.00,94.00,397.00,185.90,23.10,14.50,14.10,22.00,13.00,0.93,3.01
ontario car tinting laws,https://mrtint.ca/ontariowindowtintinglaw/,"informational,navigational,commercial","ai_overview,people_also_ask,video,images,related_searches",1300,0,1.33,70,2,0.02,LOW,283000,2025-11-02 09:52:16 +00:00,,,,,,278.20,53.10,2.90,2.90,3.90,3.10,0.80,2.13
window tinting vaughan,https://mrtint.ca/,"commercial,navigational","local_pack,people_also_ask,related_searches,images",320,0,2.65,70,0,0.58,MEDIUM,103000,2025-11-21 13:02:54 +00:00,409.00,363.00,107.00,94.00,397.00,151.70,87.80,43.70,42.00,85.00,61.60,0.89,2.88
car tint halifax,https://mrtint.ca/,"commercial,navigational","local_pack,people_also_ask,people_also_search,related_searches,images",260,0,5.88,70,0,0.55,MEDIUM,369000,2025-11-24 14:22:59 +00:00,409.00,363.00,107.00,94.00,397.00,305.70,15.00,6.10,5.80,10.60,9.00,1.42,8.15
east coast tinting,https://mrtint.ca/,"navigational,commercial","people_also_ask,related_searches,knowledge_graph,google_reviews,third_party_reviews,images",260,0,,70,0,0.00,LOW,917000,2025-11-14 06:15:28 +00:00,409.00,363.00,107.00,94.00,397.00,534.90,15.40,5.40,5.20,6.00,4.20,,
limousine window tint,https://mrtint.ca/,"navigational,commercial","ai_overview,video,people_also_ask,popular_products,images,people_also_search,related_searches",170,0,1.06,70,0,0.76,HIGH,599000,2025-11-26 04:18:57 +00:00,409.00,363.00,107.00,94.00,397.00,445.50,36.90,20.30,19.70,49.60,36.80,0.30,2.18
window tint cambridge,https://mrtint.ca/,"commercial,transactional","local_pack,people_also_ask,related_searches,images",170,0,3.23,70,0,0.87,HIGH,965000,2025-12-13 20:36:40 +00:00,409.00,363.00,107.00,94.00,397.00,190.30,49.80,27.70,27.20,43.30,34.60,0.74,3.03
wrap whole car,https://mrtint.ca/car-wrapping/,"commercial,transactional","popular_products,people_also_ask,video,related_searches,images",140,0,2.02,70,0,0.85,HIGH,142000000,2025-11-26 16:06:50 +00:00,,,,,,289.50,32.20,1.10,1.10,2.00,1.50,0.73,2.16
window tinting laws bc,https://mrtint.ca/window-tinting-laws/,"commercial,navigational","ai_overview,people_also_ask,video,carousel,related_searches,images",110,0,,70,0,0.02,LOW,61500,2025-12-19 17:00:13 +00:00,,,,,,329.70,50.50,6.00,5.50,21.20,12.60,,
electric car window tint,https://mrtint.ca/,transactional,"video,popular_products,people_also_ask,discussions_and_forums,related_searches,images",90,0,0.47,70,0,0.99,HIGH,15300000,2025-12-02 21:25:08 +00:00,409.00,363.00,107.00,94.00,397.00,501.10,35.30,12.40,12.00,20.90,13.30,0.25,1.40
how to headlight tint,https://mrtint.ca/tail-light-tinting/,transactional,"people_also_ask,carousel,related_searches",50,0,0.38,70,0,0.87,HIGH,10800000,2025-11-02 02:38:33 +00:00,,,,,,701.60,0.30,0.30,0.30,0.30,0.10,,
window tinting options,https://mrtint.ca/,"commercial,navigational","ai_overview,images,people_also_ask,video,discussions_and_forums,local_pack,related_searches",50,3,1.34,70,0,0.38,MEDIUM,5340000,2025-10-24 18:11:08 +00:00,409.00,363.00,107.00,94.00,397.00,294.10,83.70,16.70,16.10,48.70,38.10,0.80,1.75
tinting headlights legal,https://mrtint.ca/tail-light-tinting/,transactional,"ai_overview,people_also_ask,video,related_searches,images",40,0,,70,0,0.61,MEDIUM,467000,2025-10-26 14:33:25 +00:00,,,,,,376.00,13.90,0.80,0.80,0.90,0.90,,
what is legal tint,https://mrtint.ca/ontariowindowtintinglaw/,commercial,"ai_overview,people_also_ask,images,related_searches",40,0,,70,0,0.00,LOW,49500000,2025-11-11 01:37:07 +00:00,,,,,,276.30,44.20,10.10,9.80,12.80,9.90,,
vehicle tint near me,https://mrtint.ca/,"transactional,navigational","local_pack,people_also_ask,related_searches",12100,0,2.68,71,25,0.45,MEDIUM,25900000,2025-11-02 08:03:51 +00:00,409.00,363.00,107.00,94.00,397.00,182.90,88.80,23.40,22.40,45.90,19.50,0.93,3.01
window tinting brampton,https://mrtint.ca/,"commercial,navigational","local_pack,people_also_ask,related_searches,images",720,0,3.06,71,1,0.74,HIGH,385000,2025-11-18 16:17:24 +00:00,409.00,363.00,107.00,94.00,397.00,253.10,47.00,0.70,0.70,2.10,1.50,0.78,3.03
window tinting windsor ontario,https://mrtint.ca/,"commercial,navigational","local_pack,people_also_ask,related_searches,images",480,0,2.46,71,1,0.63,MEDIUM,121000,2025-11-22 04:11:23 +00:00,409.00,363.00,107.00,94.00,397.00,265.70,78.00,30.70,30.10,46.30,33.20,1.24,2.54
that tint guy,https://mrtint.ca/,"commercial,navigational","people_also_ask,related_searches,third_party_reviews,google_reviews,knowledge_graph,images",390,0,1.70,71,0,0.03,LOW,44700000,2025-11-22 12:27:04 +00:00,409.00,363.00,107.00,94.00,397.00,660.40,18.50,17.50,17.20,23.00,13.40,,
tinted windows legal,https://mrtint.ca/ontariowindowtintinglaw/,"commercial,transactional","ai_overview,people_also_ask,related_searches,images",320,0,0.88,71,0,0.04,LOW,5760000,2025-11-22 23:13:34 +00:00,,,,,,339.80,52.00,10.30,10.00,13.00,10.00,,
30 percent tint,https://mrtint.ca/pricing/,"transactional,commercial","images,people_also_ask,video,popular_products,related_searches",210,0,0.15,71,0,0.27,LOW,27200000,2025-11-25 13:10:30 +00:00,2.00,0.00,2.00,2.00,2.00,510.90,11.90,0.60,0.60,0.60,0.40,,
mobile tinting near me,https://mrtint.ca/,"navigational,commercial","local_pack,people_also_ask,people_also_search,related_searches,images",110,0,3.06,71,0,0.75,HIGH,6380000,2025-11-27 05:54:15 +00:00,409.00,363.00,107.00,94.00,397.00,218.70,48.00,7.20,6.80,13.90,6.70,0.76,2.97
window tint laws canada,https://mrtint.ca/window-tinting-laws/,"transactional,navigational,commercial","ai_overview,people_also_ask,carousel,related_searches,images",110,0,,71,0,0.00,LOW,1180000,2025-12-19 17:11:07 +00:00,,,,,,271.80,70.50,9.80,9.60,13.40,10.20,,
tinting car windows legal limit,https://mrtint.ca/ontariowindowtintinglaw/,"commercial,informational,transactional","ai_overview,people_also_ask,related_searches,images",90,0,,71,0,0.01,LOW,441000,2025-11-09 19:27:58 +00:00,,,,,,289.20,49.00,10.30,10.00,13.30,10.00,,
window tinting dartmouth,https://mrtint.ca/,"commercial,navigational","local_pack,people_also_ask,people_also_search,related_searches,images",70,0,3.97,71,0,0.74,HIGH,161000,2025-11-09 16:37:13 +00:00,409.00,363.00,107.00,94.00,397.00,148.40,45.00,15.70,15.10,23.00,14.70,0.77,4.59
car tinting brampton,https://mrtint.ca/,"commercial,navigational","local_pack,discussions_and_forums,people_also_ask,related_searches,images",720,3,3.06,72,1,0.74,HIGH,176000,2025-11-18 17:04:57 +00:00,409.00,363.00,107.00,94.00,397.00,344.30,90.70,20.00,18.90,47.80,40.10,0.78,3.03
window tint rules,https://mrtint.ca/ontariowindowtintinglaw/,"commercial,transactional","ai_overview,people_also_ask,images,video,people_also_search,related_searches",320,0,0.88,72,0,0.04,LOW,7610000,2025-11-23 13:08:51 +00:00,,,,,,250.40,61.00,10.70,10.40,14.10,11.10,,
cutting edge window tint,https://mrtint.ca/,transactional,"local_pack,video,discussions_and_forums,popular_products,people_also_ask,related_searches,images",140,0,0.10,72,0,0.03,LOW,4440000,2025-11-09 11:49:28 +00:00,409.00,363.00,107.00,94.00,397.00,584.20,45.70,23.10,22.60,49.90,22.70,,
hamilton tinting,https://mrtint.ca/,"navigational,commercial","local_pack,people_also_ask,related_searches,images",140,0,2.02,72,0,0.70,HIGH,4580000,2025-11-27 10:52:39 +00:00,409.00,363.00,107.00,94.00,397.00,179.90,90.90,23.00,20.80,66.40,53.10,1.16,3.05
legal tint limit,https://mrtint.ca/ontariowindowtintinglaw/,"commercial,informational","ai_overview,people_also_ask,video,related_searches,images",110,0,,72,0,0.02,LOW,4810000,2025-11-09 10:02:21 +00:00,,,,,,326.30,45.60,10.20,9.90,13.60,10.70,,
window tint colour,https://mrtint.ca/ontariowindowtintinglaw/,commercial,"ai_overview,images,people_also_ask,video,popular_products,related_searches",110,0,0.57,72,0,0.96,HIGH,14700000,2025-12-19 17:00:29 +00:00,,,,,,211.40,54.40,32.40,32.00,61.00,36.00,0.46,1.41
50 tint on front windows,https://mrtint.ca/ontariowindowtintinglaw/,"commercial,transactional","video,people_also_ask,images,related_searches",70,0,0.19,72,0,0.33,LOW,11000000,2025-10-24 11:39:06 +00:00,,,,,,563.50,3.00,0.20,0.20,0.20,0.00,0.66,2.14
tinting orangeville,https://mrtint.ca/,"navigational,commercial","local_pack,people_also_ask,related_searches,images",50,0,1.99,72,0,0.30,LOW,46200,2025-11-13 01:27:14 +00:00,409.00,363.00,107.00,94.00,397.00,359.70,16.60,10.80,10.70,12.10,9.50,1.04,3.72
window tinting mississauga,https://mrtint.ca/,"commercial,navigational","people_also_ask,related_searches,images",590,4,2.60,73,1,0.58,MEDIUM,381000,2025-12-11 04:07:18 +00:00,409.00,363.00,107.00,94.00,397.00,239.10,104.90,30.70,28.90,67.10,50.30,0.95,3.27
window tinting kelowna,https://mrtint.ca/,"commercial,navigational","local_pack,people_also_ask,related_searches",480,0,4.57,73,1,0.77,HIGH,252000,2025-11-22 04:11:34 +00:00,409.00,363.00,107.00,94.00,397.00,102.60,53.60,20.80,20.30,28.90,18.50,1.02,5.76
window tinting cambridge,https://mrtint.ca/,"commercial,navigational","local_pack,people_also_ask,related_searches,images",170,0,3.23,73,0,0.87,HIGH,1120000,2025-12-17 09:14:54 +00:00,409.00,363.00,107.00,94.00,397.00,190.30,49.80,28.60,28.20,44.80,36.20,0.74,3.03
window tinting in kingston ontario,https://mrtint.ca/,"commercial,navigational","local_pack,people_also_ask,related_searches",140,0,2.37,73,0,0.73,HIGH,249000,2025-12-19 09:18:27 +00:00,409.00,363.00,107.00,94.00,397.00,284.20,53.50,8.50,8.20,10.80,7.50,1.02,4.76
car wrapper job,https://mrtint.ca/car-wrapping/,commercial,"jobs,people_also_ask,discussions_and_forums,related_searches",110,0,0.04,73,0,0.03,LOW,28900000,2025-11-30 08:23:03 +00:00,,,,,,,,,,,,0.02,0.06
house tinting,https://mrtint.ca/residential-tinting/,"navigational,commercial","local_pack,people_also_ask,video,related_searches,images",110,0,0.49,73,0,0.60,MEDIUM,145000000,2025-11-08 05:34:09 +00:00,,,,,,334.50,49.60,22.20,22.10,43.90,31.50,0.73,4.08
window tint exemption ontario,https://mrtint.ca/ontariowindowtintinglaw/,"commercial,navigational,informational","people_also_ask,people_also_search,related_searches,images",110,0,0.92,73,0,0.01,LOW,27300,2025-11-28 02:01:17 +00:00,,,,,,472.00,32.10,2.70,2.60,8.10,4.60,,
red tinted windows,https://mrtint.ca/,commercial,"images,people_also_ask,video,popular_products,related_searches",90,0,0.23,73,0,0.57,MEDIUM,42900000,2025-11-10 00:06:34 +00:00,409.00,363.00,107.00,94.00,397.00,472.00,27.00,12.20,11.80,37.60,30.80,0.45,2.16
window tint st john's,https://mrtint.ca/,"commercial,navigational","local_pack,people_also_ask,related_searches,images",90,0,1.49,73,0,0.34,MEDIUM,3920000,2025-11-30 13:40:41 +00:00,409.00,363.00,107.00,94.00,397.00,401.50,16.90,9.50,9.10,13.40,9.60,,
window tinting services & auto glass,https://mrtint.ca/,"navigational,commercial","people_also_ask,people_also_search,related_searches,google_reviews,knowledge_graph",70,2,3.68,73,0,0.08,LOW,8360000,2025-11-12 21:01:40 +00:00,409.00,363.00,107.00,94.00,397.00,230.20,84.70,32.70,31.80,58.50,40.10,1.54,3.02
tint wraps,https://mrtint.ca/car-wrapping/,"transactional,commercial","local_pack,popular_products,video,related_searches",50,0,1.50,73,0,0.95,HIGH,9090000,2025-10-21 17:47:03 +00:00,,,,,,255.50,69.60,36.40,35.80,107.10,91.60,0.48,2.76
chameleon tints,https://mrtint.ca/,"commercial,navigational","people_also_ask,popular_products,video,related_searches,images",590,0,0.58,74,1,0.89,HIGH,2820000,2025-11-09 00:52:12 +00:00,409.00,363.00,107.00,94.00,397.00,,,,,,,0.55,1.83
tint masters,https://mrtint.ca/,"navigational,commercial","local_pack,people_also_ask,related_searches,images",260,0,4.31,74,0,0.18,LOW,5870000,2025-11-24 02:33:27 +00:00,409.00,363.00,107.00,94.00,397.00,357.20,44.10,16.80,16.30,20.40,13.60,1.02,3.97
tinted windshield,https://mrtint.ca/,"transactional,commercial","people_also_ask,video,images,popular_products,people_also_search,related_searches",210,0,1.19,74,0,0.69,HIGH,18000000,2025-12-13 18:17:47 +00:00,409.00,363.00,107.00,94.00,397.00,340.90,29.30,3.20,3.10,7.70,4.60,1.05,2.98
car window tinting in brampton,https://mrtint.ca/pricing/,"commercial,navigational","local_pack,people_also_ask,people_also_search,related_searches",110,0,2.33,74,0,0.93,HIGH,77500,2025-12-20 13:54:40 +00:00,3.00,1.00,3.00,3.00,3.00,296.00,77.10,20.80,19.60,51.10,42.40,0.91,3.41
window tinting shops,https://mrtint.ca/,"navigational,commercial","local_pack,people_also_ask,related_searches",90,10,4.60,74,0,0.22,LOW,2670000,2025-10-20 01:31:06 +00:00,409.00,363.00,107.00,94.00,397.00,190.30,139.40,40.80,38.30,697.00,677.50,0.93,2.29
car tint barrie,https://mrtint.ca/,"commercial,navigational","local_pack,people_also_ask,related_searches,images",590,0,2.35,75,1,0.84,HIGH,251000,2025-12-12 10:50:21 +00:00,409.00,363.00,107.00,94.00,397.00,222.60,49.90,34.60,31.80,102.60,85.10,0.77,2.40
car tint kitchener,https://mrtint.ca/,commercial,"local_pack,people_also_ask,people_also_search,related_searches,images",320,0,1.79,75,0,0.94,HIGH,170000,2025-11-22 23:49:51 +00:00,409.00,363.00,107.00,94.00,397.00,177.90,48.00,11.50,11.20,19.90,11.20,0.70,2.87
tinting in brampton,https://mrtint.ca/pricing/,navigational,"local_pack,people_also_ask,people_also_search,related_searches,images",320,0,2.33,75,0,0.80,HIGH,729000,2025-12-13 03:09:16 +00:00,3.00,1.00,3.00,3.00,3.00,201.10,55.60,20.20,19.10,48.10,40.20,0.64,3.14
dark side tinting,https://mrtint.ca/,"commercial,informational","local_pack,video,people_also_ask,related_searches,images",170,0,,75,0,0.03,LOW,6510000,2025-11-26 09:20:01 +00:00,409.00,363.00,107.00,94.00,397.00,417.20,51.00,20.40,19.80,28.30,16.80,,
markham tint,https://mrtint.ca/,"commercial,navigational","local_pack,people_also_ask,related_searches,images",170,0,2.45,75,0,0.74,HIGH,470000,2025-12-18 04:23:13 +00:00,409.00,363.00,107.00,94.00,397.00,284.90,29.20,10.60,10.00,20.60,6.20,0.94,2.92
ace tinting,https://mrtint.ca/,"navigational,commercial","local_pack,people_also_ask,related_searches,images",110,0,,75,0,0.23,LOW,8500000,2025-11-30 11:43:57 +00:00,409.00,363.00,107.00,94.00,397.00,459.30,14.80,10.20,10.00,12.80,6.30,0.77,3.80
is 5 tint legal in ontario,https://mrtint.ca/ontariowindowtintinglaw/,"informational,commercial","ai_overview,people_also_ask,carousel,related_searches,images",110,0,,75,0,0.00,LOW,997000,2025-11-28 15:54:41 +00:00,,,,,,383.80,15.90,0.80,0.80,1.30,0.70,,
legal limit for window tint,https://mrtint.ca/ontariowindowtintinglaw/,transactional,"ai_overview,people_also_ask,video,related_searches,images",90,0,,75,0,0.01,LOW,1980000,2025-11-10 07:47:57 +00:00,,,,,,242.00,59.40,10.60,10.30,14.30,11.40,,
quality tints,https://mrtint.ca/,"navigational,commercial","local_pack,people_also_ask,related_searches,images",70,6,2.14,75,0,0.29,LOW,12500000,2025-11-11 03:31:03 +00:00,409.00,363.00,107.00,94.00,397.00,370.30,99.70,36.10,34.60,89.30,71.90,,
tint for truck,https://mrtint.ca/,commercial,"local_pack,popular_products,people_also_ask,images,related_searches",50,0,3.56,75,0,0.91,HIGH,24800000,2025-10-26 14:33:27 +00:00,409.00,363.00,107.00,94.00,397.00,451.40,20.50,10.40,10.40,11.90,1.80,0.89,3.26
window tint levels car,https://mrtint.ca/ontariowindowtintinglaw/,"commercial,transactional","ai_overview,images,video,popular_products,related_searches",50,0,1.04,75,0,0.52,MEDIUM,19900000,2025-10-24 18:11:16 +00:00,,,,,,263.60,3.00,0.20,0.20,0.20,0.00,0.30,2.10
30 window tint,https://mrtint.ca/,"transactional,commercial","images,people_also_ask,video,popular_products,discussions_and_forums,related_searches",480,0,0.70,76,1,0.57,MEDIUM,48000000,2025-11-22 10:56:56 +00:00,589.00,538.00,133.00,119.00,577.00,,,,,,,0.54,3.02
window tinting kitchener,https://mrtint.ca/,"commercial,navigational","local_pack,people_also_ask,people_also_search,video,related_searches,images",320,2,1.79,76,0,0.94,HIGH,169000,2025-10-13 02:19:23 +00:00,409.00,363.00,107.00,94.00,397.00,206.10,100.60,41.80,41.00,66.30,48.30,0.70,2.87
car window tint mississauga,https://mrtint.ca/,"commercial,navigational","local_pack,people_also_ask,related_searches,images",170,7,2.27,76,0,0.23,LOW,231000,2025-11-29 21:20:00 +00:00,409.00,363.00,107.00,94.00,397.00,219.60,120.90,25.70,24.10,70.60,57.20,0.96,3.44
window tinting milton,https://mrtint.ca/,"commercial,navigational","local_pack,people_also_ask,related_searches,images",90,0,4.82,76,0,0.98,HIGH,859000,2025-11-29 00:07:05 +00:00,409.00,363.00,107.00,94.00,397.00,143.30,2.80,0.10,0.10,0.10,0.10,1.16,3.56
window tinting orangeville,https://mrtint.ca/,"commercial,navigational","local_pack,people_also_ask,related_searches,images",90,0,2.01,76,0,0.46,MEDIUM,36800,2025-12-20 16:11:42 +00:00,409.00,363.00,107.00,94.00,397.00,342.00,10.90,8.90,8.90,10.00,7.30,0.84,2.33
window tint 5 percent,https://mrtint.ca/pricing/,"transactional,commercial","images,people_also_ask,popular_products,discussions_and_forums,related_searches",40,0,0.55,76,0,0.86,HIGH,5440000,2025-10-24 18:11:16 +00:00,3.00,1.00,3.00,3.00,3.00,,,,,,,0.35,0.86
car wrapping how much,https://mrtint.ca/car-wrapping/,"commercial,informational","ai_overview,people_also_ask,popular_products,video,related_searches,images",1300,0,2.07,77,2,0.45,MEDIUM,57000000,2025-11-08 18:18:19 +00:00,,,,,,308.40,73.90,12.00,11.70,36.70,30.40,0.61,1.78
window tinting barrie,https://mrtint.ca/,"commercial,navigational","local_pack,people_also_ask,people_also_search,related_searches",590,0,2.35,77,1,0.84,HIGH,253000,2025-11-08 23:17:27 +00:00,409.00,363.00,107.00,94.00,397.00,223.30,52.90,34.60,31.80,102.60,85.10,0.77,2.40
window tinting newmarket,https://mrtint.ca/,"commercial,navigational","local_pack,people_also_ask,people_also_search,related_searches,images",210,0,2.52,77,0,0.81,HIGH,175000,2025-12-16 23:40:41 +00:00,409.00,363.00,107.00,94.00,397.00,208.60,27.00,4.40,4.30,6.40,2.30,1.00,3.06
auto tint whitby,https://mrtint.ca/,"commercial,navigational","local_pack,people_also_ask,people_also_search,related_searches",140,0,2.02,77,0,0.85,HIGH,61700,2025-11-07 15:55:42 +00:00,409.00,363.00,107.00,94.00,397.00,214.80,31.40,17.60,17.30,25.50,14.60,0.83,1.97
is 35 tint legal in ontario,https://mrtint.ca/ontariowindowtintinglaw/,"informational,commercial","ai_overview,people_also_ask,carousel,related_searches,images",140,0,,77,0,0.00,LOW,664000,2025-11-27 08:27:27 +00:00,,,,,,310.00,3.00,0.20,0.20,0.20,0.00,,
tint roll,https://mrtint.ca/,"transactional,commercial","popular_products,people_also_ask,video,images,related_searches",140,0,1.13,77,0,0.89,HIGH,35400000,2025-12-19 10:03:29 +00:00,409.00,363.00,107.00,94.00,397.00,401.60,28.60,17.00,16.80,21.10,4.80,0.47,1.43
why window tint is illegal,https://mrtint.ca/ontariowindowtintinglaw/,informational,"ai_overview,people_also_ask,related_searches,images",90,1,,77,0,0.00,LOW,2240000,2025-12-20 16:16:09 +00:00,,,,,,528.00,57.40,69.10,65.90,183.40,148.00,,
pro window tinting,https://mrtint.ca/,"navigational,commercial","local_pack,people_also_ask,popular_products,people_also_search,related_searches,images",70,0,2.17,77,0,0.72,HIGH,4440000,2025-10-03 19:37:22 +00:00,409.00,363.00,107.00,94.00,397.00,,,,,,,0.80,2.17
30 tinted windows,https://mrtint.ca/pricing/,"commercial,transactional","images,people_also_ask,video,discussions_and_forums,popular_products,related_searches",390,0,0.26,78,0,0.60,MEDIUM,39400000,2025-11-22 10:52:51 +00:00,2.00,0.00,2.00,2.00,2.00,362.20,11.90,0.60,0.60,0.60,0.40,0.51,1.54
window tint kitchener,https://mrtint.ca/,"commercial,navigational","local_pack,people_also_ask,related_searches,images",320,0,1.79,78,0,0.94,HIGH,130000,2025-12-13 01:35:45 +00:00,409.00,363.00,107.00,94.00,397.00,186.40,54.60,34.60,33.90,57.70,43.10,0.70,2.87
peterborough window tint,https://mrtint.ca/,"commercial,navigational","local_pack,people_also_ask,popular_products,related_searches,images",210,0,1.48,78,0,0.56,MEDIUM,157000,2025-11-01 18:56:38 +00:00,409.00,363.00,107.00,94.00,397.00,441.50,28.50,1.30,1.30,1.70,1.30,0.84,2.21
car window tint do it yourself,https://mrtint.ca/product-tag/full-car-tint-kits/,transactional,"ai_overview,video,people_also_ask,carousel,discussions_and_forums,related_searches",70,0,0.32,78,0,0.95,HIGH,8360000,2025-10-23 16:57:03 +00:00,,,,,,577.30,34.90,9.80,8.90,22.40,16.40,0.15,0.72
window tinting durham,https://mrtint.ca/,"commercial,navigational","people_also_ask,people_also_search,related_searches,google_reviews,knowledge_graph",50,2,4.38,78,0,0.35,MEDIUM,565000,2025-10-24 18:11:06 +00:00,409.00,363.00,107.00,94.00,397.00,233.30,97.80,24.70,24.00,46.90,22.80,1.21,2.79
luminous tint,https://mrtint.ca/,transactional,"people_also_ask,popular_products,images,related_searches",210,0,2.85,79,0,0.06,LOW,13800000,2025-11-25 01:39:20 +00:00,409.00,363.00,107.00,94.00,397.00,713.10,19.40,0.20,0.20,0.20,0.20,,
window tint 30 percent,https://mrtint.ca/,transactional,"images,people_also_ask,video,discussions_and_forums,popular_products,related_searches",70,0,0.18,79,0,0.74,HIGH,4710000,2025-12-01 14:30:19 +00:00,409.00,363.00,107.00,94.00,397.00,,,,,,,0.48,1.81
tint door glass,https://mrtint.ca/pricing/,"transactional,commercial","people_also_ask,popular_products,video,images,related_searches",50,0,0.60,79,0,1.00,HIGH,21900000,2025-10-26 14:33:36 +00:00,3.00,1.00,3.00,3.00,3.00,419.30,44.40,29.20,28.80,37.10,16.90,0.59,3.98
tint markham,https://mrtint.ca/,"commercial,navigational","local_pack,people_also_ask,related_searches",170,0,2.45,80,0,0.74,HIGH,476000,2025-10-14 23:45:53 +00:00,409.00,363.00,107.00,94.00,397.00,229.50,56.20,25.40,24.40,42.90,20.20,0.94,2.92
window tint alberta legal,https://mrtint.ca/window-tinting-laws/,"commercial,navigational","featured_snippet,people_also_ask,video,carousel,local_pack,related_searches,images",170,0,,80,0,0.02,LOW,533000,2025-11-12 04:19:43 +00:00,,,,,,315.30,46.10,3.10,3.00,4.30,3.80,,
tint kit,https://mrtint.ca/,"transactional,commercial","popular_products,people_also_ask,video,images,related_searches,knowledge_graph",90,0,0.81,80,0,1.00,HIGH,30500000,2025-11-12 13:46:19 +00:00,409.00,363.00,107.00,94.00,397.00,432.40,13.00,0.20,0.20,0.40,0.40,0.23,1.17
window tint legal limit,https://mrtint.ca/ontariowindowtintinglaw/,"transactional,commercial","ai_overview,people_also_ask,related_searches,images",90,0,,80,0,0.01,LOW,2080000,2025-11-30 13:40:53 +00:00,,,,,,282.60,46.90,10.20,9.90,13.60,10.70,,
window tinting london,https://mrtint.ca/,"navigational,commercial","local_pack,people_also_ask,people_also_search,related_searches,images",90,0,2.62,80,0,0.49,MEDIUM,8790000,2025-09-28 11:30:52 +00:00,409.00,363.00,107.00,94.00,397.00,169.10,68.80,24.80,23.90,33.90,19.00,1.01,2.63
woodstock window tinting,https://mrtint.ca/,"navigational,commercial","local_pack,people_also_ask,related_searches",90,0,1.78,80,0,0.67,HIGH,197000,2025-11-09 16:29:51 +00:00,409.00,363.00,107.00,94.00,397.00,296.00,8.70,5.10,4.80,6.20,4.30,0.68,3.74
all-brite glass & tint home and business,https://mrtint.ca/,transactional,"local_pack,video,related_searches",70,0,,80,0,0.03,LOW,60800,2025-11-03 00:33:11 +00:00,409.00,363.00,107.00,94.00,397.00,642.90,23.10,23.90,23.40,38.80,32.30,,
tint shop brampton,https://mrtint.ca/,"commercial,navigational","local_pack,people_also_ask,people_also_search,related_searches",50,0,1.11,80,0,0.84,HIGH,583000,2025-10-26 14:32:32 +00:00,409.00,363.00,107.00,94.00,397.00,353.40,76.50,20.20,19.10,48.10,40.20,0.74,3.22
what percent of tint is legal,https://mrtint.ca/ontariowindowtintinglaw/,informational,"ai_overview,people_also_ask,images,related_searches",50,0,,80,0,0.01,LOW,3850000,2025-10-24 21:06:17 +00:00,,,,,,416.40,48.60,10.30,10.00,13.70,10.80,,
pro tints,https://mrtint.ca/,"navigational,commercial","local_pack,people_also_ask,popular_products,related_searches,images",590,0,3.08,81,1,0.24,LOW,10500000,2025-11-08 23:34:21 +00:00,409.00,363.00,107.00,94.00,397.00,310.50,66.20,19.30,18.80,40.80,23.00,1.36,3.71
active tint,https://mrtint.ca/,"navigational,transactional","local_pack,video,popular_products,related_searches,images",390,0,2.33,81,0,0.19,LOW,64000000,2025-11-29 09:12:21 +00:00,409.00,363.00,107.00,94.00,397.00,,,,,,,0.51,1.51
window tint newmarket,https://mrtint.ca/,"commercial,navigational","local_pack,people_also_ask,people_also_search,related_searches,images",210,0,2.52,81,0,0.81,HIGH,110000,2025-12-16 23:43:15 +00:00,409.00,363.00,107.00,94.00,397.00,326.40,17.80,0.60,0.60,2.30,0.40,1.00,3.06
15 window tint,https://mrtint.ca/,transactional,"images,people_also_ask,video,popular_products,related_searches",140,0,0.27,81,0,0.80,HIGH,49000000,2025-11-28 01:23:44 +00:00,589.00,538.00,133.00,119.00,577.00,596.40,18.40,0.30,0.30,0.70,0.40,0.49,2.41
mobile auto tint near me,https://mrtint.ca/,"transactional,navigational","local_pack,people_also_ask,people_also_search,related_searches",140,0,3.22,81,0,0.62,MEDIUM,30800000,2025-11-27 05:55:20 +00:00,409.00,363.00,107.00,94.00,397.00,257.90,33.40,8.70,8.40,16.80,6.20,0.64,2.71
executive tinting,https://mrtint.ca/,"navigational,commercial","people_also_ask,related_searches,knowledge_graph,google_reviews,third_party_reviews,images",90,0,0.91,81,0,0.17,LOW,5090000,2025-11-10 14:17:26 +00:00,409.00,363.00,107.00,94.00,397.00,,,,,,,0.78,2.88
royal tint,https://mrtint.ca/,"commercial,navigational","local_pack,people_also_ask,people_also_search,related_searches,images",90,2,,81,0,0.04,LOW,27400000,2025-11-30 20:33:34 +00:00,409.00,363.00,107.00,94.00,397.00,472.20,68.40,8.00,7.90,25.70,17.50,,
40 tint,https://mrtint.ca/,"commercial,transactional","images,people_also_ask,popular_products,video,related_searches",70,0,0.76,81,0,0.54,MEDIUM,122000000,2025-10-24 11:59:13 +00:00,409.00,363.00,107.00,94.00,397.00,,,,,,,,
