Keyword,URL,Search Intents,SERP Features,Search Volume,Keyword Difficulty,CPC,Position,Organic Traffic,Competition,Competition Level,Results,SERP Updated At,Backlinks,Dofollow,Referring Domains,Referring Main Domains,Referring Pages,Avg Main Domain Rank,Avg Rank,Avg Referring Domains,Avg Referring Main Domains,Avg Backlinks,Avg Dofollow,Low Top Of Page Bid,High Top Of Page Bid
unique auto tinting & detailing,https://www.uniqueautoinc.ca/,"navigational,commercial","people_also_ask,people_also_search,related_searches,knowledge_graph,google_reviews,third_party_reviews",590,1,2.82,1,179,0.09,LOW,3060000,2025-11-20 06:50:52 +00:00,54.00,29.00,34.00,33.00,44.00,594.20,51.20,3.70,3.60,10.20,7.20,0.59,1.45
unique auto,https://www.uniqueautoinc.ca/,"navigational,commercial","local_pack,people_also_ask,people_also_search,related_searches,images",260,2,0.60,1,79,0.61,MEDIUM,1160000000,2025-11-09 03:36:59 +00:00,54.00,29.00,34.00,33.00,44.00,381.70,81.70,12.20,11.60,32.60,23.20,0.07,1.27
unique auto tint,https://www.uniqueautoinc.ca/,transactional,"people_also_ask,related_searches,third_party_reviews,google_reviews,knowledge_graph,people_also_search,images",260,2,3.09,1,79,0.11,LOW,60200000,2025-11-14 06:16:10 +00:00,54.00,29.00,34.00,33.00,44.00,608.90,54.40,3.80,3.70,10.50,7.20,0.99,2.69
unique auto tinting,https://www.uniqueautoinc.ca/,"navigational,commercial","people_also_ask,related_searches,knowledge_graph,google_reviews,third_party_reviews,people_also_search",260,3,3.09,1,79,0.11,LOW,9310000,2025-12-16 17:54:42 +00:00,54.00,29.00,34.00,33.00,44.00,652.50,54.40,3.70,3.60,10.80,7.90,0.99,2.69
car tint scarborough,https://www.uniqueautoinc.ca/,commercial,"local_pack,people_also_ask,people_also_search,related_searches",210,0,4.01,1,63,0.75,HIGH,294000,2025-12-17 06:32:51 +00:00,54.00,29.00,34.00,33.00,44.00,169.50,82.10,31.30,30.00,67.90,38.10,0.79,2.49
car tinting scarborough,https://www.uniqueautoinc.ca/,"commercial,navigational","local_pack,people_also_search,related_searches,images",210,4,4.01,1,63,0.75,HIGH,166000,2025-12-17 06:32:47 +00:00,54.00,29.00,34.00,33.00,44.00,182.00,110.30,41.60,39.10,105.20,74.90,0.79,2.49
unique auto service,https://www.uniqueautoinc.ca/,"navigational,commercial","local_pack,people_also_search,related_searches",170,0,1.54,1,51,0.13,LOW,719000000,2025-12-17 17:29:26 +00:00,54.00,29.00,34.00,33.00,44.00,360.70,63.10,6.50,6.40,13.80,9.40,0.52,1.01
unique auto services,https://www.uniqueautoinc.ca/,navigational,"people_also_search,related_searches,knowledge_graph,google_reviews",170,0,1.54,1,51,0.13,LOW,272000000,2025-11-06 14:42:30 +00:00,54.00,29.00,34.00,33.00,44.00,400.00,26.30,3.50,3.40,5.20,2.40,0.52,1.01
unique auto tinting & detailing reviews,https://www.uniqueautoinc.ca/reviews/,transactional,"ai_overview,related_searches,third_party_reviews,google_reviews,knowledge_graph,people_also_search",140,0,,1,42,0.01,LOW,2570000,2025-11-29 22:40:34 +00:00,,,,,,416.10,56.00,4.00,3.90,11.30,7.50,,
auto tints near me,https://www.uniqueautoinc.ca/,"navigational,transactional","local_pack,people_also_ask,people_also_search,related_searches,images",12100,3,2.93,2,1960,0.50,MEDIUM,6550000,2025-12-08 17:23:15 +00:00,54.00,29.00,34.00,33.00,44.00,159.50,97.90,27.20,26.60,47.80,31.20,0.94,3.38
window tinting automotive near me,https://www.uniqueautoinc.ca/,"navigational,transactional","local_pack,people_also_ask,related_searches",2900,0,2.41,2,469,0.49,MEDIUM,7170000,2025-12-09 23:14:19 +00:00,54.00,29.00,34.00,33.00,44.00,163.40,76.60,31.20,30.50,42.50,25.50,0.84,2.78
car tinting markham,https://www.uniqueautoinc.ca/,"commercial,navigational","local_pack,people_also_ask,related_searches,images",390,0,2.71,2,63,0.41,MEDIUM,134000,2025-11-11 16:38:32 +00:00,54.00,29.00,34.00,33.00,44.00,204.20,61.00,18.40,17.70,31.00,13.70,0.75,2.43
ceramic coat price,https://www.uniqueautoinc.ca/how-much-is-a-ceramic-coating/,"transactional,commercial","ai_overview,people_also_ask,discussions_and_forums,video,popular_products,related_searches,images",390,0,2.91,2,63,0.83,HIGH,35000000,2025-12-13 00:21:23 +00:00,,,,,,319.40,18.10,0.40,0.40,0.50,0.50,0.93,2.93
ceramic coating cost,https://www.uniqueautoinc.ca/how-much-is-a-ceramic-coating/,"commercial,transactional","ai_overview,people_also_ask,video,popular_products,related_searches,images",390,0,2.73,2,63,0.62,MEDIUM,40000000,2025-12-13 00:21:48 +00:00,,,,,,371.80,7.10,0.30,0.30,0.30,0.30,0.89,2.85
auto tint scarborough,https://www.uniqueautoinc.ca/,"commercial,navigational","local_pack,people_also_ask,related_searches",260,8,2.62,2,42,0.87,HIGH,186000,2025-11-12 04:12:07 +00:00,54.00,29.00,34.00,33.00,44.00,185.80,128.40,65.20,61.70,154.60,108.70,0.89,3.10
unique autos,https://www.uniqueautoinc.ca/,"navigational,commercial","local_pack,related_searches,images",260,0,0.60,2,42,0.61,MEDIUM,67000000,2025-11-24 02:24:44 +00:00,54.00,29.00,34.00,33.00,44.00,229.20,41.60,8.40,8.10,11.20,6.80,0.07,1.27
how much does ceramic coating cost,https://www.uniqueautoinc.ca/how-much-is-a-ceramic-coating/,"commercial,transactional","ai_overview,people_also_ask,video,popular_products,discussions_and_forums,related_searches,images",170,0,2.18,2,27,0.44,MEDIUM,57900000,2025-12-18 07:13:40 +00:00,,,,,,204.60,18.10,0.30,0.30,0.40,0.40,0.77,2.35
tint scarborough,https://www.uniqueautoinc.ca/,"commercial,navigational","local_pack,people_also_search,related_searches,images",170,6,3.20,2,27,0.82,HIGH,550000,2025-11-25 16:31:01 +00:00,54.00,29.00,34.00,33.00,44.00,176.80,119.90,56.10,53.00,136.60,102.40,0.78,2.68
tinting scarborough,https://www.uniqueautoinc.ca/,"navigational,commercial","local_pack,people_also_ask,related_searches",170,3,3.20,2,27,0.82,HIGH,665000,2025-11-12 05:53:41 +00:00,54.00,29.00,34.00,33.00,44.00,97.60,115.30,56.10,53.00,136.60,102.40,0.78,2.68
ceramic coating cost car,https://www.uniqueautoinc.ca/how-much-is-a-ceramic-coating/,"commercial,transactional","people_also_ask,discussions_and_forums,video,popular_products,related_searches,images",140,0,3.75,2,22,0.70,HIGH,23200000,2025-11-27 17:02:41 +00:00,,,,,,218.70,21.50,0.40,0.40,0.50,0.50,0.75,2.52
ceramic coating for cars cost,https://www.uniqueautoinc.ca/how-much-is-a-ceramic-coating/,"commercial,transactional","people_also_ask,video,popular_products,related_searches,images",140,0,3.75,2,22,0.70,HIGH,58100000,2025-11-27 16:51:33 +00:00,,,,,,220.20,10.80,0.40,0.40,0.40,0.40,0.75,2.52
mobile window tints near me,https://www.uniqueautoinc.ca/,transactional,"local_pack,people_also_ask,people_also_search,related_searches,images",140,0,3.22,2,22,0.62,MEDIUM,2180000,2025-11-12 07:11:10 +00:00,54.00,29.00,34.00,33.00,44.00,244.30,63.20,12.30,12.00,19.90,12.40,0.64,2.71
ceramic window tints near me,https://www.uniqueautoinc.ca/,transactional,"ai_overview,local_pack,people_also_ask,people_also_search,related_searches",110,5,2.63,2,17,0.57,MEDIUM,1660000,2025-11-12 16:27:30 +00:00,54.00,29.00,34.00,33.00,44.00,210.10,114.80,49.50,47.70,86.40,61.10,0.72,2.19
mobile tints near me,https://www.uniqueautoinc.ca/,transactional,"local_pack,people_also_ask,people_also_search,related_searches,images",110,0,3.06,2,17,0.75,HIGH,7540000,2025-11-27 06:05:52 +00:00,54.00,29.00,34.00,33.00,44.00,90.10,53.00,10.30,10.00,16.90,10.70,0.76,2.97
ceramic coating car price,https://www.uniqueautoinc.ca/how-much-is-a-ceramic-coating/,"transactional,commercial","ai_overview,people_also_ask,video,popular_products,related_searches,images",90,0,1.90,2,14,0.72,HIGH,14900000,2025-12-01 09:16:36 +00:00,,,,,,227.80,30.50,1.00,1.00,1.20,1.00,0.75,2.53
ceramic coatings near me,https://www.uniqueautoinc.ca/ceramic-coating/,"navigational,transactional","local_pack,people_also_ask,related_searches",90,0,4.30,2,14,0.84,HIGH,13500000,2025-11-12 16:27:28 +00:00,10.00,5.00,4.00,4.00,5.00,176.70,55.40,12.00,11.80,41.90,37.20,0.97,3.96
car window tinting mobile,https://www.uniqueautoinc.ca/,"transactional,navigational,commercial","local_pack,people_also_ask,people_also_search,related_searches,images",70,0,2.21,2,11,0.78,HIGH,3890000,2025-12-03 09:21:54 +00:00,54.00,29.00,34.00,33.00,44.00,166.20,41.00,3.90,3.80,6.90,3.70,0.90,2.70
auto tint,https://www.uniqueautoinc.ca/,navigational,"local_pack,popular_products,people_also_ask,related_searches",590,0,1.74,3,57,0.61,MEDIUM,53800000,2025-12-11 03:25:31 +00:00,54.00,29.00,34.00,33.00,44.00,283.40,76.70,27.80,26.30,58.20,45.50,0.85,3.17
unique detailing,https://www.uniqueautoinc.ca/,"navigational,commercial","related_searches,third_party_reviews,google_reviews,knowledge_graph,images",480,6,2.61,3,46,0.08,LOW,1390000000,2025-12-12 12:29:12 +00:00,54.00,29.00,34.00,33.00,44.00,553.80,80.40,17.20,16.60,187.20,156.60,0.86,3.19
auto tint markham,https://www.uniqueautoinc.ca/,"commercial,navigational","local_pack,people_also_ask,related_searches",390,0,2.71,3,37,0.41,MEDIUM,153000,2025-11-09 02:32:16 +00:00,54.00,29.00,34.00,33.00,44.00,337.40,59.10,21.70,20.90,38.20,17.00,0.75,2.43
auto tinting markham,https://www.uniqueautoinc.ca/,"navigational,commercial","local_pack,related_searches",390,0,2.71,3,37,0.41,MEDIUM,75000,2025-11-22 22:32:41 +00:00,54.00,29.00,34.00,33.00,44.00,146.50,56.10,18.50,17.70,30.80,13.50,0.75,2.43
car tint markham,https://www.uniqueautoinc.ca/,commercial,"local_pack,people_also_ask,related_searches,images",390,0,2.71,3,37,0.41,MEDIUM,138000,2025-11-22 17:33:51 +00:00,54.00,29.00,34.00,33.00,44.00,210.70,59.30,24.00,23.00,36.70,16.70,0.75,2.43
ceramic coating price,https://www.uniqueautoinc.ca/how-much-is-a-ceramic-coating/,"transactional,commercial","ai_overview,people_also_ask,popular_products,discussions_and_forums,related_searches",390,0,2.24,3,37,0.95,HIGH,45200000,2025-12-13 00:21:23 +00:00,,,,,,249.20,13.00,0.60,0.60,0.70,0.70,0.69,2.33
window tint markham,https://www.uniqueautoinc.ca/window-tinting-markham/,"commercial,navigational","local_pack,people_also_ask,related_searches,images",390,0,2.71,3,37,0.41,MEDIUM,205000,2025-11-22 11:22:58 +00:00,,,,,,296.80,13.10,9.10,8.70,18.00,6.30,0.75,2.43
auto tinting scarborough,https://www.uniqueautoinc.ca/,"navigational,commercial","local_pack,people_also_search,people_also_ask,related_searches",260,1,2.92,3,25,0.88,HIGH,116000,2025-11-24 15:11:07 +00:00,54.00,29.00,34.00,33.00,44.00,174.40,97.60,43.80,41.90,83.70,48.90,0.83,3.05
tint windows scarborough,https://www.uniqueautoinc.ca/,commercial,"local_pack,people_also_ask,people_also_search,related_searches",260,9,2.62,3,25,0.87,HIGH,71300,2025-11-09 03:39:26 +00:00,54.00,29.00,34.00,33.00,44.00,159.90,130.10,56.20,53.10,136.70,102.50,0.89,3.10
unique automotive,https://www.uniqueautoinc.ca/,"navigational,commercial","local_pack,people_also_ask,related_searches,images",260,0,0.60,3,25,0.61,MEDIUM,293000000,2025-12-13 15:43:31 +00:00,54.00,29.00,34.00,33.00,44.00,426.90,34.10,4.10,3.90,5.80,3.00,0.07,1.27
car window tinting scarborough,https://www.uniqueautoinc.ca/,"commercial,navigational","local_pack,people_also_ask,people_also_search,related_searches",210,4,4.01,3,20,0.75,HIGH,123000,2025-12-17 06:32:46 +00:00,54.00,29.00,34.00,33.00,44.00,160.20,113.50,48.40,45.40,124.10,78.20,0.79,2.49
how much is a ceramic coat,https://www.uniqueautoinc.ca/how-much-is-a-ceramic-coating/,"transactional,commercial","people_also_ask,video,popular_products,related_searches,images",170,0,2.44,3,16,0.52,MEDIUM,55400000,2025-11-09 05:44:32 +00:00,,,,,,391.00,19.80,0.90,0.90,1.10,1.10,0.72,2.54
scarborough tinting,https://www.uniqueautoinc.ca/,"navigational,commercial","local_pack,people_also_ask,people_also_search,related_searches",170,0,3.20,3,16,0.82,HIGH,358000,2025-10-16 00:45:10 +00:00,54.00,29.00,34.00,33.00,44.00,156.90,86.20,42.80,41.10,77.70,48.60,0.78,2.68
car ceramic coating cost,https://www.uniqueautoinc.ca/how-much-is-a-ceramic-coating/,"commercial,transactional","ai_overview,people_also_ask,video,popular_products,related_searches,images",140,0,3.75,3,13,0.70,HIGH,14200000,2025-11-07 14:54:34 +00:00,,,,,,232.50,10.80,0.30,0.30,0.30,0.30,0.75,2.52
unique auto detailing,https://www.uniqueautoinc.ca/,"navigational,commercial","local_pack,related_searches,images",110,2,1.91,3,10,0.23,LOW,31300000,2025-11-28 03:44:16 +00:00,54.00,29.00,34.00,33.00,44.00,381.50,82.00,13.60,13.00,20.80,14.70,,
car ceramic coating price,https://www.uniqueautoinc.ca/how-much-is-a-ceramic-coating/,"transactional,commercial","people_also_ask,popular_products,video,related_searches,images",90,0,3.16,3,8,0.76,HIGH,13800000,2025-11-10 18:45:06 +00:00,,,,,,276.40,11.60,0.60,0.60,0.70,0.60,0.99,2.90
best ppf film,https://www.uniqueautoinc.ca/which-paint-protection-film-is-the-best/,commercial,"ai_overview,people_also_ask,video,related_searches,images",70,0,1.32,3,6,0.97,HIGH,9500000,2025-12-04 09:54:32 +00:00,,,,,,258.80,30.40,16.30,16.30,17.40,2.60,0.50,2.37
mobile automotive window tinting,https://www.uniqueautoinc.ca/,"navigational,transactional","local_pack,people_also_ask,people_also_search,related_searches",70,0,2.21,3,6,0.78,HIGH,9560000,2025-11-17 18:49:14 +00:00,54.00,29.00,34.00,33.00,44.00,182.40,69.60,23.40,22.20,52.90,42.40,0.90,2.70
mobile car window tint,https://www.uniqueautoinc.ca/,transactional,"popular_products,people_also_ask,video,people_also_search,related_searches,images",70,0,2.21,3,6,0.78,HIGH,14800000,2025-11-15 08:22:56 +00:00,54.00,29.00,34.00,33.00,44.00,147.50,64.70,17.20,15.70,65.80,57.50,0.90,2.70
tinting shops,https://www.uniqueautoinc.ca/,navigational,"local_pack,people_also_ask,people_also_search,related_searches,images",1300,9,3.34,4,85,0.52,MEDIUM,29400000,2025-11-08 17:27:26 +00:00,54.00,29.00,34.00,33.00,44.00,174.50,136.90,50.90,48.80,656.70,632.20,1.05,3.97
toronto car tint,https://www.uniqueautoinc.ca/,"commercial,navigational","local_pack,people_also_ask,related_searches",1000,22,2.50,4,65,0.47,MEDIUM,6820000,2025-11-08 18:28:19 +00:00,54.00,29.00,34.00,33.00,44.00,143.70,164.60,73.80,70.40,171.40,128.00,0.90,2.89
car ceramic coating near me,https://www.uniqueautoinc.ca/ceramic-coating/,transactional,"local_pack,people_also_ask,related_searches",260,5,2.85,4,17,0.53,MEDIUM,25100000,2025-11-24 14:23:10 +00:00,10.00,5.00,4.00,4.00,5.00,138.20,112.60,32.10,31.30,40.30,29.90,0.72,2.86
window tint scarborough,https://www.uniqueautoinc.ca/,"commercial,navigational","local_pack,people_also_ask,people_also_search,related_searches",260,3,2.62,4,17,0.87,HIGH,247000,2025-11-22 23:58:02 +00:00,54.00,29.00,34.00,33.00,44.00,172.40,109.20,48.00,45.10,124.60,96.40,0.89,3.10
auto window tinting toronto,https://www.uniqueautoinc.ca/,"navigational,commercial","local_pack,people_also_search,people_also_ask,related_searches",210,21,3.45,4,13,0.22,LOW,195000,2025-11-29 17:32:22 +00:00,54.00,29.00,34.00,33.00,44.00,124.90,146.10,70.10,66.90,165.60,125.90,0.98,3.27
cheapest window tinting near me,https://www.uniqueautoinc.ca/,transactional,"local_pack,people_also_ask,related_searches",170,0,2.40,4,11,0.88,HIGH,6800000,2025-11-04 16:22:45 +00:00,54.00,29.00,34.00,33.00,44.00,230.00,75.80,23.20,22.60,39.80,21.90,0.90,2.70
unique automotive service,https://www.uniqueautoinc.ca/,"navigational,commercial","ai_overview,people_also_ask,people_also_search,related_searches,google_reviews,knowledge_graph,images",170,0,1.54,4,11,0.13,LOW,317000000,2025-11-26 18:37:25 +00:00,54.00,29.00,34.00,33.00,44.00,391.10,51.20,3.70,3.60,10.20,7.20,0.52,1.01
window tinting cheap near me,https://www.uniqueautoinc.ca/,"transactional,navigational","local_pack,people_also_ask,popular_products,related_searches",170,0,2.40,4,11,0.88,HIGH,10600000,2025-12-13 20:36:31 +00:00,54.00,29.00,34.00,33.00,44.00,244.00,79.80,4.70,4.60,15.90,12.60,0.90,2.70
window tinting near me cheap,https://www.uniqueautoinc.ca/,"transactional,navigational","local_pack,people_also_ask,related_searches,images",170,0,2.40,4,11,0.88,HIGH,10900000,2025-12-13 18:00:06 +00:00,54.00,29.00,34.00,33.00,44.00,216.60,71.60,35.40,34.00,65.00,50.10,0.90,2.70
ceramic window tinting near me,https://www.uniqueautoinc.ca/,transactional,"local_pack,people_also_ask,related_searches",110,4,2.63,4,7,0.57,MEDIUM,2830000,2025-12-14 21:36:12 +00:00,54.00,29.00,34.00,33.00,44.00,219.10,98.60,33.20,31.60,72.30,49.60,0.72,2.19
ceramic coating nearby,https://www.uniqueautoinc.ca/ceramic-coating/,transactional,"local_pack,people_also_ask,popular_products,related_searches,images",90,0,3.72,4,5,0.97,HIGH,53600000,2025-12-04 03:18:55 +00:00,10.00,5.00,4.00,4.00,5.00,232.10,36.30,5.50,5.30,7.00,5.30,0.86,4.07
unique auto trim,https://www.uniqueautoinc.ca/automotive-detailing-toronto/,transactional,"people_also_ask,related_searches,knowledge_graph,google_reviews,third_party_reviews,images",90,0,,4,5,0.05,LOW,31900000,2025-11-12 13:29:50 +00:00,,,,,,444.70,7.80,0.10,0.10,0.20,0.00,,
best ppf,https://www.uniqueautoinc.ca/which-paint-protection-film-is-the-best/,commercial,"ai_overview,people_also_ask,video,images,related_searches",70,0,2.05,4,4,0.76,HIGH,38100000,2025-12-04 06:37:13 +00:00,,,,,,272.10,55.60,23.70,23.20,77.90,52.70,1.23,3.17
window tint place near me,https://www.uniqueautoinc.ca/,"navigational,commercial","local_pack,people_also_ask,related_searches",40,0,2.94,4,2,0.68,HIGH,36000000,2025-10-24 18:11:20 +00:00,54.00,29.00,34.00,33.00,44.00,253.60,82.00,22.20,21.50,34.00,20.30,1.00,5.68
ceramic coating near me,https://www.uniqueautoinc.ca/ceramic-coating/,transactional,"local_pack,people_also_ask,related_searches,people_also_search",2400,0,3.51,5,112,0.65,MEDIUM,41500000,2025-12-09 23:53:01 +00:00,10.00,5.00,4.00,4.00,5.00,160.00,51.70,57.30,17.70,71.80,65.60,1.00,4.62
car tint toronto,https://www.uniqueautoinc.ca/,"commercial,navigational","local_pack,people_also_ask,discussions_and_forums,people_also_search,related_searches",1000,21,2.50,5,46,0.47,MEDIUM,6920000,2025-12-10 15:06:21 +00:00,54.00,29.00,34.00,33.00,44.00,115.50,160.20,78.20,74.80,177.60,131.90,0.90,2.89
car window tint toronto,https://www.uniqueautoinc.ca/,"transactional,commercial","local_pack,people_also_ask,people_also_search,related_searches",210,9,3.45,5,9,0.22,LOW,2070000,2025-12-17 06:32:46 +00:00,54.00,29.00,34.00,33.00,44.00,130.20,141.00,62.30,59.70,142.00,102.60,0.98,3.27
tinting car windows toronto,https://www.uniqueautoinc.ca/,"commercial,navigational","local_pack,people_also_ask,related_searches",210,23,3.45,5,9,0.22,LOW,1120000,2025-11-09 05:20:40 +00:00,54.00,29.00,34.00,33.00,44.00,213.60,168.00,88.90,84.60,212.00,157.30,0.98,3.27
tinting gta scarborough,https://www.uniqueautoinc.ca/,"commercial,informational,navigational","people_also_search,people_also_ask,related_searches,google_reviews,knowledge_graph,images",210,3,4.53,5,9,0.04,LOW,34800,2025-11-24 18:37:21 +00:00,54.00,29.00,34.00,33.00,44.00,327.00,92.40,35.70,33.90,78.30,44.50,,
best car tints near me,https://www.uniqueautoinc.ca/,transactional,"local_pack,people_also_ask,related_searches",170,6,3.08,5,7,0.79,HIGH,30800000,2025-11-26 13:09:04 +00:00,54.00,29.00,34.00,33.00,44.00,262.90,107.60,30.10,28.70,70.10,56.80,0.87,3.21
car tint mobile,https://www.uniqueautoinc.ca/,"transactional,navigational,commercial","local_pack,popular_products,people_also_ask,people_also_search,related_searches,images",170,0,1.75,5,7,0.80,HIGH,45100000,2025-11-26 11:25:52 +00:00,54.00,29.00,34.00,33.00,44.00,62.50,53.40,12.60,12.30,19.60,10.00,0.76,2.62
cheap auto tinting near me,https://www.uniqueautoinc.ca/,"transactional,navigational","local_pack,people_also_ask,related_searches",170,0,2.40,5,7,0.88,HIGH,15000000,2025-12-18 12:05:26 +00:00,54.00,29.00,34.00,33.00,44.00,270.10,80.10,28.20,27.10,60.50,47.60,0.90,2.70
cheapest car tinting near me,https://www.uniqueautoinc.ca/,"transactional,commercial","local_pack,people_also_ask,people_also_search,related_searches",170,0,2.40,5,7,0.88,HIGH,1480000,2025-12-13 20:13:22 +00:00,54.00,29.00,34.00,33.00,44.00,233.20,45.60,4.10,4.00,7.10,3.70,0.90,2.70
tint toronto,https://www.uniqueautoinc.ca/,"navigational,commercial","local_pack,people_also_ask,people_also_search,related_searches,images",170,11,2.30,5,7,0.82,HIGH,9780000,2025-12-17 18:59:52 +00:00,54.00,29.00,34.00,33.00,44.00,101.90,153.40,59.90,57.40,136.50,99.70,0.76,2.57
tinting toronto,https://www.uniqueautoinc.ca/,"navigational,commercial","people_also_ask,people_also_search,related_searches,google_reviews,knowledge_graph,images",170,23,2.30,5,7,0.82,HIGH,7750000,2025-11-25 16:31:07 +00:00,54.00,29.00,34.00,33.00,44.00,134.60,181.30,95.30,90.60,227.70,169.40,0.76,2.57
tints toronto,https://www.uniqueautoinc.ca/,"navigational,commercial","local_pack,people_also_ask,people_also_search,related_searches,images",170,23,2.30,5,7,0.82,HIGH,392000,2025-11-25 16:41:57 +00:00,54.00,29.00,34.00,33.00,44.00,132.30,184.30,97.40,92.90,224.40,163.40,0.76,2.57
ceramic window tint near me,https://www.uniqueautoinc.ca/,transactional,"local_pack,people_also_ask,people_also_search,related_searches",90,7,2.96,5,4,0.71,HIGH,7180000,2025-11-12 16:38:22 +00:00,54.00,29.00,34.00,33.00,44.00,195.60,126.70,51.00,48.90,94.90,63.60,1.00,2.38
best paint protection film,https://www.uniqueautoinc.ca/which-paint-protection-film-is-the-best/,"commercial,transactional","ai_overview,people_also_ask,discussions_and_forums,popular_products,related_searches",70,0,2.05,5,3,0.76,HIGH,69100000,2025-10-24 00:52:20 +00:00,,,,,,329.60,49.30,19.60,19.60,30.70,17.70,1.23,3.17
car window tint mobile,https://www.uniqueautoinc.ca/,transactional,"local_pack,popular_products,people_also_ask,people_also_search,related_searches,images",70,0,2.21,5,3,0.78,HIGH,14800000,2025-12-03 09:32:35 +00:00,54.00,29.00,34.00,33.00,44.00,166.20,41.00,3.90,3.80,6.90,3.70,0.90,2.70
automotive detailers near me,https://www.uniqueautoinc.ca/automotive-detailing/,"navigational,transactional","ai_overview,local_pack,people_also_ask,related_searches",6600,0,1.97,6,223,0.50,MEDIUM,5020000,2025-10-29 23:58:43 +00:00,10.00,3.00,3.00,3.00,3.00,269.00,71.80,22.70,20.80,75.00,58.10,0.67,2.55
window tinting auto,https://www.uniqueautoinc.ca/,"navigational,commercial","local_pack,people_also_ask,popular_products,related_searches,images",6600,0,1.74,6,223,0.48,MEDIUM,7190000,2025-10-30 00:19:51 +00:00,54.00,29.00,34.00,33.00,44.00,294.60,60.40,15.90,15.30,43.20,33.60,0.78,2.61
car tint near me,https://www.uniqueautoinc.ca/,"navigational,transactional","people_also_ask,people_also_search,related_searches",5400,0,2.35,6,182,0.63,MEDIUM,66600000,2025-11-17 08:08:09 +00:00,54.00,29.00,34.00,33.00,44.00,220.40,84.10,27.70,26.90,69.10,44.80,0.78,2.84
auto car tinting near me,https://www.uniqueautoinc.ca/,"navigational,transactional,commercial","local_pack,people_also_ask,people_also_search,related_searches",2900,0,2.39,6,98,0.63,MEDIUM,7390000,2025-11-17 23:27:00 +00:00,54.00,29.00,34.00,33.00,44.00,214.10,66.00,16.40,16.00,25.40,11.60,0.90,3.27
toronto auto tint,https://www.uniqueautoinc.ca/,"commercial,navigational","local_pack,people_also_ask,people_also_search,related_searches",1000,23,2.50,6,33,0.47,MEDIUM,2740000,2025-11-18 09:03:12 +00:00,54.00,29.00,34.00,33.00,44.00,130.50,155.20,83.30,79.10,200.10,151.70,0.90,2.89
window tint percentages,https://www.uniqueautoinc.ca/how-much-should-you-tint-car-windows/,informational,"ai_overview,people_also_ask,video,carousel,related_searches,images",880,0,0.42,6,29,0.20,LOW,3700000,2025-12-10 16:53:34 +00:00,,,,,,261.70,21.30,2.90,2.70,3.70,3.00,0.90,1.83
ceramic tinting near me,https://www.uniqueautoinc.ca/,"transactional,navigational","local_pack,people_also_ask,related_searches",480,27,3.17,6,16,0.98,HIGH,2710000,2025-11-22 09:55:51 +00:00,54.00,29.00,34.00,33.00,44.00,224.70,149.80,51.20,49.30,114.50,87.90,0.83,2.86
automotive tint shop near me,https://www.uniqueautoinc.ca/,"navigational,commercial","local_pack,people_also_ask,related_searches",210,9,3.42,6,7,0.45,MEDIUM,34800000,2025-11-25 11:38:38 +00:00,54.00,29.00,34.00,33.00,44.00,210.70,130.60,38.10,36.90,627.70,596.70,1.01,3.37
car tint shop near me,https://www.uniqueautoinc.ca/,"navigational,informational,commercial","local_pack,people_also_ask,related_searches",210,2,3.42,6,7,0.45,MEDIUM,39800000,2025-12-17 06:32:45 +00:00,54.00,29.00,34.00,33.00,44.00,166.00,106.80,22.70,22.40,617.60,590.40,1.01,3.37
tinting services near me,https://www.uniqueautoinc.ca/,navigational,"local_pack,people_also_ask,people_also_search,related_searches",210,24,1.73,6,7,0.70,HIGH,9500000,2025-11-24 18:37:26 +00:00,54.00,29.00,34.00,33.00,44.00,247.10,123.30,26.30,25.60,46.80,32.10,0.94,2.76
window tinting shops near me,https://www.uniqueautoinc.ca/,"navigational,commercial","local_pack,people_also_ask,related_searches,people_also_search",210,5,3.42,6,7,0.45,MEDIUM,2770000,2025-11-24 15:57:29 +00:00,54.00,29.00,34.00,33.00,44.00,185.80,116.30,31.80,30.80,614.00,595.80,1.01,3.37
cheap car tints near me,https://www.uniqueautoinc.ca/,transactional,"local_pack,people_also_ask,popular_products,related_searches,images",170,0,2.40,6,5,0.88,HIGH,27200000,2025-12-13 20:13:21 +00:00,54.00,29.00,34.00,33.00,44.00,335.00,26.60,3.50,3.40,5.20,2.40,0.90,2.70
cheapest auto tint near me,https://www.uniqueautoinc.ca/,transactional,"local_pack,people_also_ask,people_also_search,related_searches",170,0,2.40,6,5,0.88,HIGH,10300000,2025-12-14 07:09:24 +00:00,54.00,29.00,34.00,33.00,44.00,215.80,51.50,14.60,14.20,20.00,13.80,0.90,2.70
markham tint,https://www.uniqueautoinc.ca/window-tinting-markham/,"commercial,navigational","local_pack,people_also_ask,related_searches,images",170,0,2.45,6,5,0.74,HIGH,470000,2025-12-18 04:23:13 +00:00,,,,,,284.90,29.20,10.60,10.00,20.60,6.20,0.94,2.92
tinting gta,https://www.uniqueautoinc.ca/,"commercial,navigational","local_pack,video,people_also_ask,related_searches,images",170,3,1.61,6,5,0.27,LOW,3710000,2025-11-25 16:31:04 +00:00,54.00,29.00,34.00,33.00,44.00,141.00,111.10,62.00,59.10,130.20,87.20,0.83,2.67
window tinting for cheap near me,https://www.uniqueautoinc.ca/,transactional,"local_pack,people_also_ask,popular_products,related_searches",170,1,2.40,6,5,0.88,HIGH,17100000,2025-12-13 18:00:15 +00:00,54.00,29.00,34.00,33.00,44.00,183.80,100.10,34.20,32.80,66.40,49.80,0.90,2.70
window tints near me cheap,https://www.uniqueautoinc.ca/,transactional,"local_pack,people_also_ask,popular_products,related_searches",170,9,2.40,6,5,0.88,HIGH,9070000,2025-12-13 18:01:14 +00:00,54.00,29.00,34.00,33.00,44.00,205.90,128.70,50.70,48.20,109.70,87.30,0.90,2.70
ceramic auto tint near me,https://www.uniqueautoinc.ca/,transactional,"local_pack,people_also_ask,related_searches",90,1,2.96,6,3,0.71,HIGH,7590000,2025-12-15 00:43:52 +00:00,54.00,29.00,34.00,33.00,44.00,204.40,93.90,32.80,31.20,64.90,50.20,1.00,2.38
ceramic coat near me,https://www.uniqueautoinc.ca/ceramic-coating/,transactional,"local_pack,people_also_ask,related_searches",90,0,4.30,6,3,0.84,HIGH,30900000,2025-11-12 16:27:32 +00:00,10.00,5.00,4.00,4.00,5.00,187.50,56.10,61.30,21.50,77.60,70.10,0.97,3.96
tinting near me car,https://www.uniqueautoinc.ca/,"navigational,informational","local_pack,people_also_ask,people_also_search,related_searches,images",90,0,2.69,6,3,0.89,HIGH,10200000,2025-11-07 19:31:56 +00:00,54.00,29.00,34.00,33.00,44.00,229.20,55.00,12.60,12.10,25.50,11.60,1.01,3.46
auto window tinting service near me,https://www.uniqueautoinc.ca/,"navigational,commercial","local_pack,people_also_ask,related_searches",70,24,3.83,6,2,0.39,MEDIUM,4490000,2025-10-24 04:36:20 +00:00,54.00,29.00,34.00,33.00,44.00,217.90,176.40,56.90,54.70,272.60,184.70,,
best ppf films,https://www.uniqueautoinc.ca/which-paint-protection-film-is-the-best/,commercial,"ai_overview,found_on_web,people_also_ask,people_also_search,discussions_and_forums,video,related_searches",70,0,2.72,6,2,0.89,HIGH,9760000,2025-10-24 00:46:03 +00:00,,,,,,365.30,21.50,22.80,22.80,23.90,2.20,0.81,2.96
ceramic coating services,https://www.uniqueautoinc.ca/ceramic-coating/,"commercial,navigational","local_pack,people_also_ask,people_also_search,related_searches",70,0,3.01,6,2,0.16,LOW,29800000,2025-11-02 06:02:11 +00:00,10.00,5.00,4.00,4.00,5.00,67.60,28.70,10.60,10.20,12.80,8.30,1.09,2.90
where can i get my car tinted,https://www.uniqueautoinc.ca/,transactional,"local_pack,people_also_ask,popular_products,related_searches",70,0,2.97,6,2,0.94,HIGH,45100000,2025-11-11 01:16:20 +00:00,54.00,29.00,34.00,33.00,44.00,274.90,66.60,12.60,12.30,20.30,10.80,0.77,2.19
window tinting auto near me,https://www.uniqueautoinc.ca/,"transactional,navigational","local_pack,people_also_ask,people_also_search,related_searches",2900,0,2.41,7,74,0.49,MEDIUM,12500000,2025-11-09 00:07:31 +00:00,54.00,29.00,34.00,33.00,44.00,251.20,42.20,4.00,3.90,6.00,3.00,0.84,2.78
window tint toronto,https://www.uniqueautoinc.ca/,"commercial,navigational","local_pack,people_also_ask,popular_products,people_also_search,related_searches,images",1000,21,2.50,7,25,0.47,MEDIUM,3940000,2025-12-10 10:55:14 +00:00,54.00,29.00,34.00,33.00,44.00,123.30,156.10,59.90,56.80,147.40,116.60,0.90,2.89
window tinting markham,https://www.uniqueautoinc.ca/,"commercial,navigational","local_pack,people_also_ask,related_searches",390,0,2.71,7,9,0.41,MEDIUM,294000,2025-11-07 08:45:40 +00:00,54.00,29.00,34.00,33.00,44.00,290.30,70.80,27.40,26.40,45.50,21.50,0.75,2.43
tints brampton,https://www.uniqueautoinc.ca/window-tinting-brampton/,navigational,"local_pack,people_also_ask,related_searches,images",320,0,2.33,7,8,0.80,HIGH,98000,2025-12-13 03:09:32 +00:00,,,,,,224.30,76.90,20.20,19.10,48.10,40.20,0.64,3.14
windows tinting services near me,https://www.uniqueautoinc.ca/,"navigational,commercial","local_pack,people_also_ask,people_also_search,related_searches",320,5,2.12,7,8,0.07,LOW,2910000,2025-11-11 21:42:53 +00:00,54.00,29.00,34.00,33.00,44.00,202.30,112.50,42.80,41.80,68.60,46.20,0.89,2.87
tint place near me,https://www.uniqueautoinc.ca/,navigational,"local_pack,people_also_ask,people_also_search,related_searches,images",260,0,3.44,7,6,0.73,HIGH,135000000,2025-12-16 18:00:47 +00:00,54.00,29.00,34.00,33.00,44.00,149.30,87.20,15.40,15.10,602.90,585.00,0.89,3.61
tint services near me,https://www.uniqueautoinc.ca/,navigational,"local_pack,people_also_ask,people_also_search,related_searches,images",210,19,1.73,7,5,0.70,HIGH,97500000,2025-11-24 18:37:25 +00:00,54.00,29.00,34.00,33.00,44.00,136.40,158.80,55.40,53.00,138.00,99.00,0.94,2.76
cheap car tinting near me,https://www.uniqueautoinc.ca/,transactional,"local_pack,people_also_ask,related_searches",170,0,2.40,7,4,0.88,HIGH,10800000,2025-12-13 20:13:12 +00:00,54.00,29.00,34.00,33.00,44.00,206.60,40.80,4.20,4.10,5.90,3.00,0.90,2.70
tint markham,https://www.uniqueautoinc.ca/window-tinting-markham/,"commercial,navigational","local_pack,people_also_ask,related_searches",170,0,2.45,7,4,0.74,HIGH,476000,2025-10-14 23:45:53 +00:00,,,,,,229.50,56.20,25.40,24.40,42.90,20.20,0.94,2.92
toronto tint,https://www.uniqueautoinc.ca/,"commercial,navigational","local_pack,people_also_ask,popular_products,people_also_search,related_searches,images",170,7,2.30,7,4,0.82,HIGH,10200000,2025-12-13 20:48:31 +00:00,54.00,29.00,34.00,33.00,44.00,113.70,131.70,53.10,50.90,119.80,87.80,0.76,2.57
ceramic coating benefit,https://www.uniqueautoinc.ca/benefits-of-ceramic-coating-for-cars/,"commercial,transactional","ai_overview,people_also_ask,video,popular_products,related_searches,images",140,0,,7,3,0.10,LOW,22700000,2025-11-14 10:18:17 +00:00,,,,,,283.40,54.90,23.00,22.60,36.80,15.10,0.67,3.70
ceramic coating benefits,https://www.uniqueautoinc.ca/benefits-of-ceramic-coating-for-cars/,commercial,"ai_overview,people_also_ask,discussions_and_forums,video,related_searches,images",140,0,3.82,7,3,0.14,LOW,24200000,2025-11-07 02:16:10 +00:00,,,,,,280.90,62.40,23.50,23.10,37.70,16.00,0.73,3.10
benefits ceramic coating,https://www.uniqueautoinc.ca/benefits-of-ceramic-coating-for-cars/,commercial,"ai_overview,people_also_ask,video,discussions_and_forums,related_searches,images",110,0,0.38,7,2,0.17,LOW,29500000,2025-12-14 17:06:42 +00:00,,,,,,294.00,55.40,23.00,22.60,36.80,15.10,0.13,1.79
cheap car tinting,https://www.uniqueautoinc.ca/,"commercial,navigational","local_pack,people_also_ask,popular_products,related_searches",110,0,3.03,7,2,0.90,HIGH,11700000,2025-11-30 07:43:15 +00:00,54.00,29.00,34.00,33.00,44.00,387.00,60.40,13.20,12.80,21.30,11.30,0.82,3.09
car window tint services,https://www.uniqueautoinc.ca/,"navigational,commercial","local_pack,people_also_ask,people_also_search,related_searches",90,0,1.46,7,2,0.04,LOW,15400000,2025-11-12 11:47:20 +00:00,54.00,29.00,34.00,33.00,44.00,207.30,85.50,23.10,22.50,38.80,17.10,,
window tinting shops,https://www.uniqueautoinc.ca/,"navigational,commercial","local_pack,people_also_ask,related_searches",90,10,4.60,7,2,0.22,LOW,2670000,2025-10-20 01:31:06 +00:00,54.00,29.00,34.00,33.00,44.00,190.30,139.40,40.80,38.30,697.00,677.50,0.93,2.29
car tint level,https://www.uniqueautoinc.ca/how-much-should-you-tint-car-windows/,"commercial,transactional","featured_snippet,images,people_also_ask,video,popular_products,related_searches",70,0,0.27,7,1,0.31,LOW,29400000,2025-12-03 09:33:32 +00:00,,,,,,256.80,3.00,0.20,0.20,0.20,0.00,,
ceramic coating scarborough,https://www.uniqueautoinc.ca/,commercial,"local_pack,people_also_ask,popular_products,related_searches",70,0,3.89,7,1,1.00,HIGH,428000,2025-12-03 08:01:59 +00:00,54.00,29.00,34.00,33.00,44.00,101.40,83.00,18.00,17.40,24.80,15.50,1.31,4.43
percentages of window tint,https://www.uniqueautoinc.ca/how-much-should-you-tint-car-windows/,informational,"ai_overview,images,people_also_ask,video,related_searches",880,0,0.42,8,17,0.20,LOW,3840000,2025-10-10 10:12:37 +00:00,,,,,,254.00,22.80,1.00,1.00,1.30,0.60,0.90,1.83
tint car windows percentage,https://www.uniqueautoinc.ca/how-much-should-you-tint-car-windows/,"informational,commercial","ai_overview,images,people_also_ask,video,related_searches",880,0,0.42,8,17,0.20,LOW,1240000,2025-11-11 14:15:58 +00:00,,,,,,261.10,21.40,2.90,2.70,3.70,3.00,0.90,1.83
auto tint shop near me,https://www.uniqueautoinc.ca/,"navigational,commercial","local_pack,people_also_ask,people_also_search,related_searches",210,16,3.42,8,4,0.45,MEDIUM,23100000,2025-11-25 11:28:51 +00:00,54.00,29.00,34.00,33.00,44.00,212.90,163.90,38.30,37.20,634.00,596.70,1.01,3.37
tinting markham,https://www.uniqueautoinc.ca/window-tinting-markham/,navigational,"local_pack,people_also_ask,related_searches,images",170,0,2.45,8,3,0.74,HIGH,456000,2025-09-24 20:39:00 +00:00,,,,,,116.40,51.20,29.50,28.40,46.20,22.30,0.94,2.92
3m ceramic coating,https://www.uniqueautoinc.ca/where-to-buy-3m-ceramic-coating/,transactional,"people_also_ask,discussions_and_forums,video,popular_products,related_searches,images",140,0,0.81,8,2,1.00,HIGH,8730000,2025-11-28 00:36:38 +00:00,,,,,,402.90,15.30,0.40,0.40,0.50,0.50,0.49,2.30
best auto window tinting,https://www.uniqueautoinc.ca/window-tinting/,"commercial,navigational,transactional","local_pack,people_also_ask,related_searches",140,4,1.47,8,2,0.94,HIGH,5820000,2025-11-27 19:56:07 +00:00,11.00,3.00,3.00,3.00,3.00,339.80,93.40,34.90,33.70,72.80,51.70,0.64,2.85
tint shop tinted windows,https://www.uniqueautoinc.ca/,transactional,"local_pack,people_also_ask,related_searches",110,6,0.11,8,2,0.08,LOW,4000000,2025-12-19 20:15:00 +00:00,54.00,29.00,34.00,33.00,44.00,210.60,116.10,10.20,10.00,594.60,582.20,,
auto window tinting percentages,https://www.uniqueautoinc.ca/how-much-should-you-tint-car-windows/,informational,"ai_overview,video,people_also_ask,images,related_searches",90,0,1.32,8,1,0.10,LOW,114000,2025-11-11 00:50:46 +00:00,,,,,,272.20,17.60,0.40,0.40,1.50,1.10,,
detailers near me,https://www.uniqueautoinc.ca/automotive-detailing/,navigational,"local_pack,people_also_ask,related_searches",6600,0,2.24,9,99,0.47,MEDIUM,5320000000,2025-11-11 10:39:32 +00:00,10.00,3.00,3.00,3.00,3.00,215.30,54.50,13.00,12.30,24.60,14.90,0.76,2.77
car tinted percentage,https://www.uniqueautoinc.ca/how-much-should-you-tint-car-windows/,informational,"ai_overview,images,people_also_ask,video,related_searches",880,0,0.42,9,13,0.20,LOW,2770000,2025-11-18 15:59:47 +00:00,,,,,,247.20,3.00,0.20,0.20,0.20,0.00,0.90,1.83
car tint shops near me,https://www.uniqueautoinc.ca/,"navigational,commercial","local_pack,people_also_ask,people_also_search,related_searches,images",210,1,3.42,9,3,0.45,MEDIUM,9540000,2025-11-25 09:40:29 +00:00,54.00,29.00,34.00,33.00,44.00,232.80,91.30,19.70,19.30,601.30,583.50,1.01,3.37
car window tinting shops near me,https://www.uniqueautoinc.ca/,"navigational,commercial","local_pack,people_also_ask,related_searches",210,0,3.42,9,3,0.45,MEDIUM,2570000,2025-11-25 09:39:40 +00:00,54.00,29.00,34.00,33.00,44.00,190.80,81.50,9.40,9.20,21.30,16.40,1.01,3.37
best detailers near me,https://www.uniqueautoinc.ca/automotive-detailing/,"transactional,navigational","local_pack,people_also_ask,people_also_search,related_searches",140,1,1.39,9,2,0.83,HIGH,4510000,2025-11-07 15:32:37 +00:00,10.00,3.00,3.00,3.00,3.00,211.70,96.20,28.30,26.60,85.10,70.80,0.47,1.68
car tint cheap,https://www.uniqueautoinc.ca/,transactional,"local_pack,people_also_ask,popular_products,people_also_search,related_searches",110,0,3.03,9,1,0.90,HIGH,66600000,2025-11-30 08:13:08 +00:00,54.00,29.00,34.00,33.00,44.00,464.20,49.40,12.00,11.70,18.90,9.70,0.82,3.09
auto window tint percentages,https://www.uniqueautoinc.ca/how-much-should-you-tint-car-windows/,informational,"ai_overview,people_also_ask,images,video,related_searches",90,0,1.32,9,1,0.10,LOW,3590000,2025-11-11 00:50:27 +00:00,,,,,,276.40,3.00,0.20,0.20,0.20,0.00,,
car window tints percentage,https://www.uniqueautoinc.ca/how-much-should-you-tint-car-windows/,commercial,"ai_overview,images,people_also_ask,video,related_searches",90,0,1.32,9,1,0.10,LOW,598000,2025-11-13 23:25:40 +00:00,,,,,,241.90,3.00,0.20,0.20,0.20,0.00,,
tint places,https://www.uniqueautoinc.ca/,"navigational,commercial","people_also_ask,people_also_search,related_searches,images",90,12,5.34,9,1,0.62,MEDIUM,65300000,2025-11-08 09:07:45 +00:00,54.00,29.00,34.00,33.00,44.00,229.00,143.20,53.50,50.20,702.00,668.70,1.28,5.79
mobile car window tinting,https://www.uniqueautoinc.ca/,"navigational,transactional","local_pack,people_also_ask,popular_products,people_also_search,related_searches,images",70,0,2.21,9,1,0.78,HIGH,3840000,2025-11-15 08:23:09 +00:00,54.00,29.00,34.00,33.00,44.00,74.10,39.60,3.90,3.80,6.90,3.70,0.90,2.70
tint near me,https://www.uniqueautoinc.ca/,navigational,"local_pack,people_also_ask,people_also_search,related_searches,images",6600,0,2.70,10,74,0.51,MEDIUM,237000000,2025-12-09 22:22:56 +00:00,54.00,29.00,34.00,33.00,44.00,179.00,76.20,35.60,32.80,111.30,86.50,0.83,3.14
markham window tint ppf inc,https://www.uniqueautoinc.ca/paint-protection-film-markham/,commercial,"people_also_ask,related_searches,google_reviews,knowledge_graph,images",260,0,0.13,10,2,0.07,LOW,5240,2025-12-16 18:11:10 +00:00,,,,,,460.00,24.90,11.00,10.40,21.40,6.60,,
auto detailers near me,https://www.uniqueautoinc.ca/automotive-detailing/,navigational,"local_pack,people_also_ask,people_also_search,related_searches",210,4,2.94,10,2,0.44,MEDIUM,1450000000,2025-11-04 07:31:47 +00:00,10.00,3.00,3.00,3.00,3.00,171.40,111.30,34.90,33.60,62.50,35.00,0.86,3.30
car window tint percentage,https://www.uniqueautoinc.ca/how-much-should-you-tint-car-windows/,"commercial,informational","ai_overview,images,people_also_ask,video,related_searches",90,0,1.32,10,1,0.10,LOW,1550000,2025-11-12 16:53:28 +00:00,,,,,,268.10,3.00,0.20,0.20,0.20,0.00,,
car window tinting percentages,https://www.uniqueautoinc.ca/how-much-should-you-tint-car-windows/,informational,"ai_overview,images,people_also_ask,video,related_searches",90,0,1.32,10,1,0.10,LOW,239000,2025-11-12 16:53:20 +00:00,,,,,,273.40,3.00,0.20,0.20,0.20,0.00,,
car tinting near me,https://www.uniqueautoinc.ca/,"navigational,commercial","local_pack,people_also_ask,related_searches,images",5400,0,2.35,11,49,0.63,MEDIUM,9380000,2025-11-08 23:25:56 +00:00,54.00,29.00,34.00,33.00,44.00,184.40,24.80,12.90,12.60,20.30,11.60,0.78,2.84
tinting car windows percentage,https://www.uniqueautoinc.ca/how-much-should-you-tint-car-windows/,informational,"featured_snippet,people_also_ask,video,related_searches,images",880,0,0.42,11,8,0.20,LOW,724000,2025-12-10 16:59:19 +00:00,,,,,,330.90,9.50,0.50,0.50,2.80,2.50,0.90,1.83
car tints shop near me,https://www.uniqueautoinc.ca/,navigational,"local_pack,people_also_ask,people_also_search,related_searches",210,7,3.42,11,1,0.45,MEDIUM,18400000,2025-11-09 04:18:37 +00:00,54.00,29.00,34.00,33.00,44.00,253.00,117.70,54.70,52.80,667.30,635.50,1.01,3.37
cheap auto tint near me,https://www.uniqueautoinc.ca/,transactional,"ai_overview,people_also_ask,related_searches,google_reviews,knowledge_graph",170,0,2.40,11,1,0.88,HIGH,62100000,2025-12-13 20:14:43 +00:00,54.00,29.00,34.00,33.00,44.00,130.10,21.40,12.70,12.50,16.70,9.50,0.90,2.70
automotive window tint percentages,https://www.uniqueautoinc.ca/how-much-should-you-tint-car-windows/,commercial,"featured_snippet,people_also_ask,video,related_searches,images",90,0,0.19,11,0,0.15,LOW,1710000,2025-11-11 00:48:23 +00:00,,,,,,296.10,33.80,3.30,3.30,9.50,3.70,,
ceramic coating service,https://www.uniqueautoinc.ca/ceramic-coating/,"commercial,navigational","local_pack,people_also_ask,related_searches",70,0,4.17,11,0,0.29,LOW,32200000,2025-11-11 09:13:17 +00:00,10.00,5.00,4.00,4.00,5.00,107.50,73.60,85.50,83.70,871.70,742.20,1.14,3.01
wheels detailing,https://www.uniqueautoinc.ca/how-to-detail-tire-rim-and-wheel/,"navigational,commercial","video,people_also_ask,popular_products,related_searches,google_reviews,knowledge_graph,images",70,0,1.33,11,0,0.26,LOW,238000000,2025-11-14 13:03:46 +00:00,,,,,,498.20,18.00,0.60,0.60,2.70,1.20,0.88,1.84
turtle wax ceramic spray coating,https://www.uniqueautoinc.ca/how-to-apply-turtle-wax-ceramic-spray-coating/,transactional,"people_also_ask,video,popular_products,people_also_search,related_searches,google_reviews,knowledge_graph,images",50,0,0.24,11,0,1.00,HIGH,1130000,2025-10-02 00:00:35 +00:00,,,,,,516.30,9.10,2.00,1.80,3.90,0.80,,
window tinting brampton,https://www.uniqueautoinc.ca/window-tinting-brampton/,"commercial,navigational","local_pack,people_also_ask,related_searches,images",720,0,3.06,12,5,0.74,HIGH,385000,2025-11-18 16:17:24 +00:00,,,,,,253.10,47.00,0.70,0.70,2.10,1.50,0.78,3.03
ceramic tint near me,https://www.uniqueautoinc.ca/,transactional,"local_pack,people_also_ask,people_also_search,related_searches,images",480,0,3.09,12,3,0.75,HIGH,12700000,2025-11-22 09:41:47 +00:00,54.00,29.00,34.00,33.00,44.00,206.10,79.10,36.40,35.00,71.30,51.10,0.86,2.50
best auto detailers,https://www.uniqueautoinc.ca/automotive-detailing/,"transactional,navigational,commercial","local_pack,people_also_ask,related_searches,images",210,0,1.38,12,1,0.91,HIGH,19200000,2025-11-25 10:57:05 +00:00,10.00,3.00,3.00,3.00,3.00,332.40,66.70,16.30,16.10,26.90,19.40,1.02,2.46
ceramic coating hamilton,https://www.uniqueautoinc.ca/ceramic-coating-hamilton-ontario/,"commercial,transactional","local_pack,people_also_ask,related_searches,images",210,0,3.67,12,1,0.17,LOW,1920000,2025-11-29 21:15:59 +00:00,,,,,,183.30,46.80,11.40,11.20,16.60,7.30,1.12,2.63
fiaz,https://www.uniqueautoinc.ca/about-us/fiaz-babwah/,navigational,"people_also_search,related_searches,images",90,3,,12,0,0.00,LOW,3420000,2025-12-02 17:08:02 +00:00,,,,,,669.00,53.40,27.20,26.70,96.50,65.60,,
car mobile window tinting,https://www.uniqueautoinc.ca/window-tinting/,"navigational,transactional,commercial","local_pack,people_also_ask,popular_products,people_also_search,related_searches",70,0,2.21,12,0,0.78,HIGH,8920000,2025-12-03 09:37:13 +00:00,11.00,3.00,3.00,3.00,3.00,266.90,14.40,0.40,0.40,1.70,1.30,0.90,2.70
turtle wax ceramic coating,https://www.uniqueautoinc.ca/how-to-apply-turtle-wax-ceramic-spray-coating/,transactional,"video,people_also_ask,discussions_and_forums,popular_products,people_also_search,related_searches,images",70,0,0.19,12,0,1.00,HIGH,1400000,2025-12-01 17:45:54 +00:00,,,,,,581.40,3.20,0.10,0.10,0.10,0.10,0.18,1.93
ppf near me,https://www.uniqueautoinc.ca/paint-protection-film/,transactional,"local_pack,people_also_ask,people_also_search,related_searches,images",1900,0,4.11,13,11,0.42,MEDIUM,36600000,2025-11-18 01:41:43 +00:00,11.00,5.00,5.00,4.00,5.00,220.30,78.10,28.20,27.60,57.50,42.70,1.32,6.05
auto detailing markham,https://www.uniqueautoinc.ca/car-detailing-markham/,"commercial,navigational","local_pack,related_searches",1300,0,2.23,13,7,0.54,MEDIUM,2250000,2025-12-10 10:36:12 +00:00,,,,,,265.90,66.20,9.90,9.00,19.50,10.00,0.75,2.84
auto tinting film,https://www.uniqueautoinc.ca/,"commercial,navigational","popular_products,people_also_ask,video,related_searches,images",720,13,1.10,13,4,0.91,HIGH,6300000,2025-11-20 06:51:22 +00:00,54.00,29.00,34.00,33.00,44.00,370.70,131.80,55.20,53.50,149.70,116.00,0.45,1.75
car tinting cheap,https://www.uniqueautoinc.ca/,"transactional,commercial","discussions_and_forums,people_also_ask,local_pack,popular_products,related_searches",110,0,3.03,13,0,0.90,HIGH,11300000,2025-11-30 08:23:32 +00:00,54.00,29.00,34.00,33.00,44.00,367.00,28.90,8.70,8.50,13.90,7.30,0.82,3.09
window tinting shop,https://www.uniqueautoinc.ca/,"navigational,commercial","local_pack,related_searches",90,0,4.60,13,0,0.22,LOW,6340000,2025-10-20 01:30:44 +00:00,54.00,29.00,34.00,33.00,44.00,156.90,88.20,35.80,34.20,68.00,53.50,0.93,2.29
black paint protection film,https://www.uniqueautoinc.ca/black-paint-protection-film/,"transactional,commercial","popular_products,people_also_ask,video,related_searches,images",70,0,1.94,13,0,0.89,HIGH,54900000,2025-12-04 08:29:39 +00:00,,,,,,329.30,42.70,2.10,1.80,25.30,13.20,0.42,1.87
tints for cars,https://www.uniqueautoinc.ca/,"commercial,navigational","local_pack,people_also_ask,popular_products,people_also_search,images,related_searches",4400,9,2.16,14,24,0.46,MEDIUM,4540000,2025-11-08 23:39:11 +00:00,54.00,29.00,34.00,33.00,44.00,423.00,111.00,33.80,33.20,65.50,40.20,0.89,2.82
ceramic coating toronto,https://www.uniqueautoinc.ca/can-ceramic-coating-be-done-in-1-day/,commercial,"local_pack,people_also_ask,people_also_search,video,related_searches,images",320,0,4.45,14,1,0.87,HIGH,2070000,2025-11-11 20:28:50 +00:00,,,,,,237.00,31.50,7.80,7.60,9.20,5.70,0.96,4.28
cheap tinting near me,https://www.uniqueautoinc.ca/,"transactional,navigational","local_pack,people_also_ask,people_also_search,related_searches",90,0,3.04,14,0,0.99,HIGH,15800000,2025-11-12 16:12:46 +00:00,54.00,29.00,34.00,33.00,44.00,314.30,57.90,30.70,29.30,65.90,47.20,0.84,2.38
inspire auto studio,https://www.uniqueautoinc.ca/,"navigational,commercial","people_also_ask,related_searches,third_party_reviews,google_reviews,knowledge_graph,images",90,0,0.08,14,0,0.03,LOW,13300000,2025-11-05 19:44:08 +00:00,54.00,29.00,34.00,33.00,44.00,491.90,50.90,21.00,20.20,42.50,20.10,,
car 3m coating,https://www.uniqueautoinc.ca/where-to-buy-3m-ceramic-coating/,transactional,"people_also_ask,video,related_searches,images",70,0,5.19,14,0,0.79,HIGH,9770000,2025-12-03 09:41:11 +00:00,,,,,,432.40,49.40,13.00,13.00,16.50,9.50,1.01,3.94
kraken auto spa and ppf inc,https://www.uniqueautoinc.ca/,"transactional,navigational","people_also_ask,related_searches,third_party_reviews,google_reviews,knowledge_graph",70,0,,14,0,0.00,LOW,2290,2025-12-15 12:26:26 +00:00,54.00,29.00,34.00,33.00,44.00,549.70,47.40,29.70,28.80,35.60,17.80,,
professional ceramic coating,https://www.uniqueautoinc.ca/how-much-is-a-ceramic-coating/,transactional,"popular_products,people_also_ask,video,discussions_and_forums,related_searches,images",70,12,1.55,14,0,0.90,HIGH,53000000,2025-11-13 10:28:55 +00:00,,,,,,439.40,122.50,98.90,97.10,943.70,799.20,0.92,5.71
ee auto detailing scarborough,https://www.uniqueautoinc.ca/automotive-detailing/,"navigational,commercial","people_also_ask,related_searches,google_reviews,knowledge_graph",480,0,1.36,15,2,0.08,LOW,17600,2025-11-21 12:24:19 +00:00,10.00,3.00,3.00,3.00,3.00,569.80,6.70,4.60,4.40,5.10,3.20,,
ppf install near me,https://www.uniqueautoinc.ca/paint-protection-film/,"navigational,informational","local_pack,people_also_ask,related_searches",210,8,5.41,15,1,0.40,MEDIUM,7420000,2025-11-09 04:47:03 +00:00,11.00,5.00,5.00,4.00,5.00,250.30,84.20,28.90,28.30,66.20,46.10,1.72,5.18
car window tint percentages,https://www.uniqueautoinc.ca/how-much-should-you-tint-car-windows/,informational,"ai_overview,video,images,people_also_ask,related_searches",90,0,1.32,15,0,0.10,LOW,3330000,2025-11-12 16:54:09 +00:00,,,,,,264.50,3.00,0.20,0.20,0.20,0.00,,
percentages of window tinting for cars,https://www.uniqueautoinc.ca/how-much-should-you-tint-car-windows/,"informational,commercial","ai_overview,video,people_also_ask,images,popular_products,related_searches",90,0,1.32,15,0,0.10,LOW,483000,2025-11-10 02:34:04 +00:00,,,,,,321.50,8.90,0.50,0.50,1.10,0.40,,
tint company,https://www.uniqueautoinc.ca/,navigational,"local_pack,people_also_ask,people_also_search,related_searches,images",70,8,1.77,15,0,0.18,LOW,60500000,2025-11-13 01:14:38 +00:00,54.00,29.00,34.00,33.00,44.00,176.00,134.10,76.30,69.90,182.10,136.60,1.10,2.13
what are the percentages of window tint,https://www.uniqueautoinc.ca/how-much-should-you-tint-car-windows/,informational,"ai_overview,images,people_also_ask,video,related_searches",40,0,,15,0,0.01,LOW,640000,2025-10-24 23:05:05 +00:00,,,,,,273.10,3.00,0.20,0.20,0.20,0.00,,
protective film on car,https://www.uniqueautoinc.ca/should-i-get-a-paint-protection-film-on-my-new-car/,"commercial,transactional","ai_overview,video,people_also_ask,carousel,popular_products,related_searches",590,8,3.74,16,2,1.00,HIGH,386000000,2025-10-31 19:14:16 +00:00,,,,,,370.70,101.80,22.20,22.00,26.20,9.50,0.92,4.41
best window tinting,https://www.uniqueautoinc.ca/window-tinting-brampton/,"commercial,navigational","local_pack,people_also_ask,popular_products,related_searches,images",110,10,1.47,16,0,1.00,HIGH,8930000,2025-11-09 14:17:34 +00:00,,,,,,383.60,115.80,31.10,29.40,65.10,51.70,0.90,2.08
quality tinting,https://www.uniqueautoinc.ca/,"navigational,commercial","local_pack,people_also_ask,related_searches",70,10,2.14,16,0,0.29,LOW,101000000,2025-11-11 03:24:33 +00:00,54.00,29.00,34.00,33.00,44.00,262.70,132.20,33.40,31.60,69.60,54.90,,
auto blogs,https://www.uniqueautoinc.ca/blogs/,navigational,related_searches,30,84,3.51,16,0,0.05,LOW,2710000000,2025-10-19 21:17:34 +00:00,,,,,,493.40,416.40,8043.80,7899.80,117445.40,93500.20,,
best window tinting car,https://www.uniqueautoinc.ca/,"commercial,transactional","ai_overview,local_pack,people_also_ask,discussions_and_forums,video,popular_products,related_searches,images",140,12,1.99,17,0,0.87,HIGH,11700000,2025-11-09 08:30:22 +00:00,54.00,29.00,34.00,33.00,44.00,358.80,130.70,30.80,29.50,99.80,87.70,0.83,2.58
car window tinting brampton,https://www.uniqueautoinc.ca/window-tinting-brampton/,"commercial,navigational","local_pack,people_also_ask,video,related_searches,images",110,0,2.33,17,0,0.93,HIGH,127000,2025-12-20 13:54:33 +00:00,,,,,,304.20,75.30,20.40,19.30,50.40,42.20,0.91,3.41
ceramic coating car wash,https://www.uniqueautoinc.ca/are-car-washes-bad-for-ceramic-coating/,"transactional,navigational,commercial","ai_overview,people_also_ask,discussions_and_forums,video,related_searches,google_reviews,knowledge_graph,images",90,0,0.53,17,0,0.99,HIGH,13200000,2025-11-12 16:27:27 +00:00,,,,,,430.90,33.80,2.90,2.70,6.30,3.90,0.44,1.86
ppf and ceramic coating,https://www.uniqueautoinc.ca/can-i-put-ppf-on-ceramic-coating/,transactional,"people_also_ask,discussions_and_forums,video,images,related_searches",50,0,1.84,17,0,0.81,HIGH,4710000,2025-10-29 06:54:35 +00:00,,,,,,358.60,44.60,17.00,16.90,21.50,8.10,1.00,3.87
car detailing markham,https://www.uniqueautoinc.ca/car-detailing-markham/,"commercial,navigational","local_pack,people_also_ask,people_also_search,related_searches",1300,0,2.12,18,4,0.48,MEDIUM,3610000,2025-11-18 08:12:10 +00:00,,,,,,193.90,62.00,11.70,11.00,20.10,11.40,0.67,2.12
a one window tinting,https://www.uniqueautoinc.ca/,"navigational,commercial","ai_overview,people_also_ask,related_searches,knowledge_graph,google_reviews,images",110,1,,18,0,0.04,LOW,9740000,2025-11-30 12:01:49 +00:00,54.00,29.00,34.00,33.00,44.00,779.60,30.10,19.50,18.40,46.00,38.70,,
tinted windows shop,https://www.uniqueautoinc.ca/,"transactional,navigational","local_pack,people_also_ask,popular_products,video,related_searches",90,0,4.60,18,0,0.22,LOW,15100000,2025-10-20 05:10:29 +00:00,54.00,29.00,34.00,33.00,44.00,378.90,46.80,6.80,6.60,579.40,573.10,0.93,2.29
best automobile window tinting,https://www.uniqueautoinc.ca/window-tinting/,"commercial,navigational,transactional","local_pack,people_also_ask,discussions_and_forums,video,popular_products,related_searches",70,14,3.06,18,0,0.92,HIGH,11100000,2025-10-24 01:55:12 +00:00,11.00,3.00,3.00,3.00,3.00,370.50,139.60,46.60,45.00,121.10,98.10,0.59,2.25
markham auto detailing,https://www.uniqueautoinc.ca/car-detailing-markham/,"navigational,commercial","local_pack,people_also_search,related_searches",1300,0,2.12,19,3,0.48,MEDIUM,1040000,2025-11-11 12:39:27 +00:00,,,,,,164.40,84.50,14.60,13.70,24.90,12.50,0.67,2.12
tinting in brampton,https://www.uniqueautoinc.ca/window-tinting-brampton/,navigational,"local_pack,people_also_ask,people_also_search,related_searches,images",320,0,2.33,19,0,0.80,HIGH,729000,2025-12-13 03:09:16 +00:00,,,,,,201.10,55.60,20.20,19.10,48.10,40.20,0.64,3.14
tt auto beauty,https://www.uniqueautoinc.ca/,"transactional,navigational","related_searches,knowledge_graph,google_reviews,third_party_reviews,images",170,0,6.89,19,0,0.13,LOW,30200000,2025-12-17 17:54:58 +00:00,54.00,29.00,34.00,33.00,44.00,570.50,40.10,2.00,1.70,6.10,2.70,0.68,3.19
car window tinting in brampton,https://www.uniqueautoinc.ca/window-tinting-brampton/,"commercial,navigational","local_pack,people_also_ask,people_also_search,related_searches",110,0,2.33,19,0,0.93,HIGH,77500,2025-12-20 13:54:40 +00:00,,,,,,296.00,77.10,20.80,19.60,51.10,42.40,0.91,3.41
different tinting levels,https://www.uniqueautoinc.ca/how-much-should-you-tint-car-windows/,informational,"images,ai_overview,people_also_ask,video,related_searches",90,0,0.62,19,0,0.19,LOW,2920000,2025-11-10 15:52:10 +00:00,,,,,,280.80,29.00,4.30,2.70,6.90,4.10,,
fenix 360 auto,https://www.uniqueautoinc.ca/,transactional,"people_also_ask,related_searches,knowledge_graph,google_reviews,third_party_reviews,people_also_search,images",90,7,,19,0,0.02,LOW,5530000,2025-11-10 14:12:54 +00:00,54.00,29.00,34.00,33.00,44.00,562.70,84.20,18.40,14.00,88.60,85.40,,
unique ridez,https://www.uniqueautoinc.ca/,"informational,commercial","related_searches,google_reviews,knowledge_graph,images",50,0,,19,0,0.01,LOW,368000,2025-10-25 20:08:13 +00:00,54.00,29.00,34.00,33.00,44.00,,,,,,,,
window tint levels for cars,https://www.uniqueautoinc.ca/how-much-should-you-tint-car-windows/,"commercial,transactional","ai_overview,images,people_also_ask,discussions_and_forums,video,popular_products,related_searches",50,0,1.04,19,0,0.52,MEDIUM,18900000,2025-10-24 18:11:14 +00:00,,,,,,289.70,45.10,4.30,4.30,11.50,6.10,0.30,2.10
auto detailers toronto,https://www.uniqueautoinc.ca/automotive-detailing-toronto/,"navigational,commercial","local_pack,people_also_search,related_searches",3600,20,3.04,20,8,0.47,MEDIUM,77000,2025-11-09 00:05:49 +00:00,,,,,,128.90,176.80,60.30,55.10,121.70,60.80,0.86,4.46
window tinting in brampton,https://www.uniqueautoinc.ca/window-tinting-brampton/,"navigational,commercial","local_pack,people_also_ask,people_also_search,related_searches",720,3,3.06,20,1,0.74,HIGH,341000,2025-11-08 20:28:19 +00:00,,,,,,306.80,91.80,20.30,19.20,48.20,40.30,0.78,3.03
best auto detailers near me,https://www.uniqueautoinc.ca/automotive-detailing/,"transactional,navigational","local_pack,people_also_ask,related_searches",480,7,2.17,20,1,0.77,HIGH,1210000000,2025-12-15 13:43:41 +00:00,10.00,3.00,3.00,3.00,3.00,267.50,118.80,51.10,49.20,154.90,95.60,0.65,2.54
tinting brampton,https://www.uniqueautoinc.ca/window-tinting-brampton/,navigational,"local_pack,people_also_ask,related_searches,images",320,0,2.33,20,0,0.80,HIGH,906000,2025-12-13 03:09:28 +00:00,,,,,,256.10,55.60,20.20,19.10,48.10,40.20,0.64,3.14
car window tint brampton,https://www.uniqueautoinc.ca/window-tinting-brampton/,"commercial,navigational","local_pack,people_also_ask,video,related_searches",110,3,2.33,20,0,0.93,HIGH,151000,2025-11-28 22:38:30 +00:00,,,,,,306.20,92.60,20.30,19.20,48.20,40.30,0.91,3.41
hamilton car window tinting,https://www.uniqueautoinc.ca/ceramic-coating-hamilton-ontario/,"navigational,transactional,commercial","local_pack,people_also_search,related_searches,images",70,0,1.93,20,0,0.76,HIGH,376000,2025-11-10 14:05:12 +00:00,,,,,,181.30,90.90,23.00,20.80,66.40,53.10,0.94,2.46
tint king scarborough,https://www.uniqueautoinc.ca/,"commercial,navigational","people_also_ask,people_also_search,related_searches,google_reviews,knowledge_graph,images",70,0,4.98,20,0,0.45,MEDIUM,244000,2025-11-16 09:35:27 +00:00,54.00,29.00,34.00,33.00,44.00,410.70,38.20,27.30,26.00,58.80,37.50,0.89,4.22
auto tint brampton,https://www.uniqueautoinc.ca/window-tinting-brampton/,"commercial,navigational","local_pack,people_also_ask,related_searches,images",720,2,3.06,21,1,0.74,HIGH,254000,2025-11-08 23:10:28 +00:00,,,,,,299.30,90.00,20.00,18.90,47.80,40.10,0.78,3.03
auto tinting brampton,https://www.uniqueautoinc.ca/window-tinting-brampton/,"navigational,commercial","local_pack,people_also_ask,related_searches,images",720,4,3.06,21,1,0.74,HIGH,107000,2025-11-18 16:58:14 +00:00,,,,,,231.20,105.30,39.40,37.20,94.90,71.70,0.78,3.03
tint in brampton,https://www.uniqueautoinc.ca/window-tinting-brampton/,navigational,"local_pack,people_also_search,people_also_ask,related_searches,images",320,0,2.33,21,0,0.80,HIGH,816000,2025-11-19 10:36:21 +00:00,,,,,,186.80,94.60,25.00,23.80,60.80,46.70,0.64,3.14
showroom shine,https://www.uniqueautoinc.ca/tips-for-automotive-detailing/,"transactional,navigational","local_pack,video,people_also_ask,popular_products,related_searches,images",260,0,0.14,21,0,0.12,LOW,51600000,2025-11-24 04:32:40 +00:00,,,,,,246.90,12.50,0.60,0.60,0.60,0.50,0.74,3.62
exclusive detailing,https://www.uniqueautoinc.ca/automotive-detailing-toronto/,"navigational,commercial","local_pack,people_also_ask,related_searches,images",70,0,,21,0,0.07,LOW,923000000,2025-12-02 18:53:24 +00:00,,,,,,503.20,14.20,5.80,5.50,8.60,6.70,,
quality tint,https://www.uniqueautoinc.ca/,"navigational,transactional","people_also_ask,popular_products,related_searches,knowledge_graph,google_reviews,images",70,0,2.14,21,0,0.29,LOW,93200000,2025-11-11 03:37:52 +00:00,54.00,29.00,34.00,33.00,44.00,341.60,66.10,14.20,13.80,19.00,11.40,,
quality tints,https://www.uniqueautoinc.ca/,"navigational,commercial","local_pack,people_also_ask,related_searches,images",70,6,2.14,21,0,0.29,LOW,12500000,2025-11-11 03:31:03 +00:00,54.00,29.00,34.00,33.00,44.00,370.30,99.70,36.10,34.60,89.30,71.90,,
what is ceramic coating on cars,https://www.uniqueautoinc.ca/ceramic-coating/,"commercial,informational","featured_snippet,people_also_ask,video,related_searches",70,26,1.34,21,0,0.30,LOW,13700000,2025-10-24 21:55:47 +00:00,10.00,5.00,4.00,4.00,5.00,492.90,169.10,54.50,53.00,79.50,45.80,0.04,1.28
ceramic coatings for automobiles,https://www.uniqueautoinc.ca/ceramic-coating/,commercial,"local_pack,people_also_ask,people_also_search,video,popular_products,related_searches,images",2900,11,2.26,22,6,0.99,HIGH,25000000,2025-11-17 23:08:17 +00:00,10.00,5.00,4.00,4.00,5.00,458.40,114.00,84.50,83.20,866.40,746.30,0.58,2.97
markham detailing,https://www.uniqueautoinc.ca/car-detailing-markham/,"navigational,commercial","local_pack,related_searches",1300,0,2.12,22,2,0.48,MEDIUM,1650000,2025-12-04 11:26:17 +00:00,,,,,,184.70,84.30,14.60,13.70,24.90,12.50,0.67,2.12
car tinting brampton,https://www.uniqueautoinc.ca/window-tinting-brampton/,"commercial,navigational","local_pack,discussions_and_forums,people_also_ask,related_searches,images",720,3,3.06,22,1,0.74,HIGH,176000,2025-11-18 17:04:57 +00:00,,,,,,344.30,90.70,20.00,18.90,47.80,40.10,0.78,3.03
lights out tint,https://www.uniqueautoinc.ca/,"transactional,commercial","people_also_ask,related_searches,third_party_reviews,google_reviews,knowledge_graph,images",170,0,,22,0,0.10,LOW,46500000,2025-12-18 05:02:52 +00:00,54.00,29.00,34.00,33.00,44.00,504.60,29.20,7.60,7.50,9.00,5.00,1.06,4.06
car tinted near me prices,https://www.uniqueautoinc.ca/,"transactional,commercial","local_pack,people_also_ask,people_also_search,related_searches",90,0,2.08,22,0,1.00,HIGH,23500000,2025-11-12 16:53:55 +00:00,54.00,29.00,34.00,33.00,44.00,262.60,29.10,8.80,8.60,14.90,7.40,0.69,2.07
showroom shine detailing,https://www.uniqueautoinc.ca/tips-for-automotive-detailing/,"navigational,transactional","local_pack,video,people_also_ask,popular_products,related_searches,images",90,0,,22,0,0.06,LOW,3140000,2025-11-29 01:32:04 +00:00,,,,,,434.80,9.30,0.40,0.40,0.40,0.30,,
ceramic spray wax,https://www.uniqueautoinc.ca/can-you-use-spray-wax-on-ceramic-coating/,transactional,"ai_overview,popular_products,people_also_ask,video,discussions_and_forums,people_also_search,related_searches",70,0,0.30,22,0,0.94,HIGH,18600000,2025-12-03 08:11:30 +00:00,,,,,,467.90,11.60,0.50,0.50,0.60,0.40,0.16,0.98
car detailing scarborough,https://www.uniqueautoinc.ca/,"commercial,navigational","local_pack,people_also_ask,people_also_search,discussions_and_forums,related_searches",1600,0,1.66,23,3,0.69,HIGH,994000,2025-12-10 05:43:08 +00:00,54.00,29.00,34.00,33.00,44.00,168.10,64.70,9.20,8.70,12.80,5.80,0.56,1.77
1 up autoworks,https://www.uniqueautoinc.ca/,"navigational,commercial","related_searches,knowledge_graph,google_reviews,third_party_reviews,images",90,0,,23,0,0.04,LOW,4090000,2025-12-01 13:40:30 +00:00,52.00,24.00,35.00,34.00,41.00,636.10,31.00,5.20,5.00,8.40,6.00,,
car tints near me prices,https://www.uniqueautoinc.ca/,"transactional,commercial","popular_products,people_also_ask,people_also_search,related_searches,images",90,0,2.08,23,0,1.00,HIGH,6580000,2025-11-12 17:04:21 +00:00,54.00,29.00,34.00,33.00,44.00,277.70,73.50,24.60,23.30,60.50,43.30,0.69,2.07
headlight tinting near me,https://www.uniqueautoinc.ca/,transactional,"local_pack,people_also_ask,people_also_search,related_searches",70,0,1.39,23,0,0.92,HIGH,2160000,2025-10-22 17:48:14 +00:00,54.00,29.00,34.00,33.00,44.00,164.40,43.40,17.70,17.20,24.10,16.20,0.61,2.73
wheel detailing,https://www.uniqueautoinc.ca/how-to-detail-tire-rim-and-wheel/,"navigational,commercial","local_pack,people_also_ask,video,popular_products,related_searches,images",70,0,1.33,23,0,0.26,LOW,52000000,2025-11-11 01:36:42 +00:00,,,,,,452.90,9.20,0.10,0.10,0.40,0.40,0.88,1.84
window tint brampton,https://www.uniqueautoinc.ca/window-tinting-brampton/,"commercial,navigational","local_pack,people_also_ask,people_also_search,related_searches,images",720,0,3.06,24,1,0.74,HIGH,311000,2025-12-07 05:07:26 +00:00,,,,,,281.60,69.30,20.00,18.90,47.80,40.10,0.78,3.03
tint brampton,https://www.uniqueautoinc.ca/window-tinting-brampton/,navigational,"local_pack,people_also_ask,people_also_search,related_searches,images",320,1,2.33,24,0,0.80,HIGH,795000,2025-12-13 03:09:12 +00:00,,,,,,269.40,86.20,29.70,28.40,66.80,50.10,0.64,3.14
inception automotive detailing,https://www.uniqueautoinc.ca/,"transactional,navigational","video,knowledge_graph,google_reviews,images",50,2,,24,0,0.02,LOW,1830000,2025-11-16 13:34:46 +00:00,54.00,29.00,34.00,33.00,44.00,722.70,42.70,7.10,6.90,42.80,16.20,,
quinte window tint,https://www.uniqueautoinc.ca/,"commercial,navigational","people_also_ask,related_searches,third_party_reviews,google_reviews,knowledge_graph,images",50,0,,24,0,0.04,LOW,23100,2025-10-29 02:45:54 +00:00,54.00,29.00,34.00,33.00,44.00,,,,,,,,
spraying ceramic coating,https://www.uniqueautoinc.ca/how-to-apply-turtle-wax-ceramic-spray-coating/,"commercial,transactional","video,people_also_ask,popular_products,carousel,people_also_search,related_searches",50,0,0.34,24,0,1.00,HIGH,27400000,2025-10-30 12:49:59 +00:00,,,,,,588.80,43.70,8.40,8.40,12.80,11.00,0.28,1.08
detailing markham,https://www.uniqueautoinc.ca/car-detailing-markham/,"commercial,navigational","local_pack,related_searches",1300,0,2.23,25,2,0.54,MEDIUM,13100000,2025-12-10 09:31:13 +00:00,,,,,,194.60,72.20,18.10,17.30,49.00,27.80,0.75,2.84
how long does it take to detail a car,https://www.uniqueautoinc.ca/how-long-does-it-take-to-detail-a-car/,informational,"ai_overview,people_also_ask,related_searches",140,0,,25,0,0.01,LOW,1350000000,2025-11-27 09:47:02 +00:00,,,,,,553.60,10.80,0.60,0.60,0.90,0.60,,
car tinting near me prices,https://www.uniqueautoinc.ca/,"commercial,navigational","people_also_ask,people_also_search,related_searches,images",90,0,2.08,25,0,1.00,HIGH,3570000,2025-11-12 16:54:05 +00:00,54.00,29.00,34.00,33.00,44.00,243.20,35.90,19.70,18.60,46.20,38.70,0.69,2.07
ej auto tint,https://www.uniqueautoinc.ca/,transactional,"related_searches,third_party_reviews,google_reviews,knowledge_graph,images",90,0,0.99,25,0,0.25,LOW,536000,2025-11-12 16:00:10 +00:00,54.00,29.00,34.00,33.00,44.00,,,,,,,0.46,0.89
mr tint toronto,https://www.uniqueautoinc.ca/,"commercial,navigational","people_also_ask,related_searches,google_reviews,knowledge_graph,images",90,0,2.73,25,0,0.44,MEDIUM,1110000,2025-11-10 04:58:18 +00:00,54.00,29.00,34.00,33.00,44.00,645.70,25.00,13.30,11.90,58.90,53.80,0.77,2.03
window tinting close to me,https://www.uniqueautoinc.ca/,"commercial,navigational","local_pack,people_also_ask,related_searches,images",12100,0,2.68,26,25,0.45,MEDIUM,8760000,2025-12-08 16:41:18 +00:00,54.00,29.00,34.00,33.00,44.00,219.60,34.00,7.00,6.90,10.90,5.80,0.93,3.01
tint shop near me,https://www.uniqueautoinc.ca/,"navigational,commercial","local_pack,people_also_ask,related_searches,images",2400,18,3.00,26,5,0.57,MEDIUM,89600000,2025-11-17 23:43:33 +00:00,54.00,29.00,34.00,33.00,44.00,174.10,181.20,67.90,65.40,684.80,652.90,0.97,3.38
meguiar's gold class car wash,https://www.uniqueautoinc.ca/is-meguiars-gold-class-safe-for-ceramic-coating/,transactional,"popular_products,people_also_ask,video,images,people_also_search,related_searches",260,0,0.34,26,0,0.94,HIGH,421000,2025-11-24 07:51:10 +00:00,,,,,,567.80,15.90,1.20,1.20,2.00,1.80,0.30,1.00
intense auto,https://www.uniqueautoinc.ca/did-you-know/,transactional,"video,related_searches,third_party_reviews,google_reviews,knowledge_graph,images",170,0,,26,0,0.06,LOW,409000000,2025-11-26 05:09:29 +00:00,,,,,,499.50,17.00,2.00,2.00,3.70,2.30,,
exclusive detail,https://www.uniqueautoinc.ca/automotive-detailing-toronto/,"navigational,commercial","local_pack,related_searches,images",70,0,,26,0,0.07,LOW,874000000,2025-12-02 18:53:15 +00:00,,,,,,400.10,34.80,6.30,6.00,9.50,7.30,,
first place tinting,https://www.uniqueautoinc.ca/,"navigational,commercial","people_also_ask,related_searches,google_reviews,knowledge_graph",70,4,,26,0,0.06,LOW,7690000,2025-11-10 13:45:55 +00:00,54.00,29.00,34.00,33.00,44.00,294.00,101.90,20.60,19.90,38.40,19.40,,
what is ceramic coating for cars,https://www.uniqueautoinc.ca/ceramic-coating/,"commercial,transactional","ai_overview,people_also_ask,video,related_searches,images",70,27,0.93,26,0,0.44,MEDIUM,59900000,2025-11-11 01:45:15 +00:00,10.00,5.00,4.00,4.00,5.00,504.40,184.20,62.80,60.90,89.70,47.30,0.02,1.59
what is ceramic coating on car,https://www.uniqueautoinc.ca/ceramic-coating/,"commercial,informational","ai_overview,people_also_ask,video,related_searches",70,26,1.34,26,0,0.30,LOW,26400000,2025-10-24 21:56:05 +00:00,10.00,5.00,4.00,4.00,5.00,404.00,160.40,48.50,47.30,75.60,48.90,0.04,1.28
ceramic for car,https://www.uniqueautoinc.ca/ceramic-coating/,"commercial,transactional","ai_overview,people_also_ask,popular_products,video,discussions_and_forums,related_searches,images",110,13,2.53,27,0,0.71,HIGH,139000000,2025-11-30 07:51:52 +00:00,10.00,5.00,4.00,4.00,5.00,412.70,127.00,102.70,100.90,892.30,755.60,1.38,3.86
privacy tint inc,https://www.uniqueautoinc.ca/,"commercial,navigational","people_also_ask,related_searches,third_party_reviews,google_reviews,knowledge_graph,images",110,0,,27,0,0.06,LOW,23700000,2025-11-09 09:35:12 +00:00,54.00,29.00,34.00,33.00,44.00,663.90,6.20,4.70,4.50,5.40,4.20,,
car window tinting in hamilton,https://www.uniqueautoinc.ca/ceramic-coating-hamilton-ontario/,"commercial,navigational","local_pack,discussions_and_forums,related_searches",70,10,1.93,27,0,0.76,HIGH,389000,2025-11-02 17:59:18 +00:00,,,,,,203.00,106.90,23.20,21.00,66.90,53.60,0.94,2.46
auto detailing toronto,https://www.uniqueautoinc.ca/automotive-detailing-toronto/,"navigational,commercial","local_pack,people_also_ask,video,people_also_search,related_searches",3600,21,3.04,28,7,0.47,MEDIUM,50200000,2025-11-03 13:34:46 +00:00,,,,,,143.20,173.20,53.90,49.10,111.40,61.30,0.86,4.46
tint express scarborough,https://www.uniqueautoinc.ca/,"commercial,navigational","people_also_ask,video,people_also_search,related_searches,google_reviews,knowledge_graph,images",1900,0,3.53,28,3,0.12,LOW,116000,2025-12-10 02:38:59 +00:00,54.00,29.00,34.00,33.00,44.00,,,,,,,0.63,2.06
how long does car detailing take,https://www.uniqueautoinc.ca/how-long-does-it-take-to-detail-a-car/,informational,"ai_overview,people_also_ask,related_searches",70,0,,28,0,0.02,LOW,78500000,2025-12-02 13:42:42 +00:00,,,,,,478.70,6.60,0.40,0.40,0.70,0.50,,
tint places near me,https://www.uniqueautoinc.ca/,"navigational,informational","local_pack,people_also_ask,related_searches,images,people_also_search",260,0,3.44,29,0,0.73,HIGH,39700000,2025-12-16 18:00:41 +00:00,54.00,29.00,34.00,33.00,44.00,242.70,66.20,12.30,12.10,597.80,582.50,0.89,3.61
meguiars gold class car shampoo and conditioner,https://www.uniqueautoinc.ca/is-meguiars-gold-class-safe-for-ceramic-coating/,transactional,"popular_products,people_also_ask,discussions_and_forums,video,people_also_search,related_searches,images",90,0,0.32,29,0,0.90,HIGH,125000,2025-12-04 05:49:19 +00:00,,,,,,545.70,13.60,0.70,0.70,1.40,1.40,0.32,0.71
ceramic coating worth it,https://www.uniqueautoinc.ca/is-ceramic-coating-really-worth-it/,"transactional,commercial","discussions_and_forums,people_also_ask,video,images,related_searches",70,0,3.97,29,0,0.17,LOW,52100000,2025-12-03 08:11:54 +00:00,,,,,,403.80,63.80,13.30,13.30,26.10,17.00,0.08,2.36
unique auto body,https://www.uniqueautoinc.ca/did-you-know/,"navigational,commercial","local_pack,people_also_search,related_searches,images",170,0,1.38,30,0,0.12,LOW,167000000,2025-11-25 15:54:21 +00:00,,,,,,524.30,55.20,3.70,3.20,10.30,3.30,0.84,4.59
how to clean a car wheel,https://www.uniqueautoinc.ca/how-to-detail-tire-rim-and-wheel/,informational,"ai_overview,video,people_also_ask,discussions_and_forums,carousel,related_searches,images",170,0,0.44,31,0,0.94,HIGH,236000000,2025-12-13 22:24:07 +00:00,,,,,,464.50,30.90,1.30,1.20,15.90,15.00,0.09,0.81
meguiar's gold class car shampoo and conditioner,https://www.uniqueautoinc.ca/is-meguiars-gold-class-safe-for-ceramic-coating/,transactional,"discussions_and_forums,video,people_also_ask,popular_products,people_also_search,related_searches,images",90,0,0.16,31,0,0.81,HIGH,149000,2025-12-04 05:48:05 +00:00,,,,,,531.40,13.60,0.70,0.70,1.40,1.40,,
is ceramic coating worth it,https://www.uniqueautoinc.ca/is-ceramic-coating-really-worth-it/,"transactional,commercial","ai_overview,people_also_ask,discussions_and_forums,video,images,related_searches",590,0,2.75,32,1,0.15,LOW,53000000,2025-12-11 09:34:44 +00:00,,,,,,414.00,63.80,13.30,13.30,26.10,17.00,0.06,2.19
cleaning wheels and tires,https://www.uniqueautoinc.ca/how-to-detail-tire-rim-and-wheel/,transactional,"video,people_also_ask,popular_products,discussions_and_forums,related_searches",210,0,0.30,32,0,1.00,HIGH,31200000,2025-11-25 08:52:42 +00:00,,,,,,603.60,9.10,0.50,0.50,0.60,0.20,0.11,0.85
showroom shine auto detailing,https://www.uniqueautoinc.ca/tips-for-automotive-detailing/,"navigational,transactional","local_pack,people_also_ask,popular_products,related_searches,images",170,0,0.04,32,0,0.05,LOW,4690000,2025-11-27 01:15:20 +00:00,,,,,,379.30,9.30,0.40,0.40,0.40,0.30,,
rim coating,https://www.uniqueautoinc.ca/how-to-detail-tire-rim-and-wheel/,"commercial,transactional","ai_overview,local_pack,people_also_ask,video,popular_products,related_searches,images",70,0,0.30,32,0,1.00,HIGH,81600000,2025-12-01 23:35:58 +00:00,,,,,,217.60,29.60,5.90,5.70,14.70,6.30,0.47,3.09
auto bloggers,https://www.uniqueautoinc.ca/blogs/,navigational,"people_also_ask,related_searches",30,23,3.42,32,0,0.06,LOW,1850000000,2025-10-19 21:18:48 +00:00,,,,,,424.30,176.90,2718.50,2645.50,53069.80,39847.10,,
s class auto tinting brampton,https://www.uniqueautoinc.ca/window-tinting-brampton/,"commercial,navigational","people_also_ask,images,related_searches,third_party_reviews,google_reviews,knowledge_graph",480,0,0.73,33,1,0.08,LOW,23300,2025-11-20 18:24:19 +00:00,,,,,,695.00,3.20,0.10,0.10,0.60,0.00,0.60,1.03
mobile tinting window,https://www.uniqueautoinc.ca/window-tinting/,"commercial,transactional,navigational","local_pack,video,popular_products,people_also_search,people_also_ask,related_searches,images",170,0,1.75,33,0,0.80,HIGH,11000000,2025-11-07 11:23:27 +00:00,11.00,3.00,3.00,3.00,3.00,227.30,21.10,0.70,0.70,2.20,1.60,0.76,2.62
cleaning tires and rims,https://www.uniqueautoinc.ca/how-to-detail-tire-rim-and-wheel/,transactional,"ai_overview,video,people_also_ask,popular_products,discussions_and_forums,carousel,people_also_search,related_searches,images",70,0,0.33,33,0,1.00,HIGH,7000000,2025-12-03 05:34:26 +00:00,,,,,,500.90,27.60,1.30,1.20,15.80,14.80,0.20,1.12
protective film automotive,https://www.uniqueautoinc.ca/should-i-get-a-paint-protection-film-on-my-new-car/,"transactional,navigational","local_pack,video,popular_products,people_also_ask,related_searches",70,0,5.07,33,0,0.98,HIGH,55100000,2025-11-11 03:25:25 +00:00,,,,,,361.90,43.00,10.90,10.70,13.90,7.00,0.60,4.28
ppf self healing,https://www.uniqueautoinc.ca/paint-protection-film/,"transactional,commercial","ai_overview,video,people_also_ask,discussions_and_forums,scholarly_articles,related_searches,images",50,0,1.33,33,0,0.71,HIGH,1420000,2025-10-29 06:53:00 +00:00,11.00,5.00,5.00,4.00,5.00,442.30,56.40,13.20,12.80,24.70,16.40,0.47,2.35
cheap tinting windows near me,https://www.uniqueautoinc.ca/,transactional,"local_pack,people_also_ask,related_searches",210,0,2.86,34,0,0.98,HIGH,5960000,2025-12-13 20:14:04 +00:00,54.00,29.00,34.00,33.00,44.00,215.00,61.90,31.00,29.60,59.50,47.00,0.93,3.40
cleaning tires and wheels,https://www.uniqueautoinc.ca/how-to-detail-tire-rim-and-wheel/,transactional,"ai_overview,video,people_also_ask,discussions_and_forums,popular_products,carousel,local_pack,related_searches",210,0,0.33,34,0,1.00,HIGH,26700000,2025-11-12 05:37:17 +00:00,,,,,,583.70,9.00,0.50,0.50,0.60,0.20,0.16,0.94
car wheel cleaning,https://www.uniqueautoinc.ca/how-to-detail-tire-rim-and-wheel/,"commercial,navigational","ai_overview,video,people_also_ask,discussions_and_forums,carousel,local_pack,related_searches,images",140,0,0.33,34,0,0.83,HIGH,144000000,2025-11-27 17:14:16 +00:00,,,,,,590.50,14.40,1.00,1.00,1.50,0.50,0.15,0.81
how long does auto detailing take,https://www.uniqueautoinc.ca/how-long-does-it-take-to-detail-a-car/,informational,"ai_overview,people_also_ask,related_searches",140,0,,34,0,0.01,LOW,65300000,2025-11-27 09:58:03 +00:00,,,,,,474.50,6.60,0.40,0.40,0.70,0.50,,
tint and thingz,https://www.uniqueautoinc.ca/,"navigational,commercial","people_also_ask,related_searches,third_party_reviews,google_reviews,knowledge_graph,images",70,0,,34,0,0.05,LOW,82500,2025-11-13 21:41:46 +00:00,54.00,29.00,34.00,33.00,44.00,,,,,,,,
mike's auto tint,https://www.uniqueautoinc.ca/,"navigational,commercial","people_also_ask,images,related_searches,google_reviews,knowledge_graph",590,0,1.50,35,1,0.12,LOW,4690000,2025-12-11 08:50:36 +00:00,54.00,29.00,34.00,33.00,44.00,556.40,11.80,7.30,7.20,17.00,4.60,0.51,1.23
protective car film,https://www.uniqueautoinc.ca/paint-protection-film/,"transactional,commercial","people_also_ask,video,local_pack,people_also_search,popular_products,related_searches,images",590,9,3.74,35,1,1.00,HIGH,435000000,2025-11-08 23:31:59 +00:00,11.00,5.00,5.00,4.00,5.00,355.30,103.60,24.80,24.70,38.60,23.10,0.92,4.41
how long does a car detail take,https://www.uniqueautoinc.ca/how-long-does-it-take-to-detail-a-car/,informational,"ai_overview,people_also_ask,related_searches",140,0,,35,0,0.01,LOW,1250000000,2025-11-27 09:58:16 +00:00,,,,,,396.90,6.60,0.40,0.40,0.70,0.50,,
tinted windows shops,https://www.uniqueautoinc.ca/,"navigational,transactional,commercial","local_pack,people_also_ask,popular_products,related_searches",90,0,4.60,35,0,0.22,LOW,18000000,2025-10-20 05:10:34 +00:00,54.00,29.00,34.00,33.00,44.00,334.20,46.80,6.80,6.60,579.40,573.10,0.93,2.29
ceramic automotive coatings,https://www.uniqueautoinc.ca/ceramic-coating/,"transactional,navigational,commercial","people_also_ask,popular_products,local_pack,related_searches",2900,21,2.26,36,6,0.99,HIGH,18000000,2025-11-17 23:08:03 +00:00,10.00,5.00,4.00,4.00,5.00,447.90,143.80,90.20,88.80,890.30,768.10,0.58,2.97
window tint levels,https://www.uniqueautoinc.ca/how-much-should-you-tint-car-windows/,"commercial,navigational","images,people_also_ask,related_searches",260,0,0.47,36,0,0.25,LOW,13200000,2025-12-13 15:36:45 +00:00,,,,,,327.50,15.30,3.10,3.10,3.70,0.80,0.69,1.67
diversity auto films,https://www.uniqueautoinc.ca/,"navigational,commercial","people_also_ask,related_searches,third_party_reviews,google_reviews,knowledge_graph,images",210,2,,36,0,0.08,LOW,13500000,2025-12-17 05:29:05 +00:00,54.00,29.00,34.00,33.00,44.00,601.80,55.40,6.30,6.30,234.70,118.70,0.78,2.89
glass ceramic coating,https://www.uniqueautoinc.ca/ceramic-coating/,"transactional,commercial","popular_products,people_also_ask,video,discussions_and_forums,people_also_search,related_searches,images",210,0,0.61,36,0,1.00,HIGH,68100000,2025-11-09 04:59:53 +00:00,10.00,5.00,4.00,4.00,5.00,382.10,24.60,1.40,1.30,3.10,2.50,0.35,2.64
insta tints scarborough,https://www.uniqueautoinc.ca/,"commercial,navigational","people_also_ask,related_searches,google_reviews,knowledge_graph,images",210,0,4.39,36,0,0.28,LOW,5050,2025-11-29 16:28:04 +00:00,54.00,29.00,34.00,33.00,44.00,584.10,15.50,0.10,0.10,0.10,0.10,0.87,3.30
sindicate auto salon,https://www.uniqueautoinc.ca/,"navigational,commercial","video,related_searches,knowledge_graph,google_reviews,third_party_reviews,images",170,0,,36,0,0.03,LOW,10200,2025-11-25 18:54:07 +00:00,54.00,29.00,34.00,33.00,44.00,739.20,14.40,5.00,4.70,6.10,4.20,,
custom tint peterborough,https://www.uniqueautoinc.ca/,"commercial,navigational","people_also_ask,related_searches,knowledge_graph,google_reviews",140,0,4.62,36,0,0.06,LOW,121000,2025-10-17 23:28:39 +00:00,54.00,29.00,34.00,33.00,44.00,537.80,7.80,0.10,0.10,0.10,0.10,1.25,5.87
car care 3m,https://www.uniqueautoinc.ca/where-to-buy-3m-ceramic-coating/,"commercial,transactional,navigational","ai_overview,popular_products,related_searches,google_reviews,knowledge_graph,images",110,0,0.75,36,0,0.51,MEDIUM,111000000,2025-12-14 15:17:53 +00:00,,,,,,412.10,39.40,5.50,4.90,13.70,11.90,0.35,1.37
window tint levels car,https://www.uniqueautoinc.ca/how-much-should-you-tint-car-windows/,"commercial,transactional","ai_overview,images,video,popular_products,related_searches",50,0,1.04,37,0,0.52,MEDIUM,19900000,2025-10-24 18:11:16 +00:00,,,,,,263.60,3.00,0.20,0.20,0.20,0.00,0.30,2.10
xpel vs suntek,https://www.uniqueautoinc.ca/which-paint-protection-film-is-the-best/,transactional,"ai_overview,people_also_ask,related_searches",50,0,,37,0,0.03,LOW,306000,2025-10-21 12:21:16 +00:00,,,,,,344.70,4.30,0.10,0.10,0.10,0.10,,
cleaning tires,https://www.uniqueautoinc.ca/how-to-detail-tire-rim-and-wheel/,"commercial,navigational","people_also_ask,video,popular_products,discussions_and_forums,carousel,related_searches",590,0,0.39,38,1,1.00,HIGH,158000000,2025-11-09 00:50:45 +00:00,,,,,,581.90,30.90,2.90,2.80,3.40,2.30,0.24,1.50
paint protection for car,https://www.uniqueautoinc.ca/is-paint-protection-film-for-cars-worth-it/,"transactional,commercial","ai_overview,people_also_ask,video,local_pack,people_also_search,popular_products,discussions_and_forums,related_searches,images",590,0,2.83,38,1,0.53,MEDIUM,172000000,2025-11-08 23:35:51 +00:00,,,,,,471.10,46.20,20.30,19.90,25.00,16.30,0.96,3.73
5 percent tint,https://www.uniqueautoinc.ca/how-much-should-you-tint-car-windows/,"commercial,transactional","images,people_also_ask,video,popular_products,related_searches",170,0,0.12,38,0,0.23,LOW,28600000,2025-11-26 15:20:15 +00:00,,,,,,589.60,15.60,2.10,2.10,8.50,8.10,,
lights out tinting,https://www.uniqueautoinc.ca/,"commercial,navigational","people_also_ask,related_searches,third_party_reviews,google_reviews,knowledge_graph,images",170,0,,38,0,0.05,LOW,5370000,2025-12-18 05:04:19 +00:00,54.00,29.00,34.00,33.00,44.00,533.20,29.20,7.60,7.50,9.00,5.00,,
clean a black car,https://www.uniqueautoinc.ca/how-to-clean-cars-interior-like-a-pro/,informational,"ai_overview,video,people_also_ask,discussions_and_forums,people_also_search,carousel,related_searches,images",70,0,0.22,38,0,0.16,LOW,775000000,2025-11-14 12:22:41 +00:00,,,,,,450.10,3.20,0.10,0.10,0.10,0.10,,
ppf for cars,https://www.uniqueautoinc.ca/paint-protection-film/,commercial,"ai_overview,people_also_ask,local_pack,popular_products,related_searches,images",1600,9,4.02,39,3,0.43,MEDIUM,38900000,2025-11-11 12:33:55 +00:00,11.00,5.00,5.00,4.00,5.00,501.30,101.20,57.20,56.00,114.40,65.50,1.11,4.12
car tinting percentages,https://www.uniqueautoinc.ca/how-much-should-you-tint-car-windows/,informational,"ai_overview,images,people_also_ask,video,related_searches",880,0,0.42,39,1,0.20,LOW,312000,2025-11-08 20:12:52 +00:00,,,,,,274.50,21.50,2.90,2.70,3.70,3.00,0.90,1.83
car protector film,https://www.uniqueautoinc.ca/paint-protection-film/,"commercial,transactional","popular_products,video,discussions_and_forums,people_also_ask,related_searches,images",590,7,3.37,39,1,0.82,HIGH,351000000,2025-11-11 15:42:04 +00:00,11.00,5.00,5.00,4.00,5.00,385.10,102.40,25.70,25.70,44.30,25.60,0.95,4.31
ppf installer,https://www.uniqueautoinc.ca/paint-protection-film-toronto/,"navigational,informational","ai_overview,video,people_also_ask,related_searches,knowledge_graph,google_reviews",390,5,3.90,39,0,0.26,LOW,1880000,2025-11-23 15:00:00 +00:00,,,,,,338.90,98.00,19.60,18.90,53.80,42.40,1.32,5.39
stay cool window tinting,https://www.uniqueautoinc.ca/car-window-tinting-how-what-and-why/,"commercial,navigational","discussions_and_forums,people_also_search,people_also_ask,related_searches,google_reviews,knowledge_graph,images",140,0,3.74,39,0,0.19,LOW,3970000,2025-11-29 23:05:06 +00:00,,,,,,470.20,37.20,0.90,0.90,3.20,2.40,1.36,2.40
car tinting peterborough,https://www.uniqueautoinc.ca/,"commercial,navigational","local_pack,people_also_search,people_also_ask,related_searches",210,0,1.48,40,0,0.56,MEDIUM,245000,2025-11-01 19:52:42 +00:00,54.00,29.00,34.00,33.00,44.00,641.50,28.50,1.30,1.30,1.70,1.30,0.84,2.21
car detailing image,https://www.uniqueautoinc.ca/tips-for-automotive-detailing/,"navigational,transactional,commercial","images,related_searches",70,0,,40,0,0.08,LOW,63500000,2025-12-03 09:28:19 +00:00,,,,,,666.70,9.60,0.40,0.40,0.40,0.30,,
ceramic glass coating,https://www.uniqueautoinc.ca/ceramic-coating/,transactional,"ai_overview,popular_products,video,people_also_ask,carousel,people_also_search,related_searches,images",210,0,0.51,41,0,1.00,HIGH,34300000,2025-11-25 09:12:38 +00:00,10.00,5.00,4.00,4.00,5.00,388.20,22.80,1.40,1.30,3.10,2.50,0.28,1.94
window tinting toronto prices,https://www.uniqueautoinc.ca/,"commercial,navigational","ai_overview,people_also_ask,people_also_search,related_searches,images",90,0,1.32,41,0,0.85,HIGH,192000,2025-12-20 16:12:09 +00:00,54.00,29.00,34.00,33.00,44.00,199.20,36.10,19.70,18.80,48.00,40.10,0.64,1.61
car tint levels,https://www.uniqueautoinc.ca/how-much-should-you-tint-car-windows/,"commercial,informational","ai_overview,images,people_also_ask,video,related_searches",70,0,0.27,41,0,0.31,LOW,11300000,2025-11-11 09:36:27 +00:00,,,,,,345.10,12.10,0.90,0.90,1.20,0.50,,
car tinting levels,https://www.uniqueautoinc.ca/how-much-should-you-tint-car-windows/,"informational,commercial","images,people_also_ask,video,related_searches",70,0,0.27,41,0,0.31,LOW,1820000,2025-12-03 09:33:29 +00:00,,,,,,267.10,22.60,2.50,2.50,7.50,4.30,,
window tint st thomas,https://www.uniqueautoinc.ca/,"commercial,navigational","local_pack,people_also_ask,related_searches,images",50,0,1.65,41,0,0.35,MEDIUM,1320000,2025-10-01 19:05:28 +00:00,54.00,29.00,34.00,33.00,44.00,504.50,8.30,5.90,5.80,7.70,5.00,,
window tinters,https://www.uniqueautoinc.ca/window-tinting-brampton/,"commercial,navigational","local_pack,people_also_ask,related_searches,images",18100,9,1.69,42,38,0.72,HIGH,74300000,2025-12-08 15:58:07 +00:00,,,,,,409.20,111.10,48.30,46.60,107.40,82.00,0.76,3.04
tint percentages,https://www.uniqueautoinc.ca/how-much-should-you-tint-car-windows/,informational,"ai_overview,people_also_ask,related_searches,images",1000,0,0.22,42,2,0.21,LOW,30300000,2025-12-10 11:26:50 +00:00,,,,,,331.00,15.20,3.10,3.10,5.30,2.30,,
s class tinting brampton,https://www.uniqueautoinc.ca/window-tinting-brampton/,"commercial,navigational","people_also_ask,images,related_searches,third_party_reviews,google_reviews,knowledge_graph",480,0,0.73,42,1,0.08,LOW,21600,2025-11-20 18:24:10 +00:00,,,,,,695.00,3.20,0.10,0.10,0.60,0.00,0.60,1.03
window tints cheap,https://www.uniqueautoinc.ca/,"commercial,transactional","local_pack,people_also_ask,discussions_and_forums,popular_products,video,related_searches",110,0,3.03,42,0,0.90,HIGH,7840000,2025-11-28 01:50:10 +00:00,54.00,29.00,34.00,33.00,44.00,374.10,60.90,35.50,34.20,68.10,47.00,0.82,3.09
century auto tint,https://www.uniqueautoinc.ca/,"transactional,navigational","people_also_ask,related_searches,third_party_reviews,google_reviews,knowledge_graph,images",90,0,1.05,42,0,0.04,LOW,2410000,2025-12-01 09:16:10 +00:00,54.00,29.00,34.00,33.00,44.00,655.30,5.90,0.20,0.10,0.30,0.30,,
unique paints,https://www.uniqueautoinc.ca/gallery/,commercial,"popular_products,images",90,0,1.25,42,0,1.00,HIGH,86900000,2025-11-09 18:14:42 +00:00,,,,,,,,,,,,0.42,2.01
window tint fredericton,https://www.uniqueautoinc.ca/,"commercial,navigational","local_pack,people_also_ask,related_searches",90,0,0.37,42,0,0.59,MEDIUM,26100,2025-11-29 00:09:58 +00:00,54.00,29.00,34.00,33.00,44.00,356.30,11.10,9.90,9.50,11.10,7.60,0.05,1.65
windshield ceramic coating,https://www.uniqueautoinc.ca/ceramic-coating/,"transactional,commercial","popular_products,people_also_ask,video,people_also_search,related_searches,images",90,0,0.83,42,0,1.00,HIGH,6930000,2025-11-30 13:31:06 +00:00,10.00,5.00,4.00,4.00,5.00,324.00,15.80,1.20,1.10,2.90,2.40,0.46,2.21
how to clean your car interior,https://www.uniqueautoinc.ca/how-to-clean-cars-interior-like-a-pro/,informational,"ai_overview,video,people_also_ask,carousel,discussions_and_forums,related_searches",70,5,0.19,42,0,0.73,HIGH,225000000,2025-11-16 15:18:42 +00:00,,,,,,503.30,80.60,27.40,26.40,51.10,40.90,0.02,0.96
self healing paint protection film,https://www.uniqueautoinc.ca/paint-protection-film/,"transactional,commercial","people_also_ask,video,people_also_search,discussions_and_forums,popular_products,related_searches,images",50,2,1.33,42,0,0.71,HIGH,4430000,2025-10-28 16:45:00 +00:00,11.00,5.00,5.00,4.00,5.00,393.40,80.80,38.10,38.00,57.30,25.60,0.47,2.35
auto paint protection film,https://www.uniqueautoinc.ca/paint-protection-film/,"transactional,commercial","local_pack,people_also_ask,video,people_also_search,discussions_and_forums,related_searches,images",720,1,2.26,43,1,0.76,HIGH,21500000,2025-11-11 15:21:24 +00:00,11.00,5.00,5.00,4.00,5.00,370.80,78.40,31.10,31.00,50.20,25.10,0.91,3.69
car window tinting etobicoke,https://www.uniqueautoinc.ca/,"commercial,transactional","local_pack,people_also_ask,people_also_search,related_searches",140,1,,43,0,0.01,LOW,72000,2025-11-13 23:25:34 +00:00,54.00,29.00,34.00,33.00,44.00,307.80,83.30,56.10,53.10,140.70,111.50,,
window tinting for cheap,https://www.uniqueautoinc.ca/,transactional,"local_pack,people_also_ask,popular_products,people_also_search,related_searches",110,0,3.03,43,0,0.90,HIGH,16700000,2025-11-28 02:01:29 +00:00,54.00,29.00,34.00,33.00,44.00,412.00,11.00,1.20,1.10,2.40,1.60,0.82,3.09
distinct auto detail,https://www.uniqueautoinc.ca/automotive-detailing/,"navigational,commercial","related_searches,knowledge_graph,google_reviews,images",90,0,1.08,43,0,0.04,LOW,71900000,2025-12-03 01:56:54 +00:00,10.00,3.00,3.00,3.00,3.00,472.90,21.30,7.70,7.60,17.50,15.00,,
automobile detailers near me,https://www.uniqueautoinc.ca/automotive-detailing/,"navigational,commercial","local_pack,people_also_ask,people_also_search,related_searches",6600,0,2.06,44,13,0.48,MEDIUM,4370000,2025-12-09 22:29:27 +00:00,10.00,3.00,3.00,3.00,3.00,177.50,87.00,21.10,20.80,35.10,24.20,0.74,2.76
how much tint car windows,https://www.uniqueautoinc.ca/how-much-should-you-tint-car-windows/,"commercial,transactional","featured_snippet,people_also_ask,popular_products,discussions_and_forums,video,related_searches,images",720,0,2.33,44,1,0.55,MEDIUM,19900000,2025-11-09 06:51:32 +00:00,,,,,,267.40,20.00,0.60,0.50,1.80,1.40,0.73,1.87
ceramic paint protection,https://www.uniqueautoinc.ca/ceramic-coating/,"transactional,commercial","ai_overview,people_also_ask,video,popular_products,discussions_and_forums,related_searches,images",170,10,2.17,44,0,0.87,HIGH,62700000,2025-11-26 11:05:20 +00:00,10.00,5.00,4.00,4.00,5.00,451.40,111.30,84.40,83.10,866.30,746.20,0.69,2.98
glass coating on car,https://www.uniqueautoinc.ca/ceramic-coating/,commercial,"ai_overview,popular_products,people_also_ask,video,images,related_searches",70,0,0.36,44,0,0.95,HIGH,49600000,2025-11-17 02:54:09 +00:00,10.00,5.00,4.00,4.00,5.00,463.60,25.00,1.50,1.40,3.20,2.60,0.44,2.26
polishing a car before and after,https://www.uniqueautoinc.ca/can-you-ceramic-coat-after-polishing/,informational,"images,people_also_ask,video,discussions_and_forums,carousel,related_searches",50,0,0.24,44,0,0.09,LOW,154000000,2025-10-29 08:13:27 +00:00,,,,,,489.90,4.30,0.20,0.20,0.20,0.20,,
tint viewer,https://www.uniqueautoinc.ca/window-tinting/,"navigational,commercial","related_searches,images",50,4,,44,0,0.13,LOW,4720000,2025-10-26 14:37:43 +00:00,11.00,3.00,3.00,3.00,3.00,331.70,94.60,7.70,7.60,73.40,30.40,,
toronto detailing,https://www.uniqueautoinc.ca/automotive-detailing-toronto/,"navigational,commercial","local_pack,people_also_ask,people_also_search,related_searches",3600,11,3.04,45,7,0.47,MEDIUM,23700000,2025-11-07 05:34:46 +00:00,,,,,,230.70,141.30,45.50,41.10,97.90,52.50,0.86,4.46
paint protection film auto,https://www.uniqueautoinc.ca/paint-protection-film/,transactional,"local_pack,people_also_ask,popular_products,video,related_searches,images",720,0,3.19,45,1,0.88,HIGH,21500000,2025-11-20 00:07:23 +00:00,11.00,5.00,5.00,4.00,5.00,356.90,70.50,28.00,27.90,38.40,13.50,1.10,4.24
price to tint car,https://www.uniqueautoinc.ca/,commercial,"ai_overview,people_also_ask,images,people_also_search,related_searches",170,0,1.45,45,0,0.66,MEDIUM,27700000,2025-12-13 21:09:26 +00:00,54.00,29.00,34.00,33.00,44.00,219.10,31.10,1.60,1.50,3.90,2.70,0.72,1.57
how long does a car detailing take,https://www.uniqueautoinc.ca/how-long-does-it-take-to-detail-a-car/,informational,"ai_overview,people_also_ask,discussions_and_forums,related_searches",140,0,,45,0,0.02,LOW,83300000,2025-11-27 09:58:47 +00:00,,,,,,453.60,10.80,0.60,0.60,0.90,0.60,,
best way to clean interior car,https://www.uniqueautoinc.ca/how-to-clean-cars-interior-like-a-pro/,"transactional,informational,commercial","ai_overview,people_also_ask,video,discussions_and_forums,carousel,related_searches,images",110,35,0.03,45,0,0.83,HIGH,217000000,2025-11-09 14:18:09 +00:00,,,,,,524.30,146.90,66.60,49.00,149.70,92.10,0.03,1.00
n1 auto detailing,https://www.uniqueautoinc.ca/automotive-detailing-toronto/,"navigational,transactional","people_also_ask,related_searches,google_reviews,knowledge_graph,images",110,0,,45,0,0.02,LOW,853000,2025-11-10 04:46:58 +00:00,,,,,,,,,,,,,
self healing ppf,https://www.uniqueautoinc.ca/paint-protection-film/,transactional,"people_also_ask,video,discussions_and_forums,related_searches,images",50,0,1.33,45,0,0.71,HIGH,1360000,2025-10-28 16:37:25 +00:00,11.00,5.00,5.00,4.00,5.00,355.40,56.70,13.30,12.90,24.80,16.50,0.47,2.35
car paint protection film,https://www.uniqueautoinc.ca/should-i-get-a-paint-protection-film-on-my-new-car/,"commercial,transactional","popular_products,people_also_ask,people_also_search,discussions_and_forums,video,related_searches,images",720,1,3.19,46,1,0.88,HIGH,38500000,2025-11-20 06:31:27 +00:00,,,,,,331.40,81.70,30.30,30.10,45.00,21.80,1.10,4.24
window tint peterborough,https://www.uniqueautoinc.ca/,"commercial,navigational","local_pack,people_also_ask,related_searches,images",210,0,1.48,46,0,0.56,MEDIUM,156000,2025-12-16 23:40:13 +00:00,54.00,29.00,34.00,33.00,44.00,561.40,28.40,0.70,0.70,1.70,1.30,0.84,2.21
cost to tint windows car,https://www.uniqueautoinc.ca/,"commercial,informational","ai_overview,people_also_ask,discussions_and_forums,images,related_searches",170,0,1.45,46,0,0.66,MEDIUM,5840000,2025-12-14 06:43:46 +00:00,54.00,29.00,34.00,33.00,44.00,245.70,22.10,1.90,1.70,4.10,2.00,0.72,1.57
black tint,https://www.uniqueautoinc.ca/window-tinting-toronto/,"commercial,transactional","popular_products,people_also_ask,images,related_searches,third_party_reviews,google_reviews,knowledge_graph",140,0,1.16,46,0,0.42,MEDIUM,195000000,2025-11-27 19:01:23 +00:00,,,,,,404.80,10.70,0.90,0.70,1.20,1.00,0.73,3.63
ceramic paint coating,https://www.uniqueautoinc.ca/ceramic-coating/,"transactional,commercial","people_also_ask,video,popular_products,discussions_and_forums,related_searches,images",140,14,1.08,46,0,0.85,HIGH,23100000,2025-11-14 10:18:00 +00:00,10.00,5.00,4.00,4.00,5.00,486.70,125.20,88.30,86.50,870.90,749.90,0.38,2.51
ceramic windshield coating,https://www.uniqueautoinc.ca/ceramic-coating/,transactional,"popular_products,people_also_ask,video,discussions_and_forums,local_pack,people_also_search,related_searches,images",140,0,1.01,46,0,1.00,HIGH,5010000,2025-11-27 17:03:17 +00:00,10.00,5.00,4.00,4.00,5.00,363.40,44.10,9.20,9.10,15.30,13.20,0.55,2.87
window tinting sault ste marie,https://www.uniqueautoinc.ca/,"commercial,navigational","local_pack,people_also_ask,related_searches,images",110,0,0.76,46,0,0.24,LOW,33300,2025-11-28 01:50:15 +00:00,54.00,29.00,34.00,33.00,44.00,272.50,33.40,8.50,8.20,12.20,8.60,,
vehicle ceramic coating,https://www.uniqueautoinc.ca/ceramic-coating/,transactional,"local_pack,people_also_ask,video,related_searches,images",90,6,3.25,46,0,0.88,HIGH,22100000,2025-11-09 17:46:19 +00:00,10.00,5.00,4.00,4.00,5.00,447.10,92.50,20.80,20.10,28.10,22.70,0.79,4.21
wheel coating,https://www.uniqueautoinc.ca/how-to-detail-tire-rim-and-wheel/,commercial,"popular_products,video,people_also_ask,images,people_also_search,related_searches,knowledge_graph,google_reviews",70,0,0.30,46,0,1.00,HIGH,214000000,2025-12-01 15:25:46 +00:00,,,,,,447.60,17.90,1.20,1.20,2.40,1.50,0.47,3.09
car paint protection,https://www.uniqueautoinc.ca/paint-protection-film/,"commercial,transactional","ai_overview,discussions_and_forums,people_also_ask,local_pack,video,popular_products,related_searches",590,0,2.83,47,1,0.53,MEDIUM,153000000,2025-12-12 11:01:13 +00:00,11.00,5.00,5.00,4.00,5.00,410.70,45.90,20.30,19.90,25.00,16.30,0.96,3.73
ppf car protection,https://www.uniqueautoinc.ca/paint-protection-film/,transactional,"people_also_ask,video,local_pack,discussions_and_forums,related_searches,images",110,0,5.20,47,0,1.00,HIGH,19700000,2025-11-07 23:02:57 +00:00,11.00,5.00,5.00,4.00,5.00,307.00,67.60,19.10,18.90,24.20,8.30,0.96,4.01
self-healing ppf,https://www.uniqueautoinc.ca/paint-protection-film/,"transactional,commercial","people_also_ask,video,discussions_and_forums,scholarly_articles,related_searches,images",50,0,1.33,47,0,0.71,HIGH,1380000,2025-10-28 16:43:42 +00:00,11.00,5.00,5.00,4.00,5.00,355.40,56.70,13.30,12.90,24.80,16.50,0.47,2.35
window tinting peterborough,https://www.uniqueautoinc.ca/,"commercial,navigational","local_pack,people_also_ask,related_searches,images",210,0,1.97,48,0,0.40,MEDIUM,246000,2025-12-16 23:40:14 +00:00,54.00,29.00,34.00,33.00,44.00,467.00,31.60,3.70,3.70,5.10,3.50,0.71,3.02
window tints peterborough,https://www.uniqueautoinc.ca/,"commercial,navigational","local_pack,people_also_ask,related_searches,images",210,0,1.48,48,0,0.56,MEDIUM,25000,2025-11-01 18:44:01 +00:00,54.00,29.00,34.00,33.00,44.00,541.50,28.50,1.30,1.30,1.70,1.30,0.84,2.21
extreme auto detailing,https://www.uniqueautoinc.ca/automotive-detailing-toronto/,"navigational,commercial","local_pack,people_also_search,related_searches,images",170,0,1.64,48,0,0.29,LOW,50600000,2025-11-26 07:26:43 +00:00,,,,,,479.00,5.60,2.40,2.40,3.80,1.70,0.77,3.14
best way to clean car interior,https://www.uniqueautoinc.ca/how-to-clean-cars-interior-like-a-pro/,"commercial,transactional,informational","ai_overview,video,people_also_ask,discussions_and_forums,related_searches,images",110,6,0.03,48,0,0.83,HIGH,212000000,2025-11-30 09:43:06 +00:00,,,,,,524.10,83.70,21.40,20.30,43.50,33.40,0.03,1.00
cheap tinting windows,https://www.uniqueautoinc.ca/,"transactional,commercial","local_pack,people_also_ask,popular_products,video,related_searches",110,0,3.03,48,0,0.90,HIGH,7780000,2025-11-30 07:41:37 +00:00,54.00,29.00,34.00,33.00,44.00,419.40,55.10,24.10,22.80,58.50,41.70,0.82,3.09
window tinting fredericton,https://www.uniqueautoinc.ca/,"commercial,navigational","local_pack,people_also_ask,related_searches,images",90,0,0.37,48,0,0.59,MEDIUM,37400,2025-12-20 16:11:46 +00:00,54.00,29.00,34.00,33.00,44.00,379.20,11.10,6.70,6.50,7.20,3.90,0.05,1.65
glass coating car,https://www.uniqueautoinc.ca/ceramic-coating/,commercial,"ai_overview,video,people_also_ask,discussions_and_forums,images,popular_products,people_also_search,related_searches",70,0,0.36,48,0,0.95,HIGH,49200000,2025-11-17 02:54:32 +00:00,10.00,5.00,4.00,4.00,5.00,393.60,41.60,6.50,6.30,17.10,11.90,0.44,2.26
interior car cleaning markham,https://www.uniqueautoinc.ca/car-detailing-markham/,commercial,"local_pack,discussions_and_forums,people_also_ask,related_searches",70,0,2.45,48,0,0.68,HIGH,1010000,2025-12-02 12:23:38 +00:00,,,,,,182.10,66.50,12.00,11.30,20.70,11.70,1.07,2.92
self-healing paint protection film,https://www.uniqueautoinc.ca/paint-protection-film/,transactional,"people_also_ask,video,people_also_search,discussions_and_forums,popular_products,related_searches,images",50,0,1.33,48,0,0.71,HIGH,4430000,2025-10-28 16:42:46 +00:00,11.00,5.00,5.00,4.00,5.00,362.90,54.40,22.20,22.20,40.10,21.80,0.47,2.35
paint protection film for car,https://www.uniqueautoinc.ca/paint-protection-film/,"transactional,commercial","people_also_ask,video,popular_products,discussions_and_forums,carousel,related_searches",1600,8,3.15,49,3,0.59,MEDIUM,38100000,2025-11-01 06:32:52 +00:00,11.00,5.00,5.00,4.00,5.00,422.10,87.80,20.90,20.80,26.00,10.70,0.97,4.21
ppf automotive,https://www.uniqueautoinc.ca/paint-protection-film/,"navigational,commercial","ai_overview,video,people_also_ask,local_pack,related_searches,images",720,19,3.19,49,1,0.88,HIGH,17800000,2025-11-19 23:53:04 +00:00,11.00,5.00,5.00,4.00,5.00,387.40,160.40,72.60,71.30,147.10,88.00,1.10,4.24
meguiars gold class car shampoo,https://www.uniqueautoinc.ca/is-meguiars-gold-class-safe-for-ceramic-coating/,transactional,"popular_products,people_also_ask,discussions_and_forums,video,people_also_search,related_searches,images",260,0,0.19,49,0,0.91,HIGH,182000,2025-11-24 07:51:10 +00:00,,,,,,555.50,51.40,9.50,9.50,13.00,10.60,0.35,0.76
ceramic coating windshield,https://www.uniqueautoinc.ca/ceramic-coating/,"transactional,commercial","people_also_ask,video,popular_products,discussions_and_forums,related_searches,images",170,0,1.01,49,0,1.00,HIGH,5300000,2025-11-09 08:19:18 +00:00,10.00,5.00,4.00,4.00,5.00,345.30,16.20,1.20,1.10,2.90,2.40,0.49,2.86
xclusive tints,https://www.uniqueautoinc.ca/,navigational,"local_pack,video,related_searches,images",170,0,1.91,49,0,0.06,LOW,16600,2025-12-17 09:04:03 +00:00,54.00,29.00,34.00,33.00,44.00,584.40,20.70,4.20,4.10,6.30,1.70,,
ceramic car,https://www.uniqueautoinc.ca/ceramic-coating-hamilton-ontario/,commercial,"people_also_ask,video,images,popular_products,related_searches",110,20,2.22,49,0,0.68,HIGH,141000000,2025-11-30 08:02:36 +00:00,,,,,,447.00,116.10,58.10,56.80,79.20,44.30,0.79,2.99
only tints niagara,https://www.uniqueautoinc.ca/,"commercial,navigational","people_also_ask,video,images",90,0,,49,0,0.27,LOW,87500,2025-11-10 03:36:04 +00:00,54.00,29.00,34.00,33.00,44.00,474.10,3.90,4.80,4.60,5.10,3.40,,
ppf film for cars,https://www.uniqueautoinc.ca/paint-protection-film/,"commercial,transactional","people_also_ask,video,local_pack,popular_products,related_searches,images",90,22,2.60,49,0,0.98,HIGH,12600000,2025-11-10 01:31:04 +00:00,11.00,5.00,5.00,4.00,5.00,360.20,141.50,67.20,66.10,104.50,62.60,0.77,4.21
window tinting prices toronto,https://www.uniqueautoinc.ca/,"commercial,navigational","ai_overview,people_also_ask,local_pack,related_searches,images",90,0,1.32,49,0,0.85,HIGH,942000,2025-12-20 16:12:15 +00:00,54.00,29.00,34.00,33.00,44.00,203.10,36.10,19.70,18.80,48.00,40.10,0.64,1.61
tint shop pickering,https://www.uniqueautoinc.ca/,"commercial,transactional","people_also_ask,related_searches,knowledge_graph,google_reviews,third_party_reviews,images",50,2,2.43,49,0,0.52,MEDIUM,269000,2025-10-26 14:34:58 +00:00,54.00,29.00,34.00,33.00,44.00,240.60,97.70,29.10,27.30,85.90,67.80,1.07,6.82
ceramic coating on windshield,https://www.uniqueautoinc.ca/ceramic-coating/,"transactional,commercial","ai_overview,people_also_ask,discussions_and_forums,video,related_searches,images",170,0,1.01,50,0,1.00,HIGH,5390000,2025-11-07 14:54:05 +00:00,10.00,5.00,4.00,4.00,5.00,356.40,15.90,1.20,1.10,2.90,2.40,0.49,2.86
johnny tint,https://www.uniqueautoinc.ca/,"commercial,transactional","people_also_ask,related_searches,knowledge_graph,google_reviews,third_party_reviews,images",170,0,,50,0,0.01,LOW,6550000,2025-11-26 05:06:13 +00:00,54.00,29.00,34.00,33.00,44.00,552.00,11.00,11.80,11.40,13.40,10.00,,
how to clean inside of car,https://www.uniqueautoinc.ca/how-to-clean-cars-interior-like-a-pro/,informational,"ai_overview,people_also_ask,video,discussions_and_forums,carousel,related_searches",110,11,1.13,50,0,0.66,MEDIUM,1110000000,2025-11-08 04:47:41 +00:00,,,,,,567.20,104.20,49.20,39.50,106.90,69.00,0.02,0.95
jonesz window films,https://www.uniqueautoinc.ca/,"commercial,navigational","people_also_ask,related_searches,third_party_reviews,google_reviews,knowledge_graph",110,0,,50,0,0.05,LOW,6710,2025-11-08 03:07:17 +00:00,54.00,29.00,34.00,33.00,44.00,549.00,20.00,5.20,4.90,6.30,4.40,,
automotive window tinting,https://www.uniqueautoinc.ca/window-tinting-toronto/,"navigational,commercial","local_pack,people_also_ask,related_searches",6600,0,1.74,51,13,0.48,MEDIUM,7660000,2025-10-08 04:03:59 +00:00,,,,,,310.50,75.00,32.20,30.50,84.60,70.50,0.78,2.61
tint percentage,https://www.uniqueautoinc.ca/how-much-should-you-tint-car-windows/,informational,"images,people_also_ask,ai_overview,related_searches",1000,0,0.22,51,2,0.21,LOW,63800000,2025-10-08 15:07:53 +00:00,,,,,,318.00,26.10,3.20,3.20,3.80,0.90,,
ntd window tinting,https://www.uniqueautoinc.ca/,"navigational,commercial","people_also_ask,video,people_also_search,related_searches,knowledge_graph,google_reviews,third_party_reviews,images",390,0,3.33,51,0,0.06,LOW,4430,2025-11-11 16:40:26 +00:00,54.00,29.00,34.00,33.00,44.00,,,,,,,0.46,1.54
what to clean interior of car with,https://www.uniqueautoinc.ca/how-to-clean-cars-interior-like-a-pro/,informational,"ai_overview,people_also_ask,discussions_and_forums,video,people_also_search,related_searches,images",110,8,0.35,51,0,0.77,HIGH,217000000,2025-11-28 02:19:34 +00:00,,,,,,518.70,91.50,41.40,21.90,101.40,50.60,0.03,0.76
glass coatings for cars,https://www.uniqueautoinc.ca/ceramic-coating/,"commercial,navigational","ai_overview,people_also_ask,popular_products,video,people_also_search,related_searches,images",70,0,1.14,51,0,1.00,HIGH,53400000,2025-11-17 02:54:09 +00:00,10.00,5.00,4.00,4.00,5.00,404.30,24.40,5.40,5.30,14.30,9.50,0.27,1.88
peterborough window tinting,https://www.uniqueautoinc.ca/,"commercial,navigational","local_pack,people_also_ask,related_searches",210,0,1.48,52,0,0.56,MEDIUM,238000,2025-10-15 04:57:04 +00:00,54.00,29.00,34.00,33.00,44.00,441.30,22.60,0.60,0.60,1.00,0.80,0.84,2.21
benefits of ceramic coating,https://www.uniqueautoinc.ca/benefits-of-ceramic-coating-for-cars/,"informational,commercial","ai_overview,people_also_ask,discussions_and_forums,video,related_searches,images",110,1,0.38,52,0,0.17,LOW,20700000,2025-11-27 20:02:59 +00:00,,,,,,334.00,83.10,28.60,28.00,44.20,21.70,0.13,1.79
distinct automotive,https://www.uniqueautoinc.ca/,"navigational,commercial","related_searches,knowledge_graph,google_reviews,third_party_reviews,images",110,0,,52,0,0.03,LOW,180000000,2025-11-27 14:28:16 +00:00,54.00,29.00,34.00,33.00,44.00,437.70,41.60,9.50,9.30,20.30,16.10,,
window tint dartmouth,https://www.uniqueautoinc.ca/,"commercial,navigational","local_pack,people_also_search,people_also_ask,related_searches,images",70,0,3.97,52,0,0.74,HIGH,98000,2025-11-11 01:11:27 +00:00,54.00,29.00,34.00,33.00,44.00,200.90,41.20,15.60,15.00,22.90,14.60,0.77,4.59
whitby tint,https://www.uniqueautoinc.ca/,"commercial,navigational","local_pack,people_also_ask,people_also_search,related_searches",50,0,2.46,52,0,0.91,HIGH,165000,2025-10-21 13:36:31 +00:00,54.00,29.00,34.00,33.00,44.00,174.30,25.40,9.80,9.70,17.10,8.10,0.94,2.07
detailing inside of car,https://www.uniqueautoinc.ca/how-to-clean-cars-interior-like-a-pro/,"commercial,informational","ai_overview,video,people_also_ask,discussions_and_forums,local_pack,carousel,related_searches,images",1900,0,2.09,53,3,0.74,HIGH,65100000,2025-11-11 11:30:30 +00:00,,,,,,316.80,78.30,23.90,22.80,52.20,34.50,0.75,2.41
tint levels,https://www.uniqueautoinc.ca/how-much-should-you-tint-car-windows/,informational,"images,ai_overview,people_also_ask,video,related_searches",590,0,0.20,53,1,0.20,LOW,27300000,2025-11-20 06:55:51 +00:00,,,,,,276.10,5.10,0.40,0.40,0.40,0.20,1.17,1.89
ntd window tint,https://www.uniqueautoinc.ca/,transactional,"related_searches,third_party_reviews,google_reviews,knowledge_graph,images",390,0,3.33,53,0,0.06,LOW,24400,2025-12-12 21:09:42 +00:00,54.00,29.00,34.00,33.00,44.00,,,,,,,0.46,1.54
windows tint studio13,https://www.uniqueautoinc.ca/,transactional,"people_also_ask,related_searches,third_party_reviews,google_reviews,knowledge_graph,images",260,0,2.43,53,0,0.03,LOW,1450,2025-11-24 01:34:38 +00:00,54.00,29.00,34.00,33.00,44.00,,,,,,,,
ceramic coatings,https://www.uniqueautoinc.ca/ceramic-coating/,"commercial,navigational","ai_overview,popular_products,people_also_ask,video,related_searches,images",170,13,1.12,53,0,0.77,HIGH,32100000,2025-11-26 10:54:45 +00:00,10.00,5.00,4.00,4.00,5.00,383.10,131.00,88.50,87.10,880.90,758.90,0.47,2.52
how to wash ceramic coated car,https://www.uniqueautoinc.ca/how-to-care-for-ceramic-coating/,"informational,transactional,commercial","ai_overview,video,people_also_ask,discussions_and_forums,related_searches,images",90,0,0.52,53,0,0.91,HIGH,12900000,2025-12-14 22:46:15 +00:00,,,,,,496.20,20.20,1.70,1.60,3.90,2.50,0.14,1.26
window tint orillia,https://www.uniqueautoinc.ca/,commercial,"local_pack,people_also_ask,related_searches,images",90,0,2.77,53,0,0.93,HIGH,50700,2025-12-20 16:11:48 +00:00,54.00,29.00,34.00,33.00,44.00,222.50,40.60,5.80,5.60,6.60,4.00,0.93,3.15
ceramic coating,https://www.uniqueautoinc.ca/ceramic-coating/,"commercial,transactional","people_also_ask,video,local_pack,popular_products,images,related_searches",12100,20,1.75,54,25,0.96,HIGH,112000000,2025-12-08 17:09:33 +00:00,10.00,5.00,4.00,4.00,5.00,399.00,139.10,49.50,48.30,116.90,57.40,0.70,3.23
what does ceramic coating do,https://www.uniqueautoinc.ca/benefits-of-ceramic-coating-for-cars/,"informational,commercial","ai_overview,people_also_ask,video,discussions_and_forums,carousel,related_searches",210,20,1.88,54,0,0.09,LOW,63000000,2025-11-24 16:38:01 +00:00,,,,,,379.00,134.90,50.40,49.10,68.60,38.80,0.09,2.85
ultimate auto detailing,https://www.uniqueautoinc.ca/automotive-detailing-toronto/,"navigational,commercial","local_pack,video,related_searches,images",70,0,,54,0,0.12,LOW,35500000,2025-11-13 00:41:02 +00:00,,,,,,360.90,69.90,14.90,14.30,22.00,10.90,,
shades of car window tinting,https://www.uniqueautoinc.ca/how-much-should-you-tint-car-windows/,"commercial,navigational","video,images,people_also_ask,popular_products,related_searches",480,0,0.62,55,1,0.56,MEDIUM,5970000,2025-11-22 05:44:35 +00:00,,,,,,319.40,50.10,13.20,12.80,47.10,31.90,0.99,2.84
glass coating for cars,https://www.uniqueautoinc.ca/ceramic-coating/,"commercial,transactional","ai_overview,people_also_ask,popular_products,video,discussions_and_forums,people_also_search,related_searches,images",70,0,1.14,55,0,1.00,HIGH,21000000,2025-11-17 02:54:10 +00:00,10.00,5.00,4.00,4.00,5.00,378.90,47.40,6.80,6.60,17.40,12.00,0.27,1.88
toronto ppf,https://www.uniqueautoinc.ca/paint-protection-film-toronto/,"commercial,informational","local_pack,people_also_ask,video,related_searches",70,2,3.31,55,0,0.54,MEDIUM,1180000,2025-11-09 19:08:01 +00:00,,,,,,247.40,95.80,12.60,11.80,18.80,11.50,1.56,4.41
protect new car paint,https://www.uniqueautoinc.ca/should-i-get-a-paint-protection-film-on-my-new-car/,"commercial,transactional","ai_overview,people_also_ask,video,discussions_and_forums,popular_products,related_searches,images",50,0,3.05,55,0,0.57,MEDIUM,110000000,2025-10-29 04:42:28 +00:00,,,,,,408.80,34.50,12.90,12.50,17.10,14.40,0.71,2.44
how much tinted windows car,https://www.uniqueautoinc.ca/how-much-should-you-tint-car-windows/,commercial,"featured_snippet,people_also_ask,popular_products,video,related_searches,images",720,0,2.33,56,1,0.55,MEDIUM,23900000,2025-11-07 07:11:23 +00:00,,,,,,282.20,40.70,1.00,0.90,3.30,2.50,0.73,1.87
dark side tinting,https://www.uniqueautoinc.ca/window-tinting-toronto/,"commercial,informational","local_pack,video,people_also_ask,related_searches,images",170,0,,56,0,0.03,LOW,6510000,2025-11-26 09:20:01 +00:00,,,,,,417.20,51.00,20.40,19.80,28.30,16.80,,
experience unique,https://www.uniqueautoinc.ca/3d-car-views/,"commercial,navigational","people_also_ask,related_searches,knowledge_graph,google_reviews,images",90,3,1.39,56,0,0.15,LOW,2070000000,2025-11-14 12:26:46 +00:00,,,,,,398.60,84.00,8.40,8.00,665.40,354.70,0.29,1.65
window tint st john's,https://www.uniqueautoinc.ca/,"commercial,navigational","local_pack,people_also_ask,related_searches,images",90,0,1.49,56,0,0.34,MEDIUM,3920000,2025-11-30 13:40:41 +00:00,54.00,29.00,34.00,33.00,44.00,401.50,16.90,9.50,9.10,13.40,9.60,,
window tinting orillia,https://www.uniqueautoinc.ca/,"commercial,navigational","local_pack,people_also_ask,related_searches",90,0,2.77,56,0,0.93,HIGH,53700,2025-12-20 16:11:49 +00:00,54.00,29.00,34.00,33.00,44.00,318.20,40.60,5.80,5.60,6.60,4.00,0.93,3.15
car wash and detailing toronto,https://www.uniqueautoinc.ca/automotive-detailing-toronto/,"navigational,commercial","local_pack,related_searches",50,21,1.16,56,0,0.60,MEDIUM,2540000,2025-10-23 16:57:39 +00:00,,,,,,163.80,164.00,54.00,51.60,106.60,72.70,0.48,4.30
window tint,https://www.uniqueautoinc.ca/window-tinting-brampton/,"navigational,commercial","local_pack,popular_products,people_also_ask,images,related_searches",18100,0,1.69,57,38,0.72,HIGH,71100000,2025-12-08 15:58:19 +00:00,,,,,,404.50,69.20,14.10,13.80,19.70,8.80,0.76,3.04
exclusive detailing studio,https://www.uniqueautoinc.ca/,"navigational,commercial","related_searches,third_party_reviews,google_reviews,knowledge_graph,images",110,0,,57,0,0.03,LOW,17100000,2025-11-09 10:51:02 +00:00,54.00,29.00,34.00,33.00,44.00,527.00,24.00,6.00,5.70,9.00,7.00,,
legal tint percentage,https://www.uniqueautoinc.ca/how-much-should-you-tint-car-windows/,informational,"ai_overview,people_also_ask,images,related_searches",90,0,,57,0,0.02,LOW,2350000,2025-11-10 07:47:55 +00:00,,,,,,290.70,51.00,10.00,9.70,12.70,9.80,,
excel window tinting,https://www.uniqueautoinc.ca/,"commercial,navigational,transactional","ai_overview,video,people_also_ask,related_searches,google_reviews,knowledge_graph",50,0,,57,0,,,568000,2025-10-23 01:24:37 +00:00,54.00,29.00,34.00,33.00,44.00,479.80,28.90,12.10,11.60,16.60,11.60,,
tint installer,https://www.uniqueautoinc.ca/window-tinting-brampton/,"navigational,commercial","local_pack,video,people_also_ask,related_searches,images",50,4,7.78,57,0,0.63,MEDIUM,38000000,2025-10-26 14:33:08 +00:00,,,,,,437.10,81.90,30.20,27.80,113.30,97.80,1.05,2.03
window tinting ajax,https://www.uniqueautoinc.ca/,"commercial,navigational","local_pack,people_also_ask,people_also_search,related_searches",50,3,2.34,57,0,0.68,HIGH,336000,2025-10-24 18:11:17 +00:00,54.00,29.00,34.00,33.00,44.00,183.50,107.00,31.70,29.90,90.50,68.70,0.78,2.36
detail automotive,https://www.uniqueautoinc.ca/automotive-detailing/,navigational,"local_pack,people_also_ask,video,related_searches",40,0,3.47,57,0,0.42,MEDIUM,226000000,2025-10-07 19:17:35 +00:00,10.00,3.00,3.00,3.00,3.00,413.90,58.80,60.50,55.60,245.70,148.30,0.48,2.86
car paint protector,https://www.uniqueautoinc.ca/paint-protection-film/,"transactional,commercial","ai_overview,popular_products,people_also_ask,video,related_searches,images",590,0,2.83,58,1,0.53,MEDIUM,171000000,2025-12-12 11:01:14 +00:00,11.00,5.00,5.00,4.00,5.00,495.90,36.80,9.80,9.70,18.90,11.30,0.96,3.73
car protection film,https://www.uniqueautoinc.ca/paint-protection-film/,"commercial,transactional","local_pack,people_also_ask,video,popular_products,discussions_and_forums,related_searches,images",590,0,3.37,58,1,0.82,HIGH,467000000,2025-11-21 10:44:13 +00:00,11.00,5.00,5.00,4.00,5.00,354.90,72.30,21.40,21.30,31.40,14.50,0.95,4.31
window tint whitby,https://www.uniqueautoinc.ca/,commercial,"local_pack,people_also_ask,people_also_search,related_searches",140,0,2.02,58,0,0.85,HIGH,91000,2025-11-12 06:56:10 +00:00,54.00,29.00,34.00,33.00,44.00,212.90,28.20,18.30,18.00,26.50,15.50,0.83,1.97
glass coating for car,https://www.uniqueautoinc.ca/ceramic-coating/,"transactional,commercial","popular_products,people_also_ask,video,discussions_and_forums,local_pack,people_also_search,related_searches,images",70,0,0.36,58,0,0.95,HIGH,49300000,2025-11-17 02:54:05 +00:00,10.00,5.00,4.00,4.00,5.00,346.60,32.20,5.80,5.70,14.70,9.70,0.44,2.26
limo tinted windows,https://www.uniqueautoinc.ca/how-much-should-you-tint-car-windows/,"navigational,commercial","ai_overview,people_also_ask,images,video,people_also_search,related_searches",170,0,1.06,59,0,0.76,HIGH,506000,2025-11-26 04:30:28 +00:00,,,,,,,,,,,,0.30,2.18
auto tinting whitby,https://www.uniqueautoinc.ca/,"navigational,commercial","local_pack,people_also_ask,people_also_search,related_searches",140,0,2.02,59,0,0.85,HIGH,201000,2025-11-27 21:02:57 +00:00,54.00,29.00,34.00,33.00,44.00,372.80,25.50,13.50,13.30,21.10,11.30,0.83,1.97
auto window tinting hamilton,https://www.uniqueautoinc.ca/ceramic-coating-hamilton-ontario/,"commercial,navigational","local_pack,people_also_ask,related_searches",90,10,3.02,59,0,0.87,HIGH,327000,2025-11-11 00:51:17 +00:00,,,,,,191.00,106.40,27.90,25.50,73.60,58.30,1.10,3.74
ej auto tinting & accessories ltd,https://www.uniqueautoinc.ca/window-tinting-toronto/,"transactional,navigational","people_also_ask,related_searches,knowledge_graph,google_reviews,third_party_reviews",320,0,0.13,60,0,0.04,LOW,8540,2025-11-29 10:58:28 +00:00,,,,,,,,,,,,,
window tints 20,https://www.uniqueautoinc.ca/window-tinting/,"transactional,commercial","images,people_also_ask,video,popular_products,related_searches",320,0,0.43,60,0,0.64,MEDIUM,5700000,2025-12-15 14:00:20 +00:00,11.00,3.00,3.00,3.00,3.00,444.90,25.70,0.30,0.30,1.20,0.90,0.41,1.55
ppf installation near me,https://www.uniqueautoinc.ca/paint-protection-film/,"navigational,informational","local_pack,people_also_ask,people_also_search,related_searches",210,11,5.41,60,0,0.40,MEDIUM,35100000,2025-11-29 15:41:44 +00:00,11.00,5.00,5.00,4.00,5.00,281.50,105.20,29.50,29.10,65.80,51.60,1.72,5.18
spray coating car,https://www.uniqueautoinc.ca/how-to-apply-turtle-wax-ceramic-spray-coating/,commercial,"people_also_ask,video,popular_products,discussions_and_forums,related_searches",170,0,0.29,60,0,1.00,HIGH,25800000,2025-11-12 05:58:02 +00:00,,,,,,472.20,39.30,8.50,8.50,13.30,11.20,0.14,1.12
ceramic coating paint,https://www.uniqueautoinc.ca/ceramic-coating/,"transactional,commercial","people_also_ask,popular_products,discussions_and_forums,video,related_searches",140,8,1.08,60,0,0.85,HIGH,25600000,2025-11-27 17:02:23 +00:00,10.00,5.00,4.00,4.00,5.00,506.00,96.90,21.50,21.00,31.00,25.00,0.38,2.51
auto ceramic,https://www.uniqueautoinc.ca/ceramic-coating/,"commercial,transactional,navigational","local_pack,people_also_ask,video,related_searches,images",110,8,2.22,60,0,0.68,HIGH,132000000,2025-11-09 14:55:40 +00:00,10.00,5.00,4.00,4.00,5.00,345.80,112.20,100.90,99.20,887.80,753.60,0.79,2.99
coating uv,https://www.uniqueautoinc.ca/does-ceramic-coating-protect-against-uv/,commercial,"ai_overview,people_also_ask,video,related_searches",110,6,0.43,60,0,0.28,LOW,113000000,2025-10-18 00:36:47 +00:00,,,,,,469.70,91.30,34.20,31.50,78.90,62.70,,
paint protection film hamilton,https://www.uniqueautoinc.ca/ceramic-coating-hamilton-ontario/,"commercial,transactional","local_pack,people_also_ask,related_searches",50,0,4.31,60,0,0.87,HIGH,2630000,2025-10-22 04:31:30 +00:00,,,,,,128.10,71.60,20.50,18.30,56.70,51.30,1.45,3.92
blackstar car wash car detailing scarborough,https://www.uniqueautoinc.ca/automotive-detailing/,"commercial,navigational,transactional","people_also_ask,related_searches,google_reviews,knowledge_graph",1000,0,2.61,61,2,0.04,LOW,1910,2025-11-18 12:07:33 +00:00,10.00,3.00,3.00,3.00,3.00,591.70,14.60,1.10,1.00,2.30,1.00,,
car tint halifax,https://www.uniqueautoinc.ca/,"commercial,navigational","local_pack,people_also_ask,people_also_search,related_searches,images",260,0,5.88,61,0,0.55,MEDIUM,369000,2025-11-24 14:22:59 +00:00,54.00,29.00,34.00,33.00,44.00,305.70,15.00,6.10,5.80,10.60,9.00,1.42,8.15
extreme auto tinting,https://www.uniqueautoinc.ca/,"navigational,commercial","people_also_ask,related_searches,knowledge_graph,google_reviews,images",210,0,2.91,61,0,0.24,LOW,1430000,2025-11-12 05:35:40 +00:00,54.00,29.00,34.00,33.00,44.00,,,,,,,0.79,2.20
legal tinting percentage,https://www.uniqueautoinc.ca/how-much-should-you-tint-car-windows/,informational,"ai_overview,people_also_ask,related_searches,images",90,0,,61,0,0.02,LOW,611000,2025-11-12 15:20:20 +00:00,,,,,,269.00,53.40,10.10,9.80,12.80,9.90,,
car window tinting victoria,https://www.uniqueautoinc.ca/,"navigational,commercial","local_pack,people_also_ask,related_searches,images",70,0,2.87,61,0,0.63,MEDIUM,599000,2025-12-03 09:22:02 +00:00,54.00,29.00,34.00,33.00,44.00,215.50,52.60,21.10,20.60,100.90,30.00,0.96,2.35
removable tint for car,https://www.uniqueautoinc.ca/,"transactional,commercial","popular_products,video,people_also_ask,images,related_searches",70,0,0.44,61,0,0.95,HIGH,6210000,2025-11-13 08:55:28 +00:00,54.00,29.00,34.00,33.00,44.00,,,,,,,0.24,1.08
tint levels car,https://www.uniqueautoinc.ca/how-much-should-you-tint-car-windows/,"informational,commercial","ai_overview,images,people_also_ask,video,related_searches",70,0,0.27,61,0,0.31,LOW,12800000,2025-12-01 18:28:59 +00:00,,,,,,262.90,3.00,0.20,0.20,0.20,0.00,,
window tinting st thomas,https://www.uniqueautoinc.ca/,"commercial,navigational","local_pack,people_also_ask,related_searches",50,0,1.65,61,0,0.35,MEDIUM,1570000,2025-10-01 19:05:23 +00:00,54.00,29.00,34.00,33.00,44.00,449.10,8.30,5.90,5.80,7.70,5.00,,
ntd tint,https://www.uniqueautoinc.ca/,"transactional,navigational,commercial","related_searches,google_reviews,knowledge_graph,images",390,0,3.33,62,0,0.06,LOW,72300,2025-12-12 21:09:08 +00:00,54.00,29.00,34.00,33.00,44.00,,,,,,,0.46,1.54
the tint factory,https://www.uniqueautoinc.ca/,"navigational,commercial","people_also_ask,related_searches,knowledge_graph,google_reviews,third_party_reviews,people_also_search,images",210,0,1.85,62,0,0.09,LOW,26200000,2025-12-17 00:00:18 +00:00,54.00,29.00,34.00,33.00,44.00,394.60,43.30,12.30,12.10,15.80,10.50,0.52,1.37
window tinting 15,https://www.uniqueautoinc.ca/window-tinting-brampton/,"commercial,transactional,navigational","images,people_also_ask,popular_products,video,local_pack,related_searches",140,0,0.22,62,0,0.69,HIGH,666000000,2025-12-14 08:03:26 +00:00,,,,,,364.30,18.40,0.30,0.30,0.70,0.40,0.44,3.41
window tinting price near me,https://www.uniqueautoinc.ca/,"transactional,navigational","ai_overview,local_pack,people_also_ask,people_also_search,related_searches,images",140,0,1.56,62,0,0.85,HIGH,5900000,2025-12-19 09:18:21 +00:00,54.00,29.00,34.00,33.00,44.00,240.70,39.60,3.40,3.30,12.60,2.10,0.64,1.50
window tint chatham,https://www.uniqueautoinc.ca/window-tinting-markham/,"commercial,navigational","local_pack,people_also_ask,related_searches,images",110,0,1.75,62,0,0.46,MEDIUM,151000,2025-11-09 08:49:14 +00:00,,,,,,476.10,12.80,5.90,5.70,9.10,6.00,0.94,1.71
what is the legal percentage of window tint,https://www.uniqueautoinc.ca/how-much-should-you-tint-car-windows/,informational,"ai_overview,people_also_ask,related_searches",50,0,,62,0,0.01,LOW,1090000,2025-10-24 21:19:53 +00:00,,,,,,263.40,51.30,10.00,9.70,12.70,9.80,,
window tinting saint john,https://www.uniqueautoinc.ca/,"commercial,navigational","people_also_ask,related_searches,google_reviews,knowledge_graph,images",50,0,0.90,62,0,0.51,MEDIUM,769000,2025-12-01 14:30:34 +00:00,54.00,29.00,34.00,33.00,44.00,327.00,11.90,4.60,4.40,5.90,3.90,0.54,1.24
window tint scale,https://www.uniqueautoinc.ca/how-much-should-you-tint-car-windows/,transactional,"ai_overview,images,people_also_ask,video,popular_products,related_searches",40,1,0.50,62,0,0.33,LOW,8260000,2025-10-24 18:11:12 +00:00,,,,,,316.00,66.60,6.00,6.00,10.00,5.10,,
auto tint ceramic,https://www.uniqueautoinc.ca/,"transactional,commercial","ai_overview,people_also_ask,video,related_searches,images",720,5,1.27,63,1,0.89,HIGH,8760000,2025-11-20 06:52:48 +00:00,54.00,29.00,34.00,33.00,44.00,430.30,89.80,48.30,47.00,79.00,51.90,0.52,1.91
paint protection,https://www.uniqueautoinc.ca/paint-protection-film/,"commercial,transactional","local_pack,people_also_ask,popular_products,video,related_searches,images",480,0,2.59,63,1,0.90,HIGH,502000000,2025-11-19 06:50:01 +00:00,11.00,5.00,5.00,4.00,5.00,371.50,62.60,29.40,29.10,34.50,14.30,1.16,4.82
ppf toronto,https://www.uniqueautoinc.ca/paint-protection-film-toronto/,"commercial,navigational","people_also_ask,people_also_search,images,related_searches,google_reviews,knowledge_graph",260,3,3.69,63,0,0.77,HIGH,1140000,2025-12-13 16:30:45 +00:00,,,,,,267.60,97.30,12.60,11.80,18.80,11.50,1.40,5.09
window tint thunder bay,https://www.uniqueautoinc.ca/,"commercial,navigational","local_pack,people_also_ask,related_searches,images",260,0,0.98,63,0,0.23,LOW,410000,2025-12-16 17:42:05 +00:00,54.00,29.00,34.00,33.00,44.00,394.30,2.50,0.40,0.40,0.70,0.40,0.89,4.77
window tint etobicoke,https://www.uniqueautoinc.ca/window-tinting-toronto/,commercial,"local_pack,people_also_ask,people_also_search,related_searches",210,0,2.89,63,0,0.08,LOW,49200,2025-11-09 05:15:41 +00:00,,,,,,188.60,59.80,38.00,36.30,69.90,52.00,0.80,3.32
different tint levels,https://www.uniqueautoinc.ca/how-much-should-you-tint-car-windows/,"informational,commercial","images,people_also_ask,video,related_searches",90,0,0.62,63,0,0.19,LOW,39700000,2025-11-10 15:52:19 +00:00,,,,,,288.80,23.30,0.80,0.80,1.10,0.60,,
window tint lindsay,https://www.uniqueautoinc.ca/,"commercial,navigational","people_also_ask,related_searches,third_party_reviews,google_reviews,knowledge_graph",40,0,2.01,63,0,0.23,LOW,485000,2025-10-24 18:11:14 +00:00,54.00,29.00,34.00,33.00,44.00,586.50,41.60,12.30,12.00,13.60,9.10,0.73,1.76
jj tint,https://www.uniqueautoinc.ca/,"transactional,navigational","people_also_ask,related_searches,knowledge_graph,google_reviews,third_party_reviews,images",210,0,5.59,64,0,0.06,LOW,5760000,2025-11-25 03:05:34 +00:00,54.00,29.00,34.00,33.00,44.00,532.20,14.50,4.60,4.40,6.10,4.00,,
auto tint whitby,https://www.uniqueautoinc.ca/,"commercial,navigational","local_pack,people_also_ask,people_also_search,related_searches",140,0,2.02,64,0,0.85,HIGH,61700,2025-11-07 15:55:42 +00:00,54.00,29.00,34.00,33.00,44.00,214.80,31.40,17.60,17.30,25.50,14.60,0.83,1.97
electronic window tint car,https://www.uniqueautoinc.ca/window-tinting/,transactional,"video,people_also_ask,popular_products,related_searches,images",90,0,0.47,64,0,0.99,HIGH,19000000,2025-12-02 21:13:43 +00:00,11.00,3.00,3.00,3.00,3.00,394.30,62.30,31.40,29.90,66.30,51.70,0.25,1.40
coating car,https://www.uniqueautoinc.ca/ceramic-coating/,"commercial,navigational","local_pack,video,people_also_ask,popular_products,images,related_searches",1600,7,0.94,65,3,1.00,HIGH,1350000000,2025-11-08 17:16:39 +00:00,10.00,5.00,4.00,4.00,5.00,307.40,113.90,66.10,64.80,277.30,161.20,0.44,1.92
car protection coating,https://www.uniqueautoinc.ca/benefits-of-ceramic-coating-for-cars/,"commercial,transactional","people_also_ask,local_pack,video,discussions_and_forums,popular_products,related_searches,images",260,0,2.07,65,0,0.95,HIGH,42400000,2025-11-04 16:38:42 +00:00,,,,,,366.00,59.40,18.20,18.10,23.70,13.50,0.71,2.92
niagara tint shop,https://www.uniqueautoinc.ca/,"navigational,commercial","people_also_ask,related_searches,google_reviews,knowledge_graph,images",260,0,,65,0,0.05,LOW,402000,2025-11-24 06:57:10 +00:00,54.00,29.00,34.00,33.00,44.00,413.20,24.20,7.40,7.30,8.30,5.80,,
car tint guelph,https://www.uniqueautoinc.ca/,"commercial,navigational","local_pack,people_also_search,discussions_and_forums,people_also_ask,related_searches,images",210,0,3.39,65,0,0.77,HIGH,113000,2025-11-25 09:29:12 +00:00,54.00,29.00,34.00,33.00,44.00,261.70,74.90,31.30,29.70,198.40,182.80,0.76,4.09
automotive protection film,https://www.uniqueautoinc.ca/paint-protection-film/,transactional,"popular_products,people_also_ask,video,local_pack,related_searches",70,0,1.65,65,0,0.94,HIGH,42700000,2025-10-01 14:59:40 +00:00,11.00,5.00,5.00,4.00,5.00,345.10,62.00,19.20,19.10,22.60,9.60,0.39,3.09
professional window tinting,https://www.uniqueautoinc.ca/window-tinting-brampton/,"navigational,transactional","local_pack,people_also_ask,video,popular_products,related_searches,images",70,0,2.02,65,0,0.38,MEDIUM,4730000,2025-11-13 10:28:01 +00:00,,,,,,337.10,42.10,12.70,12.50,21.20,11.60,0.84,1.72
window tint chart,https://www.uniqueautoinc.ca/how-much-should-you-tint-car-windows/,"commercial,transactional","images,people_also_ask,video,related_searches",70,0,0.21,65,0,0.08,LOW,15800000,2025-11-02 00:02:04 +00:00,,,,,,256.40,43.70,4.10,4.10,10.30,5.10,,
window tinting percentages chart,https://www.uniqueautoinc.ca/how-much-should-you-tint-car-windows/,informational,"ai_overview,images,people_also_ask,related_searches",70,0,0.50,65,0,0.16,LOW,21700,2025-12-01 14:30:11 +00:00,,,,,,419.40,13.60,0.30,0.30,1.90,1.60,,
best auto detailing in toronto,https://www.uniqueautoinc.ca/automotive-detailing-toronto/,"commercial,navigational","local_pack,discussions_and_forums,people_also_search,people_also_ask,related_searches",260,18,2.86,66,0,0.80,HIGH,4200000,2025-11-09 04:25:38 +00:00,,,,,,251.50,159.80,65.00,60.60,124.20,75.60,0.63,2.38
best car detailing toronto,https://www.uniqueautoinc.ca/automotive-detailing-toronto/,"commercial,navigational","local_pack,discussions_and_forums,people_also_search,related_searches",260,18,2.34,66,0,0.81,HIGH,7350000,2025-11-04 07:26:49 +00:00,,,,,,190.20,142.10,39.50,35.80,78.20,44.00,0.75,4.05
window tinting in peterborough,https://www.uniqueautoinc.ca/,"commercial,navigational","local_pack,people_also_ask,related_searches,images",210,0,1.48,66,0,0.56,MEDIUM,396000,2025-11-01 18:44:30 +00:00,54.00,29.00,34.00,33.00,44.00,441.50,28.50,1.30,1.30,1.70,1.30,0.84,2.21
window tinting chatham,https://www.uniqueautoinc.ca/,"commercial,navigational","local_pack,people_also_ask,related_searches",110,0,1.75,66,0,0.46,MEDIUM,243000,2025-12-19 17:11:39 +00:00,54.00,29.00,34.00,33.00,44.00,355.20,3.70,0.60,0.50,1.00,0.70,0.94,1.71
car tint barrie,https://www.uniqueautoinc.ca/,"commercial,navigational","local_pack,people_also_ask,related_searches,images",590,0,2.35,67,1,0.84,HIGH,251000,2025-12-12 10:50:21 +00:00,54.00,29.00,34.00,33.00,44.00,222.60,49.90,34.60,31.80,102.60,85.10,0.77,2.40
window film auto,https://www.uniqueautoinc.ca/,"transactional,navigational","popular_products,local_pack,video,related_searches,images",170,0,1.07,67,0,0.98,HIGH,150000000,2025-11-25 13:50:06 +00:00,54.00,29.00,34.00,33.00,44.00,331.60,64.60,21.70,21.10,49.70,36.10,0.59,1.99
blue car tint,https://www.uniqueautoinc.ca/,"commercial,transactional","people_also_ask,popular_products,images,related_searches",110,0,0.43,67,0,0.88,HIGH,52800000,2025-11-30 09:22:31 +00:00,54.00,29.00,34.00,33.00,44.00,433.90,7.20,0.20,0.10,0.40,0.40,0.40,1.62
window tinting st john's,https://www.uniqueautoinc.ca/,"commercial,navigational","local_pack,people_also_ask,related_searches,images",90,0,1.49,67,0,0.34,MEDIUM,472000,2025-11-30 13:40:34 +00:00,54.00,29.00,34.00,33.00,44.00,527.10,5.00,4.90,4.70,7.50,5.70,,
unique auto collection,https://www.uniqueautoinc.ca/,transactional,"people_also_ask,related_searches,knowledge_graph,google_reviews,third_party_reviews,images",170,0,4.22,68,0,0.28,LOW,185000000,2025-11-25 15:54:30 +00:00,54.00,29.00,34.00,33.00,44.00,298.50,50.90,18.20,17.50,39.50,28.10,,
window tint niagara falls,https://www.uniqueautoinc.ca/,"commercial,navigational","local_pack,people_also_ask,related_searches,images",90,0,2.51,68,0,0.53,MEDIUM,188000,2025-12-20 16:13:40 +00:00,54.00,29.00,34.00,33.00,44.00,223.90,14.30,2.60,2.60,6.70,5.70,0.86,2.78
tinting services,https://www.uniqueautoinc.ca/window-tinting-brampton/,navigational,"local_pack,people_also_ask,people_also_search,related_searches",70,0,2.50,68,0,0.24,LOW,128000000,2025-11-09 19:28:01 +00:00,,,,,,147.60,68.90,15.50,15.10,24.00,14.80,0.85,2.64
windows tint,https://www.uniqueautoinc.ca/window-tinting-brampton/,"commercial,transactional","local_pack,popular_products,people_also_ask,images,related_searches",18100,6,1.69,69,38,0.72,HIGH,41900000,2025-11-08 22:40:54 +00:00,,,,,,408.80,96.00,88.40,83.80,220.00,178.10,0.76,3.04
regina window tint,https://www.uniqueautoinc.ca/,"transactional,commercial","local_pack,people_also_ask,related_searches,images",320,0,3.74,69,0,0.49,MEDIUM,682000,2025-11-23 14:37:27 +00:00,54.00,29.00,34.00,33.00,44.00,408.60,21.20,7.10,7.00,9.70,7.50,1.22,9.05
window tinting kingston,https://www.uniqueautoinc.ca/,"commercial,navigational","local_pack,people_also_ask,related_searches",140,0,2.37,69,0,0.73,HIGH,1250000,2025-12-19 09:18:38 +00:00,54.00,29.00,34.00,33.00,44.00,197.90,85.20,11.50,11.20,15.40,10.50,1.02,4.76
precision tint,https://www.uniqueautoinc.ca/window-tinting-brampton/,"navigational,transactional","ai_overview,people_also_ask,local_pack,related_searches,images",90,0,4.79,69,0,0.13,LOW,18400000,2025-11-10 01:24:01 +00:00,,,,,,157.90,74.60,35.10,34.20,48.90,28.30,1.44,3.09
window tint orangeville,https://www.uniqueautoinc.ca/,"commercial,navigational","local_pack,people_also_ask,popular_products,related_searches,images",90,0,2.01,69,0,0.46,MEDIUM,29900,2025-12-20 16:12:28 +00:00,54.00,29.00,34.00,33.00,44.00,370.40,10.90,8.90,8.90,10.00,7.30,0.84,2.33
unique performance,https://www.uniqueautoinc.ca/did-you-know/,"navigational,commercial","related_searches,google_reviews,knowledge_graph,images",720,0,3.25,70,1,0.02,LOW,1390000000,2025-10-31 04:31:41 +00:00,,,,,,321.70,68.30,11.00,10.20,52.40,39.20,0.61,2.09
street legal tint and detail,https://www.uniqueautoinc.ca/,"transactional,navigational","local_pack,people_also_ask,related_searches,images",320,0,3.51,70,0,0.10,LOW,9110000,2025-12-13 03:34:29 +00:00,54.00,29.00,34.00,33.00,44.00,479.20,32.80,8.50,7.20,63.40,58.90,1.12,2.88
auto tinting oshawa,https://www.uniqueautoinc.ca/,"navigational,commercial","local_pack,people_also_ask,people_also_search,related_searches",210,1,2.32,70,0,0.91,HIGH,47500,2025-11-04 17:45:52 +00:00,54.00,29.00,34.00,33.00,44.00,220.20,92.20,38.30,34.80,105.80,76.60,0.79,1.93
car shampoo meguiars,https://www.uniqueautoinc.ca/is-meguiars-gold-class-safe-for-ceramic-coating/,transactional,"popular_products,people_also_ask,video,discussions_and_forums,people_also_search,related_searches,images",210,0,0.36,70,0,1.00,HIGH,601000,2025-12-17 06:43:57 +00:00,,,,,,437.50,35.00,5.70,5.70,8.50,7.00,0.24,0.99
paint protection film suntek,https://www.uniqueautoinc.ca/which-paint-protection-film-is-the-best/,transactional,"people_also_ask,discussions_and_forums,popular_products,related_searches,images",210,0,1.35,70,0,0.84,HIGH,194000,2025-11-12 05:10:02 +00:00,,,,,,235.50,61.90,26.80,26.70,77.50,57.50,0.71,3.05
window tinting cornwall,https://www.uniqueautoinc.ca/,"commercial,navigational","local_pack,related_searches,images",70,0,0.08,70,0,0.22,LOW,297000,2025-11-12 21:01:24 +00:00,54.00,29.00,34.00,33.00,44.00,448.10,20.30,1.60,1.50,4.50,1.00,,
window tint newmarket,https://www.uniqueautoinc.ca/,"commercial,navigational","local_pack,people_also_ask,people_also_search,related_searches,images",210,0,2.52,71,0,0.81,HIGH,110000,2025-12-16 23:43:15 +00:00,54.00,29.00,34.00,33.00,44.00,326.40,17.80,0.60,0.60,2.30,0.40,1.00,3.06
xclusive tint,https://www.uniqueautoinc.ca/,"commercial,navigational","video,people_also_ask,related_searches,knowledge_graph,google_reviews,images",170,0,1.91,71,0,0.06,LOW,106000,2025-12-17 09:03:59 +00:00,54.00,29.00,34.00,33.00,44.00,,,,,,,,
st thomas window tinting,https://www.uniqueautoinc.ca/,"navigational,commercial","local_pack,people_also_ask,related_searches,images",50,0,1.65,71,0,0.35,MEDIUM,378000,2025-10-07 09:59:37 +00:00,54.00,29.00,34.00,33.00,44.00,455.90,19.60,7.20,7.00,9.30,5.50,,
window tinting pickering,https://www.uniqueautoinc.ca/,"commercial,navigational","local_pack,people_also_search,related_searches",50,0,2.17,71,0,0.37,MEDIUM,208000,2025-10-24 18:11:06 +00:00,54.00,29.00,34.00,33.00,44.00,130.10,97.70,29.10,27.30,85.90,67.80,0.85,2.72
toronto auto detailing,https://www.uniqueautoinc.ca/automotive-detailing-toronto/,"navigational,commercial","local_pack,people_also_search,related_searches",3600,20,3.04,72,7,0.47,MEDIUM,5480000,2025-10-08 05:33:10 +00:00,,,,,,172.60,173.30,73.90,69.00,140.00,82.00,0.86,4.46
insta tint near me,https://www.uniqueautoinc.ca/,"navigational,transactional","local_pack,people_also_ask,related_searches",320,3,2.10,72,0,0.47,MEDIUM,13300000,2025-12-13 10:04:13 +00:00,54.00,29.00,34.00,33.00,44.00,562.80,65.30,25.30,24.00,57.90,42.90,0.76,2.60
window tinting whitby,https://www.uniqueautoinc.ca/,"commercial,navigational","local_pack,people_also_ask,people_also_search,related_searches",140,0,2.02,72,0,0.85,HIGH,233000,2025-12-19 09:18:23 +00:00,54.00,29.00,34.00,33.00,44.00,214.20,19.60,7.30,7.30,14.70,5.40,0.83,1.97
window tinting barrie,https://www.uniqueautoinc.ca/,"commercial,navigational","local_pack,people_also_ask,people_also_search,related_searches",590,0,2.35,73,1,0.84,HIGH,253000,2025-11-08 23:17:27 +00:00,54.00,29.00,34.00,33.00,44.00,223.30,52.90,34.60,31.80,102.60,85.10,0.77,2.40
unique cars ltd,https://www.uniqueautoinc.ca/,"commercial,navigational","people_also_ask,related_searches,third_party_reviews,google_reviews,knowledge_graph,images",210,0,2.69,73,0,0.34,MEDIUM,127000000,2025-11-24 17:32:13 +00:00,54.00,29.00,34.00,33.00,44.00,507.90,55.10,8.80,8.20,31.00,20.10,1.41,8.55
tint percentages chart,https://www.uniqueautoinc.ca/how-much-should-you-tint-car-windows/,informational,"images,people_also_ask,related_searches",140,0,0.23,73,0,0.13,LOW,7200000,2025-12-19 10:03:23 +00:00,,,,,,253.60,23.50,1.40,1.40,3.10,2.00,,
car wrap scarborough,https://www.uniqueautoinc.ca/,commercial,"local_pack,people_also_ask,people_also_search,related_searches",90,0,3.55,73,0,0.95,HIGH,1950000,2025-12-01 09:44:59 +00:00,54.00,29.00,34.00,33.00,44.00,104.80,25.40,11.70,10.90,16.20,13.30,1.02,4.01
window tinting woodstock,https://www.uniqueautoinc.ca/,"commercial,navigational","local_pack,people_also_ask,related_searches,images",90,0,1.64,73,0,0.70,HIGH,290000,2025-12-20 16:12:20 +00:00,54.00,29.00,34.00,33.00,44.00,160.70,12.20,7.40,7.30,8.90,5.10,0.60,3.53
window tinting chart,https://www.uniqueautoinc.ca/how-much-should-you-tint-car-windows/,"commercial,navigational","images,people_also_ask,video,related_searches",70,0,0.21,73,0,0.08,LOW,1090000,2025-12-04 07:26:24 +00:00,,,,,,255.50,30.30,2.40,2.40,7.40,4.40,,
windows tint percentage chart,https://www.uniqueautoinc.ca/how-much-should-you-tint-car-windows/,informational,"images,people_also_ask,ai_overview,video,related_searches",70,0,0.50,73,0,0.16,LOW,385000,2025-12-01 14:40:09 +00:00,,,,,,362.60,27.80,2.00,2.00,4.80,2.30,,
toronto best car detailing,https://www.uniqueautoinc.ca/automotive-detailing-toronto/,"commercial,navigational","local_pack,discussions_and_forums,related_searches,people_also_search",260,9,2.86,74,0,0.80,HIGH,20100000,2025-11-11 21:56:26 +00:00,,,,,,173.30,137.10,38.80,35.10,74.80,39.60,0.63,2.38
xtreme tinting,https://www.uniqueautoinc.ca/window-tinting-toronto/,"navigational,commercial","people_also_ask,related_searches,knowledge_graph,google_reviews,images",260,0,11.70,74,0,0.12,LOW,1540000,2025-12-13 15:33:47 +00:00,,,,,,394.00,44.50,15.90,15.60,20.60,14.80,0.94,2.71
protective film for vehicles,https://www.uniqueautoinc.ca/should-i-get-a-paint-protection-film-on-my-new-car/,"transactional,commercial","local_pack,people_also_ask,popular_products,video,discussions_and_forums,related_searches,images",70,0,5.07,74,0,0.98,HIGH,51800000,2025-11-11 03:28:41 +00:00,,,,,,346.10,41.80,17.80,17.70,21.20,7.90,0.60,4.28
what is car ceramic coating,https://www.uniqueautoinc.ca/benefits-of-ceramic-coating-for-cars/,commercial,"ai_overview,people_also_ask,video,related_searches,images",70,27,0.93,74,0,0.44,MEDIUM,43400000,2025-12-01 15:35:28 +00:00,,,,,,447.30,139.30,42.00,40.90,63.10,39.80,0.02,1.59
window tint north york,https://www.uniqueautoinc.ca/,commercial,"local_pack,people_also_search,people_also_ask,related_searches,images",70,6,2.29,74,0,0.82,HIGH,2650000,2025-11-12 21:01:43 +00:00,54.00,29.00,34.00,33.00,44.00,164.90,121.50,71.60,68.80,148.40,97.90,0.86,1.91
window tinting near me,https://www.uniqueautoinc.ca/window-tinting-brampton/,"navigational,commercial","local_pack,people_also_ask,people_also_search,related_searches,images",12100,0,2.68,75,25,0.45,MEDIUM,9530000,2025-11-17 06:42:47 +00:00,,,,,,252.70,85.90,42.50,40.90,91.60,71.50,0.93,3.01
car detailing toronto,https://www.uniqueautoinc.ca/automotive-detailing-toronto/,"navigational,commercial","local_pack,discussions_and_forums,people_also_ask,related_searches",3600,19,3.04,75,7,0.47,MEDIUM,93900000,2025-12-09 23:10:16 +00:00,,,,,,118.50,143.10,36.30,34.00,72.00,36.10,0.86,4.46
instant tint,https://www.uniqueautoinc.ca/,"transactional,commercial","people_also_ask,popular_products,related_searches,images",210,0,1.53,75,0,0.61,MEDIUM,32000000,2025-12-13 19:41:11 +00:00,54.00,29.00,34.00,33.00,44.00,658.30,15.50,0.10,0.10,0.10,0.10,0.79,2.77
gta tinting,https://www.uniqueautoinc.ca/,"navigational,commercial","local_pack,people_also_search,related_searches,images",170,0,1.61,75,0,0.27,LOW,2070000,2025-12-18 07:52:00 +00:00,54.00,29.00,34.00,33.00,44.00,108.30,87.90,50.80,48.60,116.90,80.60,0.83,2.67
limousine tint windows,https://www.uniqueautoinc.ca/how-much-should-you-tint-car-windows/,"navigational,commercial","ai_overview,popular_products,people_also_ask,video,related_searches,images",170,0,1.06,75,0,0.76,HIGH,446000,2025-11-12 06:17:24 +00:00,,,,,,454.70,53.00,35.30,34.70,66.40,38.80,0.30,2.18
automotive ceramic,https://www.uniqueautoinc.ca/ceramic-coating-hamilton-ontario/,"transactional,navigational,commercial","people_also_ask,local_pack,video,popular_products,related_searches,images",110,13,2.22,75,0,0.68,HIGH,152000000,2025-11-30 10:45:03 +00:00,,,,,,333.70,137.10,100.60,98.80,953.20,808.50,0.79,2.99
window tinting north bay,https://www.uniqueautoinc.ca/,"commercial,navigational","local_pack,people_also_ask,related_searches,images",90,0,1.86,75,0,0.37,MEDIUM,3270000,2025-12-20 16:12:48 +00:00,54.00,29.00,34.00,33.00,44.00,210.50,37.70,7.00,6.70,13.50,5.80,1.31,3.17
car detailing downtown toronto,https://www.uniqueautoinc.ca/automotive-detailing-toronto/,"commercial,navigational","local_pack,people_also_ask,related_searches,images",70,0,3.67,75,0,0.67,HIGH,6030000,2025-11-12 16:56:29 +00:00,,,,,,171.70,88.30,21.90,20.80,40.60,20.60,0.83,5.50
car detailing toronto prices,https://www.uniqueautoinc.ca/automotive-detailing-toronto/,"commercial,navigational","ai_overview,people_also_ask,people_also_search,related_searches,images",70,0,1.52,75,0,0.69,HIGH,20400000,2025-12-03 09:28:25 +00:00,,,,,,213.80,14.80,0.70,0.70,2.20,1.30,0.57,1.43
tint whitby,https://www.uniqueautoinc.ca/,"commercial,navigational","local_pack,people_also_ask,people_also_search,related_searches,images",50,0,2.46,75,0,0.91,HIGH,272000,2025-10-02 01:06:22 +00:00,54.00,29.00,34.00,33.00,44.00,205.10,25.50,13.50,13.30,21.10,11.30,0.94,2.07
detailing car toronto,https://www.uniqueautoinc.ca/automotive-detailing-toronto/,"navigational,commercial","local_pack,discussions_and_forums,people_also_search,people_also_ask,related_searches",3600,20,3.04,76,7,0.47,MEDIUM,7860000,2025-11-09 00:01:56 +00:00,,,,,,134.20,164.10,44.30,41.30,97.50,48.90,0.86,4.46
auto tinting barrie,https://www.uniqueautoinc.ca/,"navigational,commercial","local_pack,people_also_search,related_searches",590,0,2.35,76,1,0.84,HIGH,53400,2025-11-07 08:03:16 +00:00,54.00,29.00,34.00,33.00,44.00,223.20,52.90,34.60,31.80,102.60,85.10,0.77,2.40
extreme window tinting,https://www.uniqueautoinc.ca/,"navigational,commercial","local_pack,people_also_ask,popular_products,related_searches,images",210,0,2.91,76,0,0.24,LOW,1340000,2025-11-25 06:28:48 +00:00,54.00,29.00,34.00,33.00,44.00,531.50,6.00,7.20,7.00,7.60,5.30,0.79,2.20
one auto studio,https://www.uniqueautoinc.ca/,"navigational,commercial","people_also_ask,related_searches,knowledge_graph,google_reviews,third_party_reviews,images",70,0,4.90,76,0,0.04,LOW,950000000,2025-12-02 04:33:32 +00:00,54.00,29.00,34.00,33.00,44.00,791.50,8.50,0.60,0.40,0.60,0.40,0.71,2.52
window tints essex,https://www.uniqueautoinc.ca/,"commercial,navigational","local_pack,people_also_ask,related_searches,images",70,7,1.68,76,0,0.42,MEDIUM,83600,2025-12-04 07:26:16 +00:00,54.00,29.00,34.00,33.00,44.00,517.60,87.90,12.80,11.80,8509.80,4287.90,,
paint protection film on car,https://www.uniqueautoinc.ca/paint-protection-film/,"transactional,commercial","ai_overview,people_also_ask,video,discussions_and_forums,popular_products,related_searches,images",1600,18,4.02,77,3,0.43,MEDIUM,29300000,2025-11-08 16:59:44 +00:00,11.00,5.00,5.00,4.00,5.00,404.30,136.00,53.30,52.10,111.20,70.20,1.11,4.12
auto paint protection,https://www.uniqueautoinc.ca/paint-protection-film/,transactional,"local_pack,people_also_ask,video,discussions_and_forums,related_searches,images",590,0,2.83,77,1,0.53,MEDIUM,114000000,2025-11-22 04:16:37 +00:00,11.00,5.00,5.00,4.00,5.00,400.00,24.00,8.90,8.80,10.10,3.30,0.96,3.73
vip car protection,https://www.uniqueautoinc.ca/paint-protection-film-toronto/,transactional,"people_also_ask,related_searches,knowledge_graph,google_reviews,images",260,1,1.11,77,0,0.16,LOW,92300000,2025-11-24 02:09:04 +00:00,,,,,,555.80,56.00,10.70,10.30,17.30,12.00,0.27,1.92
car protective coating,https://www.uniqueautoinc.ca/ceramic-coating/,"transactional,commercial","ai_overview,people_also_ask,local_pack,popular_products,related_searches,images",210,8,2.18,78,0,0.87,HIGH,21600000,2025-12-17 06:43:49 +00:00,10.00,5.00,4.00,4.00,5.00,357.30,111.80,82.60,81.00,1018.60,886.60,0.73,3.59
window tinting burlington,https://www.uniqueautoinc.ca/,"commercial,navigational","local_pack,people_also_ask,related_searches,images",170,7,4.51,78,0,0.90,HIGH,624000,2025-12-17 09:15:12 +00:00,54.00,29.00,34.00,33.00,44.00,182.90,126.20,10.80,10.40,2140.60,1065.60,1.39,5.59
electric car window tint,https://www.uniqueautoinc.ca/window-tinting/,transactional,"video,popular_products,people_also_ask,discussions_and_forums,related_searches,images",90,0,0.47,78,0,0.99,HIGH,15300000,2025-12-02 21:25:08 +00:00,11.00,3.00,3.00,3.00,3.00,501.10,35.30,12.40,12.00,20.90,13.30,0.25,1.40
window tint percentage chart,https://www.uniqueautoinc.ca/how-much-should-you-tint-car-windows/,"informational,commercial","ai_overview,images,people_also_ask,related_searches",70,0,0.50,78,0,0.16,LOW,672000,2025-11-12 21:01:44 +00:00,,,,,,342.80,13.70,0.30,0.30,0.30,0.10,,
window tint percentages chart,https://www.uniqueautoinc.ca/how-much-should-you-tint-car-windows/,informational,"images,people_also_ask,video,related_searches",70,0,0.50,78,0,0.16,LOW,926000,2025-12-01 14:30:16 +00:00,,,,,,383.10,24.90,1.80,1.80,3.00,0.80,,
window tinting by tint specialist inc,https://www.uniqueautoinc.ca/,"navigational,commercial","people_also_ask,third_party_reviews,google_reviews,knowledge_graph,images",70,0,,78,0,0.03,LOW,190000,2025-12-04 07:26:22 +00:00,54.00,29.00,34.00,33.00,44.00,804.70,1.50,0.20,0.20,0.20,0.20,,
auto tint barrie,https://www.uniqueautoinc.ca/,"commercial,navigational","local_pack,people_also_ask,video,people_also_search,related_searches,images",590,0,1.91,79,1,0.74,HIGH,159000,2025-11-01 01:07:52 +00:00,54.00,29.00,34.00,33.00,44.00,262.60,29.20,14.30,13.90,16.10,11.00,0.68,2.48
car care toronto,https://www.uniqueautoinc.ca/automotive-detailing-toronto/,"navigational,commercial","local_pack,people_also_ask,related_searches",320,0,,79,0,0.13,LOW,258000000,2025-11-29 11:17:07 +00:00,,,,,,182.30,64.10,19.70,18.40,37.90,19.50,,
3m near me,https://www.uniqueautoinc.ca/where-to-buy-3m-ceramic-coating/,"navigational,transactional","local_pack,people_also_search,people_also_ask,popular_products,related_searches",210,8,0.91,79,0,0.12,LOW,80500000,2025-11-06 13:03:38 +00:00,,,,,,412.30,107.10,35.70,32.90,607.70,585.40,1.19,3.08
tint percentage chart,https://www.uniqueautoinc.ca/how-much-should-you-tint-car-windows/,informational,"images,people_also_ask,related_searches",140,0,0.23,79,0,0.13,LOW,3320000,2025-12-19 10:03:46 +00:00,,,,,,259.30,37.30,2.30,2.30,4.00,2.90,,
elegant window tinting,https://www.uniqueautoinc.ca/,"navigational,transactional,commercial","local_pack,people_also_ask,popular_products,related_searches,images",320,0,3.13,80,0,0.07,LOW,875000,2025-11-11 19:26:48 +00:00,54.00,29.00,34.00,33.00,44.00,438.10,21.80,9.60,9.30,11.60,7.10,1.23,3.22
unique touch repair,https://www.uniqueautoinc.ca/,"transactional,navigational","people_also_ask,related_searches,knowledge_graph,google_reviews,third_party_reviews,images",260,0,10.69,80,0,0.05,LOW,145000000,2025-11-24 02:24:46 +00:00,54.00,29.00,34.00,33.00,44.00,,,,,,,,
auto window tinting how to,https://www.uniqueautoinc.ca/car-window-tinting-how-what-and-why/,"informational,navigational","ai_overview,video,people_also_ask,carousel,discussions_and_forums,images,related_searches",390,0,2.28,81,0,0.38,MEDIUM,13900000,2025-11-22 22:32:01 +00:00,,,,,,382.40,65.70,12.90,12.10,30.60,21.40,0.31,2.76
tinting car windows hamilton,https://www.uniqueautoinc.ca/ceramic-coating-hamilton-ontario/,"commercial,transactional","local_pack,people_also_ask,related_searches",70,0,1.93,81,0,0.76,HIGH,1090000,2025-11-09 19:28:23 +00:00,,,,,,187.20,92.10,23.00,20.80,66.40,53.10,0.94,2.46
darkside window tinting,https://www.uniqueautoinc.ca/window-tinting-toronto/,"navigational,commercial","local_pack,video,people_also_ask,related_searches,images",170,0,,82,0,0.05,LOW,17300,2025-11-26 09:08:31 +00:00,,,,,,407.60,45.40,15.80,15.30,18.10,12.70,,
car rims cleaning,https://www.uniqueautoinc.ca/how-to-detail-tire-rim-and-wheel/,"transactional,commercial","ai_overview,video,discussions_and_forums,people_also_ask,short_videos,local_pack,related_searches,images",140,0,0.33,82,0,0.83,HIGH,18300000,2025-09-27 19:23:01 +00:00,,,,,,484.30,24.20,1.30,1.20,16.10,14.90,0.15,0.81
whitby window tinting,https://www.uniqueautoinc.ca/,"commercial,navigational","local_pack,people_also_ask,people_also_search,related_searches",140,0,2.02,82,0,0.85,HIGH,260000,2025-12-19 09:23:03 +00:00,54.00,29.00,34.00,33.00,44.00,277.80,19.60,7.30,7.30,14.70,5.40,0.83,1.97
window tinting orangeville,https://www.uniqueautoinc.ca/,"commercial,navigational","local_pack,people_also_ask,related_searches,images",90,0,2.01,82,0,0.46,MEDIUM,36800,2025-12-20 16:11:42 +00:00,54.00,29.00,34.00,33.00,44.00,342.00,10.90,8.90,8.90,10.00,7.30,0.84,2.33
tint scale,https://www.uniqueautoinc.ca/how-much-should-you-tint-car-windows/,"transactional,commercial","images,people_also_ask,video,popular_products,related_searches",50,0,0.15,82,0,0.11,LOW,25600000,2025-10-26 14:32:49 +00:00,,,,,,319.60,46.00,1.20,1.20,1.50,1.00,,
car tint etobicoke,https://www.uniqueautoinc.ca/window-tinting-toronto/,commercial,"local_pack,people_also_ask,people_also_search,related_searches",210,0,2.89,83,0,0.08,LOW,69600,2025-11-29 21:20:34 +00:00,,,,,,228.40,59.20,42.80,41.20,81.80,57.70,0.80,3.32
custom tints,https://www.uniqueautoinc.ca/window-tinting-brampton/,"navigational,commercial","people_also_ask,related_searches,google_reviews,knowledge_graph,images",210,0,0.92,83,0,0.11,LOW,7490000,2025-12-13 20:06:54 +00:00,,,,,,504.00,11.30,0.10,0.10,0.10,0.10,0.81,1.88
window tinting newmarket,https://www.uniqueautoinc.ca/,"commercial,navigational","local_pack,people_also_ask,people_also_search,related_searches,images",210,0,2.52,83,0,0.81,HIGH,175000,2025-12-16 23:40:41 +00:00,54.00,29.00,34.00,33.00,44.00,208.60,27.00,4.40,4.30,6.40,2.30,1.00,3.06
window tinting chatham ontario,https://www.uniqueautoinc.ca/,"commercial,navigational","local_pack,people_also_ask,related_searches",110,0,1.75,83,0,0.46,MEDIUM,86300,2025-12-19 17:11:06 +00:00,54.00,29.00,34.00,33.00,44.00,355.00,15.80,1.90,1.70,2.30,1.20,0.94,1.71
tint levels on cars,https://www.uniqueautoinc.ca/how-much-should-you-tint-car-windows/,"commercial,informational,navigational","ai_overview,images,people_also_ask,video,related_searches",70,0,0.27,83,0,0.31,LOW,3270000,2025-12-01 18:28:42 +00:00,,,,,,274.20,22.60,2.50,2.50,7.50,4.30,,
tints and tunes,https://www.uniqueautoinc.ca/,"navigational,commercial","people_also_ask,related_searches,images",50,0,3.66,83,0,0.10,LOW,309000,2025-11-16 09:45:59 +00:00,54.00,29.00,34.00,33.00,44.00,700.80,12.20,5.50,5.20,6.80,4.20,0.94,1.94
exquisite auto spa,https://www.uniqueautoinc.ca/,"navigational,transactional","local_pack,related_searches,images",390,0,1.77,85,0,0.06,LOW,4280000,2025-11-22 16:10:42 +00:00,54.00,29.00,34.00,33.00,44.00,571.10,38.30,8.60,8.30,14.50,7.60,0.83,2.09
toronto car care,https://www.uniqueautoinc.ca/automotive-detailing-toronto/,"navigational,commercial","local_pack,people_also_ask,related_searches",320,0,1.92,85,0,0.50,MEDIUM,109000000,2025-11-23 14:06:28 +00:00,,,,,,239.10,76.60,27.30,26.20,802.50,788.20,,
car tinting newmarket,https://www.uniqueautoinc.ca/,"commercial,navigational","local_pack,people_also_ask,people_also_search,related_searches,images",210,0,2.52,85,0,0.81,HIGH,63500,2025-12-17 06:42:56 +00:00,54.00,29.00,34.00,33.00,44.00,271.10,29.50,4.30,4.20,6.50,2.50,1.00,3.06
window tint north bay,https://www.uniqueautoinc.ca/,"commercial,navigational","local_pack,people_also_ask,popular_products,related_searches,images",90,0,1.86,85,0,0.37,MEDIUM,2730000,2025-12-20 16:12:19 +00:00,54.00,29.00,34.00,33.00,44.00,269.90,21.60,6.20,6.10,8.30,4.20,1.31,3.17
window tint cornwall,https://www.uniqueautoinc.ca/,"commercial,navigational","local_pack,people_also_ask,related_searches,images",70,0,0.08,85,0,0.22,LOW,297000,2025-12-01 14:30:16 +00:00,54.00,29.00,34.00,33.00,44.00,443.60,8.00,0.30,0.30,0.50,0.20,,
window tint barrie,https://www.uniqueautoinc.ca/,"commercial,navigational","local_pack,people_also_ask,related_searches,images",590,0,2.35,86,1,0.84,HIGH,216000,2025-11-20 15:00:19 +00:00,54.00,29.00,34.00,33.00,44.00,288.90,29.20,14.30,13.90,16.10,11.00,0.77,2.40
window tinting kingston ontario,https://www.uniqueautoinc.ca/,"commercial,navigational","local_pack,people_also_ask,related_searches",140,0,2.37,86,0,0.73,HIGH,130000,2025-11-26 16:35:04 +00:00,54.00,29.00,34.00,33.00,44.00,340.90,53.50,11.10,10.70,13.60,10.10,1.02,4.76
paint car toronto,https://www.uniqueautoinc.ca/automotive-detailing-toronto/,"commercial,navigational","ai_overview,people_also_ask,discussions_and_forums,local_pack,people_also_search,related_searches",110,0,1.78,86,0,0.69,HIGH,21600000,2025-11-07 23:55:34 +00:00,,,,,,348.30,46.90,15.30,12.00,22.70,18.60,0.77,2.97
window tint woodstock,https://www.uniqueautoinc.ca/,"commercial,navigational","local_pack,people_also_ask,related_searches,images",90,0,1.78,86,0,0.67,HIGH,211000,2025-12-20 16:13:02 +00:00,54.00,29.00,34.00,33.00,44.00,239.60,29.50,27.40,27.00,43.30,36.20,0.68,3.74
window tinting durham,https://www.uniqueautoinc.ca/window-tinting-markham/,"commercial,navigational","people_also_ask,people_also_search,related_searches,google_reviews,knowledge_graph",50,2,4.38,86,0,0.35,MEDIUM,565000,2025-10-24 18:11:06 +00:00,,,,,,233.30,97.80,24.70,24.00,46.90,22.80,1.21,2.79
vision window tint,https://www.uniqueautoinc.ca/window-tinting/,"transactional,navigational","local_pack,people_also_ask,popular_products,related_searches,images",50,0,,87,0,0.09,LOW,11700000,2025-10-25 15:48:36 +00:00,11.00,3.00,3.00,3.00,3.00,499.60,24.00,8.00,8.00,9.90,1.60,,
toronto car cleaning,https://www.uniqueautoinc.ca/automotive-detailing-toronto/,"commercial,navigational","local_pack,discussions_and_forums,people_also_ask,related_searches",1300,10,1.00,88,2,0.41,MEDIUM,25500000,2025-11-02 10:09:39 +00:00,,,,,,136.40,145.40,37.50,35.30,74.90,46.10,0.43,1.50
peterborough window tint,https://www.uniqueautoinc.ca/,"commercial,navigational","local_pack,people_also_ask,popular_products,related_searches,images",210,0,1.48,88,0,0.56,MEDIUM,157000,2025-11-01 18:56:38 +00:00,54.00,29.00,34.00,33.00,44.00,441.50,28.50,1.30,1.30,1.70,1.30,0.84,2.21
automotive paint protection near me,https://www.uniqueautoinc.ca/,"transactional,navigational","local_pack,people_also_ask,related_searches",170,5,2.75,88,0,0.46,MEDIUM,152000000,2025-09-27 01:32:34 +00:00,54.00,29.00,34.00,33.00,44.00,301.50,104.00,41.20,40.30,118.10,83.00,1.28,4.87
north bay window tinting,https://www.uniqueautoinc.ca/,"commercial,navigational","local_pack,people_also_ask,related_searches,images",90,0,1.86,88,0,0.37,MEDIUM,1110000,2025-11-29 01:56:01 +00:00,54.00,29.00,34.00,33.00,44.00,193.10,28.90,17.70,17.10,22.70,12.50,1.31,3.17
tinted windows percentage chart,https://www.uniqueautoinc.ca/how-much-should-you-tint-car-windows/,informational,"images,people_also_ask,ai_overview,related_searches",70,0,0.50,88,0,0.16,LOW,790000,2025-11-13 01:30:16 +00:00,,,,,,320.20,27.30,2.00,2.00,3.20,0.80,,
window tinting vaughan,https://www.uniqueautoinc.ca/window-tinting-toronto/,"commercial,navigational","local_pack,people_also_ask,related_searches,images",320,0,2.65,89,0,0.58,MEDIUM,103000,2025-11-21 13:02:54 +00:00,,,,,,151.70,87.80,43.70,42.00,85.00,61.60,0.89,2.88
window tinting hawkesbury,https://www.uniqueautoinc.ca/,"commercial,navigational","local_pack,people_also_ask,related_searches",50,0,,89,0,0.33,MEDIUM,57800,2025-11-03 01:01:41 +00:00,54.00,29.00,34.00,33.00,44.00,,,,,,,,
tinting car windows montreal,https://www.uniqueautoinc.ca/,commercial,"local_pack,people_also_ask,people_also_search,related_searches",110,5,8.51,90,0,0.17,LOW,59100,2025-10-18 13:04:43 +00:00,54.00,29.00,34.00,33.00,44.00,222.90,114.20,16.90,16.30,593.50,582.50,1.23,3.94
window tinting chatham kent,https://www.uniqueautoinc.ca/,"commercial,navigational","local_pack,people_also_ask,related_searches",110,0,1.75,90,0,0.46,MEDIUM,103000,2025-11-09 06:48:28 +00:00,54.00,29.00,34.00,33.00,44.00,295.70,29.40,7.30,6.90,14.20,5.40,0.94,1.71
ceramic coating for cars,https://www.uniqueautoinc.ca/benefits-of-ceramic-coating-for-cars/,"commercial,transactional","ai_overview,people_also_ask,video,popular_products,images,related_searches",2900,6,2.26,91,6,0.99,HIGH,58900000,2025-12-09 23:28:57 +00:00,,,,,,483.70,87.10,18.20,17.70,26.00,21.00,0.58,2.97
rust proofing scarborough ontario,https://www.uniqueautoinc.ca/,"commercial,informational","local_pack,people_also_ask,related_searches,images",90,0,1.04,91,0,0.61,MEDIUM,115000,2025-11-13 21:54:07 +00:00,54.00,29.00,34.00,33.00,44.00,181.00,40.10,11.70,11.30,16.90,9.20,0.45,1.57
windsor tinting,https://www.uniqueautoinc.ca/,"navigational,commercial","local_pack,related_searches",90,2,3.48,91,0,0.79,HIGH,1760000,2025-11-07 17:35:19 +00:00,54.00,29.00,34.00,33.00,44.00,215.00,81.00,30.70,30.10,46.30,33.20,1.24,2.65
extreme car cleaning,https://www.uniqueautoinc.ca/automotive-detailing-toronto/,"navigational,commercial","people_also_ask,related_searches,knowledge_graph,google_reviews,third_party_reviews",170,4,2.14,92,0,0.38,MEDIUM,71200000,2025-10-17 20:53:09 +00:00,,,,,,689.80,56.70,3.20,3.10,19.00,9.40,1.05,3.28
detailing toronto,https://www.uniqueautoinc.ca/automotive-detailing-toronto/,"navigational,commercial","local_pack,people_also_ask,related_searches",3600,8,3.04,93,7,0.47,MEDIUM,329000000,2025-10-08 06:13:54 +00:00,,,,,,102.00,133.10,41.10,38.20,89.00,42.90,0.86,4.46
auto tint halifax,https://www.uniqueautoinc.ca/,"navigational,commercial","local_pack,people_also_ask,people_also_search,related_searches,images",260,0,2.25,95,0,0.49,MEDIUM,297000,2025-11-04 01:43:51 +00:00,54.00,29.00,34.00,33.00,44.00,489.90,16.30,6.10,5.80,10.60,9.00,1.00,6.15
tinting garage door windows,https://www.uniqueautoinc.ca/window-tinting-brampton/,commercial,"ai_overview,video,discussions_and_forums,popular_products,related_searches,images",50,0,0.50,95,0,1.00,HIGH,1580000,2025-10-26 14:22:03 +00:00,,,,,,411.90,34.20,0.80,0.70,1.00,0.80,0.29,1.43
tinting st catharines,https://www.uniqueautoinc.ca/,"commercial,navigational","local_pack,people_also_ask,related_searches,images",50,0,2.03,95,0,0.48,MEDIUM,193000,2025-10-02 01:06:16 +00:00,54.00,29.00,34.00,33.00,44.00,219.90,19.60,16.00,15.50,17.50,11.60,1.20,2.76
tint chart,https://www.uniqueautoinc.ca/how-much-should-you-tint-car-windows/,"navigational,informational,commercial","images,people_also_ask,video,related_searches",70,0,0.16,96,0,0.07,LOW,31200000,2025-11-13 01:24:20 +00:00,,,,,,250.30,10.70,0.10,0.10,0.10,0.10,,
absolute tint,https://www.uniqueautoinc.ca/window-tinting-brampton/,"commercial,transactional","people_also_ask,related_searches,knowledge_graph,google_reviews,third_party_reviews,images",90,0,3.78,97,0,0.24,LOW,12000000,2025-11-12 18:16:19 +00:00,,,,,,553.60,46.90,6.00,5.90,16.50,10.80,0.81,1.98
car tint vaughan,https://www.uniqueautoinc.ca/,commercial,"local_pack,people_also_ask,related_searches",320,3,2.65,99,0,0.58,MEDIUM,231000,2025-11-23 23:58:42 +00:00,54.00,29.00,34.00,33.00,44.00,175.40,101.30,44.40,42.70,86.40,62.10,0.89,2.88
